HIERARCHY
ROOT Root
{
  OFFSET 0.0 0.0 0.0
  CHANNELS 6 Xposition Yposition Zposition Zrotation Yrotation Xrotation
  JOINT Hips
  {
    OFFSET 0.0 100.0 0.0
    CHANNELS 6 Xposition Yposition Zposition Zrotation Yrotation Xrotation
    JOINT Spine1
    {
      OFFSET 5.003913 -0.037094 -0.013727
      CHANNELS 3 Zrotation Yrotation Xrotation
      JOINT Spine2
      {
        OFFSET 7.125363 -1e-06 0.0
        CHANNELS 3 Zrotation Yrotation Xrotation
        JOINT Chest
        {
          OFFSET 7.594027 1e-06 0.0
          CHANNELS 3 Zrotation Yrotation Xrotation
          JOINT Neck1
          {
            OFFSET 26.313086 -0.460272 -0.181672
            CHANNELS 3 Zrotation Yrotation Xrotation
            JOINT Neck2
            {
              OFFSET 8.045911 0.0 0.0
              CHANNELS 3 Zrotation Yrotation Xrotation
              JOINT Head
              {
                OFFSET 6.432774 0.0 0.0
                CHANNELS 3 Zrotation Yrotation Xrotation
                JOINT HeadEnd
                {
                  OFFSET 16.169773 0.06451 0.00362
                  CHANNELS 3 Zrotation Yrotation Xrotation
                }
                JOINT Jaw
                {
                  OFFSET 0.108741 3.12938 0.002639
                  CHANNELS 3 Zrotation Yrotation Xrotation
                }
                JOINT LeftEye
                {
                  OFFSET 4.45173 8.166359 3.206392
                  CHANNELS 3 Zrotation Yrotation Xrotation
                }
                JOINT RightEye
                {
                  OFFSET 4.436895 8.135758 -3.222429
                  CHANNELS 3 Zrotation Yrotation Xrotation
                }
              }
            }
          }
          JOINT LeftShoulder
          {
            OFFSET 23.218927 5.195579 1.621656
            CHANNELS 3 Zrotation Yrotation Xrotation
            JOINT LeftArm
            {
              OFFSET 15.902118 2e-06 -2e-06
              CHANNELS 3 Zrotation Yrotation Xrotation
              JOINT LeftForeArm
              {
                OFFSET 28.739307 0.0 -1e-06
                CHANNELS 3 Zrotation Yrotation Xrotation
                JOINT LeftHand
                {
                  OFFSET 27.093981 -4e-06 0.0
                  CHANNELS 3 Zrotation Yrotation Xrotation
                  JOINT LeftHandThumb1
                  {
                    OFFSET 2.276781 3.380274 0.83384
                    CHANNELS 3 Zrotation Yrotation Xrotation
                    JOINT LeftHandThumb2
                    {
                      OFFSET 4.705309 -1e-06 -1e-06
                      CHANNELS 3 Zrotation Yrotation Xrotation
                      JOINT LeftHandThumb3
                      {
                        OFFSET 2.798515 0.0 3e-06
                        CHANNELS 3 Zrotation Yrotation Xrotation
                        JOINT LeftHandThumbEnd
                        {
                          OFFSET 3.180793 4e-06 -4e-06
                          CHANNELS 3 Zrotation Yrotation Xrotation
                        }
                      }
                    }
                  }
                  JOINT LeftHandIndex1
                  {
                    OFFSET 3.247786 2.352677 0.137192
                    CHANNELS 3 Zrotation Yrotation Xrotation
                    JOINT LeftHandIndex2
                    {
                      OFFSET 6.367095 1e-06 0.0
                      CHANNELS 3 Zrotation Yrotation Xrotation
                      JOINT LeftHandIndex3
                      {
                        OFFSET 3.662364 0.0 0.0
                        CHANNELS 3 Zrotation Yrotation Xrotation
                        JOINT LeftHandIndex4
                        {
                          OFFSET 2.329242 4e-06 -4e-06
                          CHANNELS 3 Zrotation Yrotation Xrotation
                          JOINT LeftHandIndexEnd
                          {
                            OFFSET 2.767823 1e-06 0.0
                            CHANNELS 3 Zrotation Yrotation Xrotation
                          }
                        }
                      }
                    }
                  }
                  JOINT LeftHandMiddle1
                  {
                    OFFSET 3.163612 0.945023 -0.406112
                    CHANNELS 3 Zrotation Yrotation Xrotation
                    JOINT LeftHandMiddle2
                    {
                      OFFSET 6.276789 3e-06 0.0
                      CHANNELS 3 Zrotation Yrotation Xrotation
                      JOINT LeftHandMiddle3
                      {
                        OFFSET 4.35652 -1e-06 4e-06
                        CHANNELS 3 Zrotation Yrotation Xrotation
                        JOINT LeftHandMiddle4
                        {
                          OFFSET 2.996877 0.0 8e-06
                          CHANNELS 3 Zrotation Yrotation Xrotation
                          JOINT LeftHandMiddleEnd
                          {
                            OFFSET 2.323256 3e-06 -4e-06
                            CHANNELS 3 Zrotation Yrotation Xrotation
                          }
                        }
                      }
                    }
                  }
                  JOINT LeftHandRing1
                  {
                    OFFSET 2.882606 -0.309162 0.107445
                    CHANNELS 3 Zrotation Yrotation Xrotation
                    JOINT LeftHandRing2
                    {
                      OFFSET 6.033198 0.0 4e-06
                      CHANNELS 3 Zrotation Yrotation Xrotation
                      JOINT LeftHandRing3
                      {
                        OFFSET 4.350578 3e-06 0.0
                        CHANNELS 3 Zrotation Yrotation Xrotation
                        JOINT LeftHandRing4
                        {
                          OFFSET 2.651321 2e-06 -7e-06
                          CHANNELS 3 Zrotation Yrotation Xrotation
                          JOINT LeftHandRingEnd
                          {
                            OFFSET 1.937663 1e-06 -4e-06
                            CHANNELS 3 Zrotation Yrotation Xrotation
                          }
                        }
                      }
                    }
                  }
                  JOINT LeftHandPinky1
                  {
                    OFFSET 2.865315 -1.525436 0.575687
                    CHANNELS 3 Zrotation Yrotation Xrotation
                    JOINT LeftHandPinky2
                    {
                      OFFSET 5.54936 1e-06 -8e-06
                      CHANNELS 3 Zrotation Yrotation Xrotation
                      JOINT LeftHandPinky3
                      {
                        OFFSET 3.070974 0.0 -4e-06
                        CHANNELS 3 Zrotation Yrotation Xrotation
                        JOINT LeftHandPinky4
                        {
                          OFFSET 1.549672 1e-06 0.0
                          CHANNELS 3 Zrotation Yrotation Xrotation
                          JOINT LeftHandPinkyEnd
                          {
                            OFFSET 1.952123 0.0 0.0
                            CHANNELS 3 Zrotation Yrotation Xrotation
                          }
                        }
                      }
                    }
                  }
                }
              }
            }
          }
          JOINT RightShoulder
          {
            OFFSET 23.161716 5.296122 -1.380114
            CHANNELS 3 Zrotation Yrotation Xrotation
            JOINT RightArm
            {
              OFFSET -16.027195 -2e-06 1.1e-05
              CHANNELS 3 Zrotation Yrotation Xrotation
              JOINT RightForeArm
              {
                OFFSET -28.736639 4e-06 2e-06
                CHANNELS 3 Zrotation Yrotation Xrotation
                JOINT RightHand
                {
                  OFFSET -27.133619 6e-06 0.0
                  CHANNELS 3 Zrotation Yrotation Xrotation
                  JOINT RightHandThumb1
                  {
                    OFFSET -2.274328 -3.351035 -0.83067
                    CHANNELS 3 Zrotation Yrotation Xrotation
                    JOINT RightHandThumb2
                    {
                      OFFSET -4.703594 -3e-06 2e-06
                      CHANNELS 3 Zrotation Yrotation Xrotation
                      JOINT RightHandThumb3
                      {
                        OFFSET -2.794935 -4e-06 -3e-06
                        CHANNELS 3 Zrotation Yrotation Xrotation
                        JOINT RightHandThumbEnd
                        {
                          OFFSET -3.183852 4e-06 1e-06
                          CHANNELS 3 Zrotation Yrotation Xrotation
                        }
                      }
                    }
                  }
                  JOINT RightHandIndex1
                  {
                    OFFSET -3.253496 -2.33755 -0.127667
                    CHANNELS 3 Zrotation Yrotation Xrotation
                    JOINT RightHandIndex2
                    {
                      OFFSET -6.344434 0.0 0.0
                      CHANNELS 3 Zrotation Yrotation Xrotation
                      JOINT RightHandIndex3
                      {
                        OFFSET -3.654871 0.0 -8e-06
                        CHANNELS 3 Zrotation Yrotation Xrotation
                        JOINT RightHandIndex4
                        {
                          OFFSET -2.327586 -1e-06 0.0
                          CHANNELS 3 Zrotation Yrotation Xrotation
                          JOINT RightHandIndexEnd
                          {
                            OFFSET -2.770001 3e-06 8e-06
                            CHANNELS 3 Zrotation Yrotation Xrotation
                          }
                        }
                      }
                    }
                  }
                  JOINT RightHandMiddle1
                  {
                    OFFSET -3.168223 -0.944764 0.411762
                    CHANNELS 3 Zrotation Yrotation Xrotation
                    JOINT RightHandMiddle2
                    {
                      OFFSET -6.266691 -1e-06 -4e-06
                      CHANNELS 3 Zrotation Yrotation Xrotation
                      JOINT RightHandMiddle3
                      {
                        OFFSET -4.348901 0.0 0.0
                        CHANNELS 3 Zrotation Yrotation Xrotation
                        JOINT RightHandMiddle4
                        {
                          OFFSET -3.00024 2e-06 -4e-06
                          CHANNELS 3 Zrotation Yrotation Xrotation
                          JOINT RightHandMiddleEnd
                          {
                            OFFSET -2.321477 -4e-06 -4e-06
                            CHANNELS 3 Zrotation Yrotation Xrotation
                          }
                        }
                      }
                    }
                  }
                  JOINT RightHandRing1
                  {
                    OFFSET -2.885654 0.293261 -0.119232
                    CHANNELS 3 Zrotation Yrotation Xrotation
                    JOINT RightHandRing2
                    {
                      OFFSET -6.032835 -1e-06 -4e-06
                      CHANNELS 3 Zrotation Yrotation Xrotation
                      JOINT RightHandRing3
                      {
                        OFFSET -4.33881 0.0 -4e-06
                        CHANNELS 3 Zrotation Yrotation Xrotation
                        JOINT RightHandRing4
                        {
                          OFFSET -2.654903 -4e-06 -4e-06
                          CHANNELS 3 Zrotation Yrotation Xrotation
                          JOINT RightHandRingEnd
                          {
                            OFFSET -1.935122 0.0 4e-06
                            CHANNELS 3 Zrotation Yrotation Xrotation
                          }
                        }
                      }
                    }
                  }
                  JOINT RightHandPinky1
                  {
                    OFFSET -2.866241 1.503904 -0.60527
                    CHANNELS 3 Zrotation Yrotation Xrotation
                    JOINT RightHandPinky2
                    {
                      OFFSET -5.553177 -2e-06 0.0
                      CHANNELS 3 Zrotation Yrotation Xrotation
                      JOINT RightHandPinky3
                      {
                        OFFSET -3.062664 -1e-06 -4e-06
                        CHANNELS 3 Zrotation Yrotation Xrotation
                        JOINT RightHandPinky4
                        {
                          OFFSET -1.546529 2e-06 4e-06
                          CHANNELS 3 Zrotation Yrotation Xrotation
                          JOINT RightHandPinkyEnd
                          {
                            OFFSET -1.952341 0.0 -4e-06
                            CHANNELS 3 Zrotation Yrotation Xrotation
                          }
                        }
                      }
                    }
                  }
                }
              }
            }
          }
        }
      }
    }
    JOINT LeftLeg
    {
      OFFSET -8.443107 2.567604 10.043214
      CHANNELS 3 Zrotation Yrotation Xrotation
      JOINT LeftShin
      {
        OFFSET 43.229198 1e-06 -1e-06
        CHANNELS 3 Zrotation Yrotation Xrotation
        JOINT LeftFoot
        {
          OFFSET 42.298611 1e-06 1e-06
          CHANNELS 3 Zrotation Yrotation Xrotation
          JOINT LeftToeBase
          {
            OFFSET 14.165858 1e-06 0.0
            CHANNELS 3 Zrotation Yrotation Xrotation
            JOINT LeftToeEnd
            {
              OFFSET 6.7141 -0.234461 0.0
              CHANNELS 3 Zrotation Yrotation Xrotation
            }
          }
        }
      }
    }
    JOINT RightLeg
    {
      OFFSET -8.303923 2.592729 -10.047278
      CHANNELS 3 Zrotation Yrotation Xrotation
      JOINT RightShin
      {
        OFFSET -43.369682 0.0 1e-06
        CHANNELS 3 Zrotation Yrotation Xrotation
        JOINT RightFoot
        {
          OFFSET -42.260784 4e-06 2e-06
          CHANNELS 3 Zrotation Yrotation Xrotation
          JOINT RightToeBase
          {
            OFFSET -14.222245 -2e-06 -1e-06
            CHANNELS 3 Zrotation Yrotation Xrotation
            JOINT RightToeEnd
            {
              OFFSET -6.660062 0.232574 -2e-06
              CHANNELS 3 Zrotation Yrotation Xrotation
            }
          }
        }
      }
    }
  }
}
MOTION
Frames: 180
Frame Time: 0.03333333333333333
0.0 0.0 0.0 0.0 -0.0 0.0 0.66165 99.830246 -4.413357 89.885376 4.223226 90.06813 0.7253 1.172258 -0.124609 -10.699852 -0.023687 -0.444446 16.107491 -0.069565 -2.097767 25.074844 -7.207206 2.688607 -2.680504 -0.333208 1.149615 -32.149979 3.549639 -1.189599 0.000125 0.000113 -2.1e-05 -0.003315 0.002646 0.110281 0.057959 -0.016218 0.082719 0.055368 0.015141 0.140362 -117.506371 -70.290581 134.683624 36.713863 -59.261837 13.240454 25.772667 0.28725 -0.112039 -0.56894 9.772277 11.314086 17.688055 -26.393284 52.546844 -19.482342 -14.390758 29.477262 0.005436 -8.775537 -0.005092 16.048828 -17.992722 6.157315 -0.607589 -1.8005 -3.91574 -4.812915 -11.059232 -2.93983 0.007261 -21.005011 0.000455 -5.007782 -25.072289 -4.047985 -0.004966 0.007781 0.001869 -10.639778 -5.695714 -3.585412 10.581658 -17.937992 -3.144644 -0.005959 -13.833246 0.024278 -0.497612 -31.217728 -4.048175 -11.824088 -60.003063 7.693099 -13.99531 -7.160084 -2.906561 13.784857 -8.410747 -3.221709 0.339025 -34.253532 0.775729 -0.979371 -17.773462 2.647858 -0.006294 0.0 0.008394 -17.35755 -20.135895 -4.241672 21.779961 -1.638778 3.885604 -0.003686 -6.349293 -0.009144 -1.704525 -22.634588 -6.199159 -0.001204 0.000263 0.004455 76.210449 -80.268936 119.676544 33.48848 -68.918152 -2.609881 24.652231 0.067371 0.077956 -4.721741 -2.677914 11.394043 22.184959 -20.450457 50.02726 -16.699011 -16.741823 28.508045 -0.003856 -12.681067 0.020612 15.762511 -17.908623 2.996275 -0.103993 -1.518341 -4.297736 -5.038716 -5.616776 -2.955001 0.004174 -11.038642 0.002411 -6.09779 -15.928697 -3.833917 0.006291 0.003154 0.001247 -10.280357 -5.686701 -4.364977 11.021322 -11.310517 -2.374117 -1.381829 -14.242451 -6.32768 -0.632413 -26.943949 -3.832785 -4.556743 -49.998875 -3.584331 -13.704957 -7.371513 -3.736955 18.14292 -14.076404 -3.263037 -0.001296 -18.832806 0.004096 -0.449942 -8.461582 2.589222 0.006588 -0.008531 -0.0 -15.910748 -20.115273 -5.489576 30.403027 -7.188919 1.721103 -0.010339 -8.162939 -0.00213 -1.857355 -22.88673 -6.177476 0.007728 -0.018107 -1e-06 -177.184814 -1.162108 -7.136271 13.910674 -0.068869 0.231197 -81.448029 -4.755841 -5.322586 -5.516304 1.552251 2.121055 -1.004441 0.000385 -0.00056 6.277263 -5.983466 -1.525897 5.779194 -0.038048 0.37618 -76.946129 0.481311 -6.909222 -5.387866 0.62179 1.652699 -1.000837 0.001329 0.000261 
0.0 0.0 0.0 0.0 -0.0 0.0 0.621894 99.848053 -4.43464 89.887787 4.245955 89.96701 0.720245 1.15054 -0.128435 -10.691477 0.005766 -0.406026 16.074669 -0.093945 -2.145766 25.082071 -7.165044 2.674125 -2.676355 -0.385256 1.222279 -32.070347 3.509856 -1.151285 9e-06 -0.000137 -0.0 -0.000204 0.008998 0.127487 0.056063 -0.014869 0.105526 0.047881 0.026965 0.152829 -117.532227 -70.149323 134.747055 36.666214 -59.110836 13.30511 25.885015 0.196914 -0.171392 -0.510936 9.741394 11.735275 17.660381 -26.433609 52.682674 -19.466883 -14.419446 29.46937 0.003027 -8.778669 0.01937 16.006899 -18.009209 6.144146 -0.60557 -1.798811 -3.892828 -4.818017 -11.057656 -2.966699 -0.005353 -20.994175 0.000668 -5.02654 -25.061144 -4.043915 0.0 -0.0 0.0 -10.646255 -5.705866 -3.578442 10.583253 -17.936989 -3.116199 -0.005853 -13.842257 0.001006 -0.498606 -31.204659 -4.041866 -11.908406 -59.988861 7.808045 -13.998229 -7.1751 -2.892862 13.782572 -8.398165 -3.237647 0.323035 -34.249844 0.810427 -0.967805 -17.757759 2.62218 -0.019125 0.015911 0.020336 -17.369589 -20.138086 -4.239301 21.77146 -1.627198 3.877064 -0.00523 -6.338807 0.003238 -1.692008 -22.605856 -6.22052 -5.5e-05 0.004358 -0.006699 76.307243 -80.281326 119.528679 33.358749 -69.016098 -2.405864 24.772892 0.171421 0.115032 -4.710189 -2.66798 11.083181 22.195864 -20.479843 50.13744 -16.732071 -16.77705 28.566711 -0.001878 -12.703358 -0.000814 15.822122 -17.916155 2.976607 -0.107546 -1.519376 -4.278781 -5.044116 -5.621302 -2.969518 0.000635 -11.043246 0.003035 -6.119404 -15.933252 -3.82629 0.004151 -0.006256 -0.004247 -10.301112 -5.691881 -4.338082 11.046713 -11.318003 -2.380973 -1.385014 -14.266433 -6.32924 -0.637846 -26.933571 -3.842183 -4.46389 -49.981804 -3.660153 -13.72215 -7.375626 -3.718637 18.153208 -14.074281 -3.260715 0.00442 -18.833696 0.005851 -0.44211 -8.466393 2.572215 0.002648 -0.008907 -0.0 -15.947025 -20.130156 -5.489192 30.458359 -7.20887 1.730569 -0.006466 -8.178095 0.005978 -1.866287 -22.907003 -6.15896 0.002101 0.000187 0.007862 -177.037109 -1.159146 -7.127723 13.659079 -0.066571 0.221146 -81.276413 -4.829888 -5.27188 -5.584505 1.550105 2.112232 -1.003787 0.003058 0.000585 6.342383 -5.965304 -1.503456 5.684364 -0.037949 0.334462 -76.943855 0.557318 -6.884648 -5.510567 0.624278 1.65157 -0.997348 0.000704 -2.4e-05 
0.0 0.0 0.0 0.0 -0.0 0.0 0.5895 99.856209 -4.422094 89.888237 4.278475 89.896248 0.706886 1.138741 -0.127577 -10.706199 0.007714 -0.399269 16.066498 -0.114636 -2.157659 25.107594 -7.123513 2.673072 -2.664424 -0.412379 1.280494 -32.022404 3.509782 -1.089454 2e-06 6.7e-05 -0.000902 0.006673 0.010897 0.120991 0.047598 -0.024395 0.096259 0.038725 0.039153 0.147348 -117.111382 -69.954147 134.338669 36.533989 -59.008656 13.34685 26.035543 0.124083 -0.157189 -0.606941 9.719896 11.879702 17.632389 -26.329948 52.447857 -19.470594 -14.396567 29.375837 -0.009993 -8.772214 0.009275 15.996794 -17.988756 6.18155 -0.610979 -1.793782 -3.896333 -4.7949 -11.03766 -2.923462 0.009454 -20.955223 -0.007569 -5.008184 -24.990004 -4.040404 0.002739 -0.0064 -0.008097 -10.634334 -5.679468 -3.557434 10.592547 -17.92688 -3.097462 0.013178 -13.820697 -0.019593 -0.489884 -31.168762 -4.00907 -11.967749 -59.927105 8.030453 -13.977153 -7.130694 -2.852993 13.785819 -8.411221 -3.237121 0.376516 -34.206978 0.766583 -0.948867 -17.727417 2.644593 -0.001436 -0.006956 0.006858 -17.33707 -20.075111 -4.183996 21.76243 -1.644759 3.837764 -0.000569 -6.331598 0.01084 -1.696485 -22.561701 -6.179316 0.001518 0.00348 -0.003087 76.76519 -80.060394 118.598747 33.217152 -68.845474 -2.284372 24.799646 0.218875 0.10049 -4.617237 -2.66265 10.764286 22.178022 -20.410828 49.912457 -16.694147 -16.723032 28.47014 -0.011305 -12.672309 0.008373 15.801644 -17.879402 2.997235 -0.10814 -1.511771 -4.288088 -5.027794 -5.607576 -2.950116 0.013277 -11.022392 0.004249 -6.077588 -15.884311 -3.837362 0.002733 0.008131 0.00607 -10.265164 -5.670019 -4.356326 11.018898 -11.320223 -2.352748 -1.363165 -14.233924 -6.324962 -0.614424 -26.9247 -3.793194 -4.458563 -49.903126 -3.561316 -13.688348 -7.348348 -3.727639 18.133259 -14.068123 -3.235492 0.017622 -18.773109 0.00658 -0.427373 -8.477711 2.551776 -0.002063 0.007283 -0.001641 -15.884353 -20.075085 -5.482456 30.382349 -7.213099 1.733942 0.009655 -8.171114 0.002537 -1.849684 -22.853361 -6.154335 -0.002581 0.008974 -0.003815 -176.89949 -1.159224 -7.094908 13.480275 -0.068957 0.226226 -81.104095 -4.937043 -5.295938 -5.577548 1.569139 2.118431 -1.000056 -0.003387 -0.001581 6.422946 -5.946038 -1.438109 5.624888 -0.04296 0.292904 -76.90538 0.603735 -6.815597 -5.53192 0.616293 1.642676 -1.007511 0.000211 0.000207 
0.0 0.0 0.0 0.0 -0.0 0.0 0.577544 99.839447 -4.428921 89.881996 4.307819 89.801659 0.697279 1.135847 -0.142206 -10.723981 0.0142 -0.366818 16.080101 -0.131211 -2.183981 25.217653 -7.112297 2.724196 -2.67881 -0.433657 1.293036 -32.064274 3.493996 -1.037171 3e-06 6.3e-05 0.000853 0.02054 0.011112 0.112282 0.040976 -0.033512 0.086305 0.031487 0.048562 0.135371 -117.125984 -69.917564 134.39032 36.405132 -59.064922 13.524843 26.240429 0.133627 -0.174202 -0.688988 9.723916 12.140722 17.648935 -26.282455 52.361816 -19.490486 -14.393316 29.400587 0.002841 -8.780979 -0.006635 16.057487 -18.037718 6.155513 -0.605638 -1.785847 -3.899489 -4.816511 -11.05839 -2.933259 -0.013159 -20.987654 0.009817 -5.011701 -25.035185 -4.05227 -0.005337 -0.012864 0.0049 -10.649473 -5.700447 -3.564305 10.585291 -17.926744 -3.118527 0.000553 -13.834922 -0.015482 -0.539764 -31.22447 -4.022939 -11.694812 -60.115814 7.758806 -13.990385 -7.150419 -2.849046 13.776542 -8.395005 -3.23956 0.344954 -34.232708 0.765622 -0.960608 -17.719011 2.603304 0.001502 -0.013534 0.00608 -17.357086 -20.110498 -4.189746 21.758381 -1.629379 3.857337 -0.005599 -6.339798 -0.000187 -1.695904 -22.625374 -6.190616 0.010768 -0.004237 -0.008477 76.916977 -80.172089 118.617081 33.078629 -68.903526 -2.008518 24.966988 0.304577 0.096644 -4.527924 -2.686953 10.567786 22.183329 -20.376986 49.940071 -16.698269 -16.742533 28.465961 0.000139 -12.69501 0.000748 15.881604 -17.966843 2.951159 -0.105235 -1.513072 -4.270157 -5.037298 -5.612669 -2.947024 0.000368 -11.012825 0.007224 -6.100288 -15.886454 -3.845492 -0.001229 -0.0 -0.001325 -10.285114 -5.676508 -4.321874 11.029584 -11.301327 -2.3785 -1.382811 -14.22753 -6.315396 -0.622894 -26.920471 -3.804335 -4.386336 -49.919373 -3.626485 -13.710614 -7.36102 -3.710645 18.132931 -14.044769 -3.240283 0.005593 -18.799252 -0.000885 -0.423328 -8.467987 2.560809 -0.005242 0.017387 -0.000458 -15.922018 -20.094423 -5.460758 30.404755 -7.196046 1.72605 -0.005325 -8.14951 6e-05 -1.849785 -22.870543 -6.161561 -0.002187 -0.0 -0.002602 -176.939056 -1.170003 -7.082314 13.66918 -0.072298 0.225159 -81.359772 -5.034876 -5.357501 -5.559536 1.575056 2.116977 -0.993729 0.000767 0.0008 6.366444 -5.954166 -1.345195 5.781946 -0.044066 0.269456 -77.048363 0.63622 -6.811377 -5.556419 0.614548 1.636158 -0.994288 -0.000367 1.7e-05 
0.0 0.0 0.0 0.0 -0.0 0.0 0.559904 99.816841 -4.377249 89.876213 4.314248 89.705055 0.675654 1.143612 -0.13574 -10.737341 0.009265 -0.36064 16.078089 -0.142584 -2.191934 25.280972 -7.126741 2.765435 -2.699231 -0.439126 1.309662 -32.002644 3.479326 -1.014479 0.001836 6.9e-05 -0.00178 0.022341 0.011502 0.106162 0.046415 -0.038263 0.085774 0.031365 0.054828 0.137653 -117.170654 -69.887184 134.448944 36.277519 -58.990276 13.637392 26.340475 0.066293 -0.156407 -0.789346 9.748256 12.306233 17.654907 -26.331509 52.432976 -19.471909 -14.416084 29.407343 -0.003853 -8.783228 0.015305 16.058491 -18.053082 6.157303 -0.607926 -1.794173 -3.89221 -4.814085 -11.053992 -2.929816 0.006914 -20.979393 0.000713 -5.012726 -25.029938 -4.041328 -2.7e-05 -0.013196 -0.004656 -10.651681 -5.69034 -3.545446 10.586034 -17.940035 -3.108016 -0.006228 -13.832607 -0.007003 -0.493655 -31.219545 -4.065812 -11.778233 -60.073959 7.860858 -14.010595 -7.155646 -2.863276 13.788543 -8.40849 -3.228114 0.3362 -34.244114 0.772179 -0.957227 -17.742149 2.607461 0.002341 0.00346 -0.004101 -17.375931 -20.119352 -4.196337 21.781605 -1.643761 3.874169 0.004858 -6.349033 0.005895 -1.710183 -22.602884 -6.186252 0.004501 -0.004409 -0.0 77.079651 -80.331917 118.70533 33.07056 -69.054817 -1.833579 25.114838 0.328493 0.088545 -4.42944 -2.693245 10.492962 22.224289 -20.383829 49.930714 -16.703737 -16.74736 28.487638 -0.004843 -12.694003 -0.011937 15.881189 -18.032591 3.001048 -0.104046 -1.515932 -4.288198 -5.046245 -5.616705 -2.95162 -0.003608 -11.032601 0.001607 -6.130608 -15.91519 -3.823002 0.000809 -0.0003 -0.011714 -10.295109 -5.687226 -4.347177 11.039117 -11.314592 -2.366826 -1.397506 -14.253029 -6.328731 -0.633836 -26.981359 -3.829759 -4.419777 -50.037941 -3.681297 -13.727414 -7.369557 -3.721554 18.162601 -14.059026 -3.231815 -0.003804 -18.809748 -0.004463 -0.415076 -8.470041 2.555239 -0.002331 -0.001503 -0.002624 -15.938199 -20.116028 -5.477512 30.42915 -7.193185 1.736982 -0.004431 -8.171585 0.010521 -1.873968 -22.890499 -6.169649 0.001271 -0.005372 0.002049 -176.977219 -1.185212 -7.093414 13.854133 -0.078266 0.228288 -81.46579 -5.132558 -5.397927 -5.53446 1.593751 2.120335 -0.993177 -0.002073 -0.000778 6.25917 -5.967581 -1.245565 6.006254 -0.052978 0.254203 -77.125557 0.680368 -6.829905 -5.544754 0.615372 1.632885 -0.996668 -0.000729 -0.000394 
0.0 0.0 0.0 0.0 -0.0 0.0 0.538846 99.786484 -4.332844 89.864731 4.3026 89.624962 0.650337 1.155199 -0.129688 -10.753007 0.010422 -0.360148 16.074707 -0.16087 -2.195775 25.265558 -7.148066 2.784803 -2.688685 -0.438512 1.33711 -31.9209 3.455205 -1.019461 -4e-06 0.000285 -2.7e-05 0.022168 0.012826 0.122038 0.032466 -0.039488 0.09815 0.027765 0.058398 0.147215 -117.218437 -69.755768 134.503632 36.186043 -58.939842 13.706171 26.316532 0.059576 -0.186032 -0.908523 9.709021 12.449491 17.613129 -26.31502 52.416748 -19.468054 -14.389323 29.399908 0.007782 -8.77404 -0.008682 16.063332 -18.058439 6.209332 -0.605461 -1.797817 -3.880076 -4.806423 -11.048025 -2.951292 0.00295 -20.970842 -0.005501 -5.009201 -25.028324 -4.03065 0.0 -0.0 0.0 -10.635743 -5.685357 -3.545381 10.57083 -17.937574 -3.114288 -0.000832 -13.839636 -0.010277 -0.493294 -31.202127 -4.064167 -11.7383 -60.128368 7.856532 -13.982081 -7.159867 -2.847328 13.770066 -8.391917 -3.240897 0.337393 -34.24453 0.763877 -0.9688 -17.745834 2.619876 0.007987 -0.01465 -0.0049 -17.352463 -20.115137 -4.177361 21.755138 -1.628735 3.838824 0.002693 -6.343956 0.012316 -1.705009 -22.591063 -6.185523 0.00398 0.000616 0.000836 76.693954 -80.17627 118.740547 32.92511 -68.937531 -1.727619 25.211184 0.333919 0.092534 -4.321879 -2.642472 10.449657 22.182432 -20.405634 49.923149 -16.71603 -16.754328 28.471844 -0.014368 -12.702291 -0.000958 15.860388 -18.012503 2.987149 -0.109528 -1.514727 -4.285295 -5.038447 -5.613459 -2.953311 0.001716 -11.02232 0.000449 -6.121942 -15.893755 -3.854565 0.000393 0.006133 0.006627 -10.284537 -5.678838 -4.335428 11.039036 -11.313545 -2.378386 -1.37006 -14.253397 -6.318486 -0.612382 -26.956249 -3.813159 -4.420245 -50.040783 -3.597409 -13.70722 -7.356122 -3.726496 18.140013 -14.052877 -3.244601 0.009121 -18.786499 0.000246 -0.429786 -8.437469 2.568595 0.004723 -0.010475 -0.004425 -15.916272 -20.099335 -5.477175 30.428465 -7.205791 1.73754 -0.001834 -8.169103 -0.00826 -1.853152 -22.896105 -6.14326 -0.001857 -0.007501 -0.006087 -177.099792 -1.212953 -7.09834 14.155555 -0.081958 0.227155 -81.584183 -5.221325 -5.409164 -5.482235 1.584589 2.124145 -0.989919 -0.000438 0.001397 6.042373 -5.993586 -1.154386 6.402976 -0.057721 0.245623 -77.366585 0.700523 -6.879975 -5.559175 0.624883 1.634762 -0.997208 -0.001077 0.000234 
0.0 0.0 0.0 0.0 -0.0 0.0 0.508329 99.781433 -4.295097 89.858261 4.28473 89.565964 0.632008 1.170401 -0.107601 -10.765763 0.012153 -0.373061 16.06715 -0.178883 -2.189924 25.22234 -7.159567 2.788203 -2.700786 -0.444412 1.349583 -31.788996 3.436816 -1.042539 6e-06 -3e-05 -3.5e-05 0.02035 0.014121 0.136728 0.025383 -0.037844 0.113704 0.018995 0.059002 0.162016 -117.099373 -69.691208 134.365311 36.266254 -58.995739 13.504184 26.272831 -0.017488 -0.176281 -1.013837 9.636016 12.553611 17.65901 -26.27643 52.326065 -19.493256 -14.413651 29.399801 -0.007806 -8.788808 0.01551 16.042173 -18.039099 6.18119 -0.605441 -1.801489 -3.886679 -4.793041 -11.030363 -2.955308 0.015333 -20.96958 0.003682 -4.993904 -25.012255 -4.046596 -0.000981 0.000915 -0.007912 -10.628883 -5.673696 -3.576789 10.593135 -17.926506 -3.119936 0.018064 -13.817178 -0.006218 -0.470048 -31.160782 -4.028401 -11.746037 -59.999737 7.962945 -13.978247 -7.1332 -2.881276 13.78173 -8.419524 -3.227339 0.367921 -34.228603 0.763335 -0.944088 -17.732487 2.607254 0.004783 -0.009931 0.002482 -17.325146 -20.08456 -4.210279 21.75705 -1.64976 3.845892 0.002015 -6.33744 -0.010338 -1.68656 -22.605413 -6.171343 -0.001887 -0.002734 -0.000902 76.999413 -80.175331 118.372086 33.069412 -68.970688 -1.883552 25.327608 0.31505 0.083582 -4.257063 -2.541702 10.412457 22.184765 -20.373945 49.959507 -16.704868 -16.750957 28.477385 0.000583 -12.701945 0.017552 15.840476 -17.982428 2.965019 -0.107487 -1.514039 -4.282461 -5.034636 -5.611475 -2.946406 0.00613 -11.019007 -0.010716 -6.100554 -15.893297 -3.827099 -0.00502 0.003832 -0.0 -10.281511 -5.676806 -4.336429 11.024579 -11.300173 -2.380009 -1.373981 -14.228417 -6.318676 -0.618036 -26.866613 -3.817784 -4.326128 -49.816154 -3.660872 -13.70736 -7.358283 -3.727614 18.138802 -14.056007 -3.235673 0.000847 -18.772762 -0.003806 -0.428249 -8.455683 2.556243 0.004491 0.001109 0.001752 -15.91688 -20.093163 -5.483378 30.41836 -7.205073 1.726947 0.002992 -8.165378 0.000178 -1.855961 -22.865068 -6.138571 0.004238 0.002657 -0.006432 -177.100189 -1.237551 -7.107202 14.184041 -0.082968 0.229062 -81.640274 -5.275362 -5.426576 -5.424087 1.594208 2.128729 -0.999715 -0.002463 -0.001528 5.972646 -5.983628 -1.111815 6.504024 -0.062031 0.244959 -77.461357 0.71563 -6.874215 -5.519375 0.628041 1.638071 -1.000717 -0.000525 -9.2e-05 
0.0 0.0 0.0 0.0 -0.0 0.0 0.509599 99.771935 -4.303614 89.848801 4.266448 89.510643 0.622902 1.188158 -0.099522 -10.773484 0.021323 -0.355419 16.082644 -0.188085 -2.18654 25.197447 -7.171184 2.785022 -2.695056 -0.461358 1.350019 -31.740131 3.424454 -1.069028 2e-06 -2.7e-05 -0.0 0.020292 0.013978 0.145536 0.006207 -0.037105 0.121437 0.003367 0.057716 0.173446 -117.112938 -69.658226 134.372391 36.316082 -59.002686 13.363962 26.263073 -0.0261 -0.206458 -1.087204 9.550119 12.593116 17.658289 -26.288544 52.390213 -19.494717 -14.407022 29.423765 -0.005661 -8.783374 0.009678 16.034576 -18.04574 6.172243 -0.602601 -1.788318 -3.894726 -4.810084 -11.05531 -2.945595 0.00904 -20.980833 -0.004007 -5.012423 -25.043364 -4.028554 -0.0 0.010921 -0.001019 -10.640397 -5.677769 -3.578227 10.59919 -17.948452 -3.109417 0.018437 -13.826299 -0.009872 -0.469678 -31.190012 -4.022617 -11.746135 -60.132126 7.967046 -13.999172 -7.151347 -2.882615 13.796326 -8.414529 -3.216635 0.357442 -34.262348 0.771206 -0.939591 -17.770878 2.606965 -0.006934 0.005358 -0.000116 -17.3594 -20.100666 -4.208683 21.785788 -1.647829 3.846096 0.003638 -6.349686 0.011408 -1.700191 -22.62826 -6.205971 0.001656 0.001711 0.011106 77.364548 -80.335655 118.305038 33.396767 -69.107224 -2.20227 25.428057 0.310957 0.101831 -4.212581 -2.455092 10.472246 22.171558 -20.41976 49.955975 -16.700747 -16.733864 28.47719 -0.007189 -12.674731 0.014047 15.777887 -17.910507 2.954361 -0.105912 -1.519037 -4.271938 -5.027169 -5.607133 -2.944186 0.008185 -11.020747 0.001624 -6.088536 -15.868089 -3.84199 0.00071 0.000744 0.001079 -10.272841 -5.675027 -4.335924 11.02011 -11.307596 -2.365604 -1.371075 -14.222804 -6.312222 -0.623587 -26.890924 -3.813887 -4.279013 -49.886192 -3.703625 -13.693955 -7.353198 -3.706118 18.127359 -14.045709 -3.247014 0.016147 -18.781042 0.00414 -0.426838 -8.469972 2.55431 -0.001108 -0.000188 0.003931 -15.901352 -20.082664 -5.460601 30.383345 -7.194414 1.725511 0.002742 -8.159941 0.003323 -1.855328 -22.856949 -6.155078 -0.001599 -0.00068 0.0 -177.182587 -1.241239 -7.110575 14.311909 -0.087915 0.236257 -81.755951 -5.324027 -5.408183 -5.370782 1.587715 2.126331 -0.996778 0.005821 0.001832 5.841825 -5.99233 -1.059696 6.684704 -0.066624 0.241894 -77.530785 0.709555 -6.850809 -5.508141 0.620771 1.637968 -0.993707 -0.000777 -0.000312 
0.0 0.0 0.0 0.0 -0.0 0.0 0.489043 99.775841 -4.272713 89.845543 4.238918 89.462982 0.618216 1.200644 -0.101381 -10.755513 0.033062 -0.318025 16.078444 -0.182455 -2.188679 25.205767 -7.199749 2.805405 -2.683016 -0.47123 1.317198 -31.752655 3.40902 -1.078372 2.4e-05 -5.6e-05 -2.5e-05 0.023773 0.013903 0.147358 0.000946 -0.036173 0.120503 -0.005294 0.056477 0.168296 -117.299171 -69.670547 134.553802 36.322235 -59.078304 13.323677 26.242905 -0.016215 -0.184535 -1.144166 9.505327 12.506158 17.658787 -26.343561 52.510258 -19.479782 -14.410608 29.418446 0.001687 -8.779817 0.00181 16.061218 -18.036732 6.181382 -0.599099 -1.789426 -3.890139 -4.814178 -11.053671 -2.940016 -0.005936 -20.979664 0.015823 -5.006342 -25.050568 -4.048302 0.003093 0.001653 0.009491 -10.641475 -5.683813 -3.551071 10.590094 -17.9398 -3.131955 0.002383 -13.829012 -0.020062 -0.500498 -31.232601 -4.020917 -11.677608 -60.187756 7.843842 -13.996427 -7.148272 -2.876835 13.787656 -8.396421 -3.230073 0.336736 -34.209236 0.771675 -0.976305 -17.709642 2.612721 0.005983 0.00418 0.003241 -17.364355 -20.114971 -4.203907 21.783609 -1.635731 3.876092 0.003015 -6.344346 -0.015494 -1.695412 -22.603416 -6.210507 -0.006549 0.003029 0.027685 77.406319 -80.541779 118.694717 33.696426 -69.109573 -2.504425 25.49357 0.33614 0.089254 -4.201726 -2.430791 10.601783 22.230347 -20.345383 49.874607 -16.721977 -16.749952 28.45299 -0.002742 -12.703592 -0.002311 15.828974 -17.934969 2.937289 -0.099898 -1.514627 -4.2877 -5.044311 -5.618032 -2.945868 0.002961 -11.029804 0.0058 -6.101779 -15.905534 -3.840668 0.001278 -0.004091 0.005583 -10.29276 -5.683479 -4.334363 11.045921 -11.321129 -2.38014 -1.388594 -14.260731 -6.324175 -0.627906 -26.938694 -3.83905 -4.258438 -50.053089 -3.731179 -13.726519 -7.372502 -3.71534 18.180441 -14.0764 -3.256028 0.004953 -18.816061 -0.005565 -0.422062 -8.457896 2.565141 0.008238 -0.010267 -0.004536 -15.942114 -20.123497 -5.482467 30.480232 -7.224138 1.736089 -0.001401 -8.173352 0.000105 -1.856292 -22.879442 -6.180978 -0.000268 0.001593 0.010867 -177.155609 -1.245284 -7.083325 14.246402 -0.088566 0.231049 -81.801025 -5.360143 -5.421107 -5.338727 1.604078 2.134562 -1.001183 -0.002445 -0.00108 5.819149 -5.984726 -1.037503 6.677666 -0.059056 0.238053 -77.532196 0.71276 -6.805336 -5.471347 0.608704 1.63792 -0.996779 0.000672 6.8e-05 
0.0 0.0 0.0 0.0 -0.0 0.0 0.46259 99.779655 -4.276089 89.848129 4.212783 89.425438 0.614396 1.214408 -0.072403 -10.762274 0.030306 -0.337203 16.095068 -0.179713 -2.150531 25.158958 -7.205631 2.804551 -2.655712 -0.461114 1.293322 -31.698734 3.386293 -1.070035 4.4e-05 -0.000383 -0.000874 0.023792 0.013635 0.140343 -0.012875 -0.035729 0.114199 -0.010438 0.056392 0.165613 -117.257889 -69.709587 134.507721 36.350288 -59.105522 13.168658 26.268545 -0.025051 -0.214895 -1.188222 9.470161 12.41354 17.639286 -26.362244 52.472809 -19.503326 -14.425152 29.446049 -2.5e-05 -8.791594 0.01473 16.062757 -18.051008 6.187433 -0.600111 -1.801999 -3.891017 -4.8105 -11.060947 -2.935997 -0.002017 -21.000618 0.021754 -5.007871 -25.089863 -4.048123 -0.002419 0.005894 0.00075 -10.631706 -5.698816 -3.550025 10.586466 -17.952194 -3.121354 0.00654 -13.857087 -0.007149 -0.504805 -31.234451 -4.03139 -11.790979 -60.309109 7.96251 -13.988433 -7.149721 -2.847751 13.790707 -8.415636 -3.233927 0.33768 -34.258015 0.743396 -0.984364 -17.761826 2.642839 0.012057 2e-06 -0.015993 -17.345768 -20.113165 -4.173327 21.763252 -1.640524 3.844868 0.005322 -6.348658 0.004507 -1.700649 -22.634193 -6.195139 0.002589 0.011671 0.001127 77.327385 -80.608444 118.881042 33.858074 -69.031616 -2.656306 25.512289 0.295272 0.075003 -4.162822 -2.410291 10.793454 22.228302 -20.437962 50.036224 -16.72785 -16.758837 28.526018 -0.002314 -12.699104 -0.009025 15.857904 -17.940966 2.962306 -0.106279 -1.523586 -4.289628 -5.04424 -5.61875 -2.946667 0.004774 -11.037203 -0.003335 -6.115217 -15.913609 -3.83252 -0.000985 0.005106 0.000867 -10.305974 -5.698884 -4.350669 11.051579 -11.324717 -2.372808 -1.38284 -14.271705 -6.333022 -0.626663 -26.994225 -3.826303 -4.306968 -50.161873 -3.669081 -13.737294 -7.37965 -3.724155 18.170389 -14.070262 -3.24083 -0.001572 -18.784088 0.009238 -0.422472 -8.473311 2.545811 0.00115 0.01219 0.009457 -15.956297 -20.134777 -5.473279 30.466356 -7.207894 1.732973 -0.004976 -8.170761 0.007659 -1.867162 -22.922779 -6.171673 -0.007698 0.00629 -0.0 -177.166779 -1.247178 -7.036937 14.201922 -0.087262 0.236296 -81.714256 -5.402124 -5.426984 -5.309098 1.600692 2.134625 -1.000826 0.00127 -7.9e-05 5.751286 -5.988457 -1.023157 6.736564 -0.063002 0.236548 -77.513474 0.721519 -6.77321 -5.469161 0.604512 1.639696 -0.996569 -0.000592 0.000342 
0.0 0.0 0.0 0.0 -0.0 0.0 0.477596 99.773712 -4.276028 89.848595 4.17841 89.40583 0.592017 1.223001 -0.060349 -10.754814 0.032673 -0.332433 16.096806 -0.168929 -2.116716 25.126953 -7.196332 2.807781 -2.652512 -0.447988 1.257128 -31.635132 3.349803 -1.081625 3.5e-05 0.000228 0.001679 0.029006 0.013629 0.136839 -0.005977 -0.035309 0.110726 -0.008665 0.054942 0.157851 -117.338188 -69.50618 134.634857 36.278084 -58.926392 12.974371 26.262253 -0.049883 -0.169085 -1.183865 9.46385 12.423978 17.638433 -26.353237 52.494011 -19.48049 -14.396996 29.442272 -0.003065 -8.78091 -0.008738 16.058058 -18.051765 6.20225 -0.60718 -1.801723 -3.886839 -4.812536 -11.058928 -2.942744 -0.005635 -21.001219 0.007742 -5.011231 -25.088734 -4.038367 -0.000242 0.002186 -0.001536 -10.637094 -5.701553 -3.546852 10.58624 -17.928091 -3.129201 0.010776 -13.841686 0.009295 -0.478444 -31.215864 -4.038855 -11.803749 -60.26004 8.01732 -13.983902 -7.157208 -2.876748 13.778341 -8.407904 -3.208356 0.336937 -34.23938 0.775877 -0.952498 -17.740213 2.601173 -0.005452 0.005348 0.003034 -17.340832 -20.110895 -4.204327 21.758541 -1.650796 3.863047 -0.002014 -6.344529 0.023908 -1.682181 -22.616339 -6.214506 0.000458 -0.004296 -0.012472 76.397118 -80.235474 119.163307 33.816013 -68.723648 -2.745268 25.455614 0.308971 0.08065 -4.115705 -2.45777 10.860724 22.152046 -20.390663 49.984035 -16.696545 -16.730921 28.476183 -0.001669 -12.681379 0.004683 15.85264 -17.945999 2.954974 -0.10689 -1.516313 -4.26822 -5.039868 -5.612533 -2.956967 0.000552 -11.017841 -0.002186 -6.108375 -15.885883 -3.842648 -0.002874 -0.007054 0.00513 -10.284821 -5.684674 -4.337878 11.022211 -11.29653 -2.365749 -1.382611 -14.243046 -6.318302 -0.620026 -26.942085 -3.827149 -4.301083 -49.997066 -3.667014 -13.701778 -7.360328 -3.700657 18.125212 -14.033732 -3.263565 -0.004346 -18.785421 0.012217 -0.433716 -8.446053 2.553757 -0.005356 -0.002847 -0.009053 -15.917534 -20.096642 -5.466484 30.400534 -7.184827 1.730143 0.006633 -8.153864 -0.002088 -1.872868 -22.863422 -6.167342 0.01004 -0.018176 -0.008324 -177.244949 -1.226232 -6.971277 14.276663 -0.083497 0.229545 -81.742622 -5.431576 -5.413598 -5.287946 1.597941 2.133303 -0.993325 0.002759 0.001939 5.639938 -6.014889 -1.037968 6.864965 -0.055964 0.231925 -77.573944 0.71318 -6.759173 -5.435503 0.600991 1.639676 -0.996694 -0.000519 -0.000116 
0.0 0.0 0.0 0.0 -0.0 0.0 0.443858 99.768883 -4.284723 89.859047 4.144202 89.427162 0.575271 1.23092 -0.073986 -10.753079 0.041953 -0.300128 16.104753 -0.150997 -2.10051 25.10623 -7.174642 2.802292 -2.661202 -0.432541 1.228383 -31.589909 3.314128 -1.082601 4e-05 0.00038 -5.9e-05 0.034197 0.012864 0.125508 -0.0025 -0.035699 0.100224 -0.006941 0.054911 0.154325 -117.253708 -69.496857 134.57457 36.390594 -58.960674 12.638087 26.254753 -0.068331 -0.16774 -1.159147 9.45042 12.494891 17.607571 -26.29557 52.46534 -19.431986 -14.390757 29.399454 0.004127 -8.769283 0.004547 16.025143 -18.047312 6.199031 -0.602728 -1.780789 -3.903694 -4.806809 -11.028511 -2.929728 -0.00333 -20.923077 -0.009763 -5.014578 -24.956114 -4.043584 -0.001084 -0.003439 0.003258 -10.623475 -5.668244 -3.574647 10.565839 -17.89156 -3.119873 -0.004967 -13.786983 -0.003691 -0.532619 -31.105139 -4.005438 -11.600101 -59.903206 7.77156 -13.973248 -7.136039 -2.882883 13.772475 -8.38503 -3.21066 0.357846 -34.151493 0.765054 -0.955248 -17.705833 2.618098 0.005628 -0.009354 -0.0 -17.320833 -20.057665 -4.223691 21.745144 -1.649257 3.863343 0.003901 -6.3326 -0.008122 -1.701662 -22.577469 -6.168698 0.004288 0.000649 -0.009505 76.235283 -80.141823 119.192078 33.862198 -68.636658 -2.86988 25.426834 0.335227 0.088342 -4.087521 -2.52354 10.91679 22.156937 -20.441051 50.018021 -16.681469 -16.731409 28.502855 -0.012866 -12.67034 -0.005354 15.848827 -17.953016 2.986479 -0.104116 -1.515088 -4.276327 -5.02753 -5.607812 -2.950356 0.003618 -11.019628 0.014284 -6.084649 -15.898879 -3.848071 -0.004784 0.000794 0.005276 -10.266977 -5.671445 -4.343128 11.013421 -11.301298 -2.35699 -1.376542 -14.228548 -6.327467 -0.638983 -26.918825 -3.808923 -4.295787 -50.047676 -3.622274 -13.685035 -7.35394 -3.726815 18.11352 -14.047017 -3.233978 0.001858 -18.786875 0.012915 -0.435243 -8.443453 2.564212 -0.005627 0.00763 -0.008195 -15.885125 -20.070728 -5.462637 30.364443 -7.190291 1.725085 0.000537 -8.162064 -0.005172 -1.854258 -22.858509 -6.159105 0.001594 0.011512 -0.004532 -177.333221 -1.234231 -6.872314 14.355286 -0.084473 0.218439 -81.70195 -5.447893 -5.48789 -5.282801 1.609262 2.132688 -0.996623 -0.002816 -0.001334 5.498886 -6.026097 -1.049779 7.062759 -0.053487 0.233169 -77.640884 0.667198 -6.752572 -5.416698 0.59511 1.638387 -0.996812 -0.001078 5.6e-05 
0.0 0.0 0.0 0.0 -0.0 0.0 0.45086 99.766708 -4.290611 89.86451 4.108316 89.439583 0.564937 1.235153 -0.057102 -10.759384 0.042392 -0.301303 16.11587 -0.126811 -2.094069 25.128103 -7.156951 2.809503 -2.672818 -0.422324 1.233367 -31.551472 3.30264 -1.081727 7.8e-05 -5.8e-05 -2.9e-05 0.036089 0.012468 0.12369 -0.007448 -0.036817 0.099263 -0.011951 0.056355 0.148001 -117.299896 -69.477104 134.63295 36.399982 -58.960831 12.498164 26.266344 -0.098346 -0.146462 -1.117616 9.5289 12.492392 17.610279 -26.33886 52.435455 -19.472338 -14.387213 29.376019 -0.004726 -8.774605 -0.000177 16.039091 -18.057838 6.226873 -0.600605 -1.792103 -3.866355 -4.809888 -11.060846 -2.948148 -0.006027 -21.008654 0.005329 -5.031303 -25.058395 -4.033109 -0.000733 -0.002473 0.000791 -10.62496 -5.678278 -3.53738 10.582114 -17.929531 -3.125743 0.001645 -13.815499 -0.020164 -0.516416 -31.190405 -3.994249 -11.726464 -60.104881 7.87554 -13.972725 -7.138454 -2.864785 13.774961 -8.40626 -3.2122 0.352374 -34.20623 0.784022 -0.947461 -17.747807 2.606497 -0.004008 -0.005973 0.001668 -17.322386 -20.082388 -4.192966 21.74366 -1.652094 3.858885 -0.000562 -6.339296 0.000399 -1.689119 -22.606802 -6.167966 -0.00124 0.007739 0.001626 75.968895 -80.141342 119.460487 33.837364 -68.654861 -2.891656 25.399345 0.343285 0.08428 -4.060703 -2.575593 10.983498 22.155731 -20.441027 50.019814 -16.679192 -16.742769 28.506338 -0.008365 -12.667017 -0.002564 15.819074 -17.9146 2.980748 -0.109386 -1.511609 -4.296662 -5.029499 -5.604105 -2.947995 0.00407 -11.008301 -0.00488 -6.097719 -15.889575 -3.8401 0.002541 -0.001971 0.012175 -10.271958 -5.673282 -4.361191 11.025494 -11.300748 -2.373883 -1.373197 -14.221244 -6.312272 -0.616398 -26.907494 -3.812567 -4.326011 -49.950642 -3.536147 -13.690294 -7.354694 -3.750115 18.122009 -14.037925 -3.233239 -0.006953 -18.769873 0.027196 -0.436991 -8.442715 2.569327 0.004896 -0.008756 -0.006448 -15.887003 -20.079025 -5.515847 30.394117 -7.200045 1.736341 0.002065 -8.164746 0.00892 -1.872931 -22.859837 -6.152293 0.0 0.000722 0.006379 -177.405075 -1.220079 -6.821432 14.397981 -0.082295 0.223717 -81.748222 -5.444472 -5.514954 -5.294578 1.597458 2.128038 -1.003732 0.000197 -0.0004 5.418753 -6.043299 -1.062375 7.144567 -0.056609 0.238593 -77.663383 0.611085 -6.775161 -5.38653 0.591489 1.638101 -0.997001 0.001105 0.000184 
0.0 0.0 0.0 0.0 -0.0 0.0 0.461913 99.755066 -4.270717 89.868912 4.078913 89.473076 0.554071 1.238941 -0.057775 -10.774456 0.046026 -0.276953 16.15102 -0.096927 -2.101507 25.140623 -7.119094 2.819704 -2.667479 -0.428737 1.251137 -31.612707 3.298987 -1.06897 6.8e-05 6.9e-05 0.001738 0.037927 0.013032 0.123792 0.006343 -0.032242 0.1027 -0.00318 0.053161 0.151941 -117.376953 -69.45784 134.703018 36.41732 -58.979683 12.470152 26.255259 -0.100786 -0.117529 -1.033436 9.607638 12.577927 17.672495 -26.37079 52.495731 -19.480488 -14.375964 29.436375 -0.002876 -8.771903 -0.004358 16.021978 -18.028505 6.183668 -0.600751 -1.781292 -3.894855 -4.817942 -11.07043 -2.948006 0.001756 -21.003712 0.018507 -5.025687 -25.055914 -4.029257 -0.001001 0.010696 0.001279 -10.627317 -5.672575 -3.556607 10.580515 -17.93763 -3.136318 0.001282 -13.826262 0.004438 -0.489127 -31.210573 -4.019002 -11.768173 -60.132851 7.905145 -13.978325 -7.129879 -2.882811 13.776247 -8.430676 -3.21479 0.362817 -34.25547 0.781103 -0.947533 -17.763971 2.630336 -0.001643 -0.0 -0.003115 -17.329748 -20.099434 -4.213066 21.743221 -1.654829 3.869277 0.004847 -6.34793 -0.002605 -1.683111 -22.611483 -6.199956 -0.003209 -0.009366 0.00752 75.306023 -80.007744 119.830467 33.743404 -68.54882 -2.966388 25.354052 0.36071 0.094332 -4.048364 -2.617249 11.031869 22.207115 -20.356417 49.919682 -16.68928 -16.748652 28.452799 -0.001837 -12.698354 0.017383 15.833979 -17.928238 2.926697 -0.105056 -1.515362 -4.262721 -5.038082 -5.612371 -2.947549 0.001813 -11.018945 -0.012576 -6.11897 -15.891716 -3.84202 0.002233 -0.004737 0.005266 -10.286141 -5.680858 -4.332853 11.032936 -11.299014 -2.368475 -1.382656 -14.23282 -6.30927 -0.620924 -26.927275 -3.826126 -4.306917 -49.921272 -3.597928 -13.718544 -7.361805 -3.70886 18.160717 -14.045345 -3.230728 -0.005316 -18.771601 -0.004019 -0.424357 -8.448625 2.545768 -0.000231 -0.000268 0.002058 -15.930696 -20.096203 -5.474277 30.440474 -7.205126 1.743737 -0.006217 -8.148474 0.004545 -1.851121 -22.882492 -6.173083 0.005416 0.00203 -0.001188 -177.497467 -1.209657 -6.761774 14.528265 -0.082292 0.216606 -81.729088 -5.466976 -5.516102 -5.294732 1.612381 2.13503 -1.006844 0.004445 0.000203 5.306967 -6.066401 -1.071134 7.315737 -0.054812 0.240469 -77.801903 0.579984 -6.813621 -5.356654 0.589512 1.639564 -0.993719 0.000443 -0.000153 
0.0 0.0 0.0 0.0 -0.0 0.0 0.452869 99.753685 -4.291238 89.872108 4.065784 89.508179 0.562404 1.242586 -0.057879 -10.769303 0.043527 -0.270856 16.167784 -0.06648 -2.101457 25.141163 -7.063704 2.800802 -2.66134 -0.436476 1.295921 -31.634726 3.302109 -1.074351 -5e-06 0.000185 0.000867 0.041432 0.012385 0.121133 0.008045 -0.030588 0.099936 -0.004817 0.051116 0.152889 -117.323746 -69.376236 134.697845 36.520382 -58.884468 12.280193 26.259087 -0.08216 -0.143763 -0.929352 9.657144 12.605585 17.62322 -26.313042 52.394749 -19.40789 -14.372748 29.370619 0.00593 -8.761233 -0.015454 15.997656 -18.003592 6.19811 -0.613146 -1.788386 -3.893718 -4.808057 -11.041065 -2.916809 -0.003041 -20.948799 -0.002901 -5.028158 -24.977875 -4.015741 0.000872 -0.00773 0.00108 -10.625367 -5.680605 -3.553029 10.544452 -17.889404 -3.105134 -0.002209 -13.800935 0.008017 -0.503116 -31.114906 -4.014399 -11.666204 -59.83588 7.819366 -13.961766 -7.138949 -2.866131 13.735597 -8.387044 -3.213819 0.326436 -34.182266 0.776632 -0.972921 -17.732204 2.625218 0.004599 -0.011936 -0.001607 -17.327255 -20.067646 -4.207967 21.733105 -1.640782 3.863017 -0.000592 -6.327565 0.006769 -1.712163 -22.544489 -6.175149 0.002426 -0.003453 -0.002158 75.03907 -79.856789 119.822136 33.778988 -68.514992 -3.086137 25.331043 0.362339 0.078766 -4.049651 -2.672708 11.14063 22.210087 -20.425463 50.03191 -16.722485 -16.776699 28.531038 0.000506 -12.714713 0.000668 15.829442 -17.936531 2.97131 -0.106902 -1.51875 -4.285204 -5.042713 -5.617253 -2.945169 0.006419 -11.044661 0.002893 -6.100189 -15.924576 -3.847855 -0.008232 -0.001007 0.008046 -10.290563 -5.682659 -4.34878 11.03164 -11.306335 -2.362894 -1.387472 -14.236864 -6.317323 -0.619684 -26.961874 -3.846361 -4.391887 -49.965904 -3.601843 -13.722685 -7.368825 -3.720179 18.158512 -14.060698 -3.243361 0.007339 -18.808708 0.00064 -0.424363 -8.47046 2.560157 -0.003512 0.000839 0.006007 -15.934175 -20.109869 -5.475891 30.434336 -7.187562 1.731624 -0.008982 -8.14664 0.008664 -1.882144 -22.838711 -6.165696 0.005284 0.000484 0.011634 -177.555801 -1.212927 -6.701719 14.579054 -0.080727 0.215783 -81.722771 -5.43613 -5.519199 -5.298149 1.606076 2.131147 -0.999272 -0.000806 -0.001068 5.252664 -6.069367 -1.087298 7.394103 -0.051237 0.238393 -77.839622 0.547603 -6.845923 -5.312594 0.594853 1.643345 -0.993962 0.000174 -0.000229 
0.0 0.0 0.0 0.0 -0.0 0.0 0.495896 99.758926 -4.278517 89.879944 4.059317 89.545998 0.582934 1.239647 -0.042303 -10.776569 0.039718 -0.279279 16.194963 -0.043374 -2.093535 25.139751 -6.999532 2.772771 -2.657023 -0.45246 1.361618 -31.703339 3.304875 -1.084404 -7e-06 0.000172 -0.000901 0.044984 0.013049 0.128007 0.004474 -0.029492 0.105071 -0.003052 0.051286 0.156307 -117.293488 -69.430008 134.660126 36.552334 -58.942669 12.192162 26.313053 -0.079015 -0.12815 -0.834469 9.764929 12.673171 17.626383 -26.32942 52.45504 -19.462212 -14.382232 29.408873 -0.006037 -8.761221 -0.005687 16.018049 -17.976286 6.198814 -0.601504 -1.793575 -3.909067 -4.79819 -11.051453 -2.917898 0.013875 -20.985262 0.003348 -4.995701 -25.041536 -4.026944 0.011175 -0.002203 -0.001459 -10.630949 -5.689664 -3.578068 10.589721 -17.931637 -3.117703 0.003105 -13.827662 0.002125 -0.479499 -31.188259 -4.035797 -11.732304 -60.068733 7.929176 -13.96664 -7.151828 -2.880964 13.762183 -8.39718 -3.204258 0.371028 -34.202751 0.738882 -0.973056 -17.712538 2.633195 0.001441 -0.012007 -0.00152 -17.318075 -20.094307 -4.213464 21.742884 -1.649077 3.865531 0.000485 -6.333478 -0.021174 -1.686697 -22.588884 -6.18506 0.001422 0.00458 0.001806 75.089882 -79.880959 119.722412 33.866512 -68.49099 -3.27138 25.284142 0.324063 0.063031 -4.013645 -2.701287 11.126482 22.182652 -20.417921 49.998455 -16.690693 -16.748857 28.486799 -0.006852 -12.689327 0.002003 15.789692 -17.867428 2.977695 -0.104676 -1.511178 -4.266538 -5.032271 -5.607647 -2.946983 0.007225 -11.019964 8.9e-05 -6.089479 -15.887515 -3.852632 -0.007013 -0.00673 0.013689 -10.276767 -5.667759 -4.336595 11.024718 -11.296952 -2.364987 -1.37089 -14.232115 -6.321824 -0.618923 -26.939274 -3.812149 -4.415663 -49.891491 -3.55917 -13.697238 -7.345998 -3.716835 18.130983 -14.043981 -3.239923 0.000565 -18.74629 0.003661 -0.432911 -8.443536 2.566727 0.004919 -0.009914 -0.012438 -15.903426 -20.063169 -5.476398 30.38143 -7.184816 1.736834 -0.000678 -8.164535 -0.004273 -1.878043 -22.811085 -6.13346 -0.005823 0.0 0.000376 -177.528061 -1.17146 -6.644163 14.504722 -0.073376 0.222658 -81.647385 -5.485308 -5.499702 -5.278653 1.608703 2.131598 -1.006225 0.005379 0.00057 5.347158 -6.081532 -1.085011 7.232202 -0.048708 0.23104 -77.766937 0.544541 -6.885745 -5.260826 0.605571 1.647911 -0.996646 -0.001334 -0.000556 
0.0 0.0 0.0 0.0 -0.0 0.0 0.466553 99.751266 -4.256459 89.883591 4.046156 89.569862 0.598233 1.237762 -0.054739 -10.772839 0.046245 -0.261378 16.231014 -0.025082 -2.099746 25.153755 -6.963861 2.776478 -2.653011 -0.448211 1.399359 -31.810364 3.334846 -1.073962 0.0 0.000153 0.001741 0.048714 0.012502 0.132559 0.002962 -0.027671 0.105947 -0.011368 0.048336 0.159263 -117.445786 -69.448105 134.8255 36.537106 -58.929752 12.083374 26.420151 -0.060683 -0.122391 -0.662414 9.88423 12.715932 17.616543 -26.343771 52.534775 -19.474566 -14.421907 29.420322 -0.004106 -8.784804 0.010277 16.061066 -18.016577 6.179053 -0.601554 -1.783266 -3.884452 -4.807799 -11.052406 -2.938112 0.009378 -20.970812 -0.003196 -5.001489 -25.017893 -4.04351 0.000494 -0.012817 -0.009001 -10.631044 -5.684163 -3.536545 10.591089 -17.905937 -3.141881 9.5e-05 -13.813305 0.009463 -0.479194 -31.17103 -4.05749 -11.709212 -59.997715 7.862769 -13.981356 -7.142337 -2.844104 13.777745 -8.390497 -3.251961 0.356372 -34.186844 0.761982 -0.957207 -17.720278 2.614007 -0.001045 0.022844 0.000799 -17.338844 -20.091639 -4.198905 21.766104 -1.641276 3.852788 0.000877 -6.335055 -0.01278 -1.694604 -22.588766 -6.208518 0.0 -0.0 0.0 74.743935 -79.868317 120.021027 33.875301 -68.446198 -3.421026 25.336542 0.345746 0.065674 -3.997542 -2.770838 11.130924 22.164169 -20.349714 49.934219 -16.692554 -16.741327 28.478065 -0.001591 -12.673868 0.006511 15.792628 -17.835413 2.941865 -0.110471 -1.515583 -4.270296 -5.032264 -5.607566 -2.9484 0.004844 -11.016192 -0.002746 -6.112882 -15.894153 -3.839863 -0.001694 0.003825 -0.001437 -10.275288 -5.673425 -4.336443 11.016185 -11.297525 -2.366958 -1.370823 -14.225545 -6.328097 -0.622885 -26.888111 -3.817506 -4.360074 -49.743729 -3.593643 -13.705078 -7.354913 -3.71406 18.137594 -14.040626 -3.241292 0.003195 -18.771055 -0.003931 -0.425295 -8.438108 2.550962 0.003035 -0.017841 0.006502 -15.919286 -20.078384 -5.468736 30.415796 -7.188882 1.731695 -0.008028 -8.148893 -0.004932 -1.868707 -22.852707 -6.160897 0.011516 -0.009937 -0.000185 -177.566345 -1.184041 -6.581692 14.575193 -0.077998 0.235696 -81.711304 -5.507119 -5.554927 -5.289804 1.610547 2.132418 -1.00264 0.002153 -0.000267 5.262214 -6.089605 -1.081034 7.389227 -0.046015 0.234786 -77.779579 0.512294 -6.905473 -5.223325 0.614811 1.648285 -0.996514 -2.3e-05 0.000358 
0.0 0.0 0.0 0.0 -0.0 0.0 0.50824 99.756767 -4.268596 89.887062 4.016839 89.580391 0.608645 1.235301 -0.044386 -10.763795 0.040559 -0.274732 16.252747 -0.004691 -2.088739 25.13518 -6.927601 2.75914 -2.659737 -0.436447 1.448388 -31.8496 3.361743 -1.062586 -6.4e-05 -0.000217 -0.001822 0.047033 0.010837 0.128886 0.001419 -0.027723 0.106658 -0.005959 0.045375 0.15914 -117.387428 -69.512344 134.760925 36.543564 -58.943043 12.046576 26.570232 -0.04459 -0.135907 -0.458123 9.993923 12.719332 17.629904 -26.308907 52.444057 -19.421049 -14.373213 29.388084 0.003525 -8.764004 0.001338 16.041771 -17.989616 6.15981 -0.61562 -1.786176 -3.905905 -4.805444 -11.042155 -2.919351 -0.01023 -20.954979 0.00161 -5.023706 -25.037016 -4.043428 -0.010281 0.016094 0.007692 -10.628954 -5.689392 -3.56932 10.570139 -17.903334 -3.104767 0.000766 -13.820621 -0.007868 -0.475814 -31.191647 -4.034973 -11.846701 -60.050674 8.010901 -13.983328 -7.144804 -2.880044 13.76725 -8.379742 -3.212013 0.341926 -34.13456 0.773764 -0.978013 -17.698734 2.618832 0.015631 0.004232 -0.003555 -17.354725 -20.087866 -4.200488 21.768448 -1.62287 3.855573 -0.005956 -6.333253 0.006827 -1.705146 -22.572468 -6.190681 0.003451 0.001383 -0.00832 75.102234 -79.960091 119.851028 33.949287 -68.492538 -3.485622 25.434237 0.344404 0.06672 -3.987257 -2.8535 11.06348 22.163979 -20.396021 49.976749 -16.69034 -16.752304 28.473721 0.001009 -12.695709 0.006687 15.822743 -17.881088 2.944179 -0.105437 -1.516515 -4.265656 -5.033823 -5.607673 -2.963696 -0.000361 -11.021235 0.006926 -6.110016 -15.895777 -3.836682 0.004084 0.005594 -0.005788 -10.280292 -5.677356 -4.326407 11.021527 -11.293811 -2.380806 -1.387098 -14.237918 -6.30926 -0.624365 -26.913673 -3.845145 -4.388924 -49.791176 -3.641056 -13.702162 -7.358942 -3.708809 18.134649 -14.042201 -3.246829 -0.006343 -18.795052 -0.001046 -0.430281 -8.480898 2.55436 -0.001117 0.009844 0.002124 -15.922744 -20.088421 -5.446532 30.413122 -7.168462 1.720983 -0.00136 -8.176615 0.003815 -1.865824 -22.854052 -6.175949 -0.013475 0.007771 0.014653 -177.598389 -1.144821 -6.558567 14.546861 -0.081234 0.234849 -81.611992 -5.507936 -5.538562 -5.307792 1.601178 2.126316 -1.002317 -0.002937 -0.00155 5.284615 -6.104193 -1.106298 7.286829 -0.049925 0.249308 -77.807648 0.51222 -6.955824 -5.222599 0.618003 1.650016 -0.989804 -0.000285 0.000805 
0.0 0.0 0.0 0.0 -0.0 0.0 0.494836 99.756363 -4.230079 89.911728 3.961188 89.589432 0.618499 1.23792 -0.0393 -10.777245 0.04038 -0.281123 16.282082 0.014822 -2.078051 25.144991 -6.908464 2.756594 -2.668413 -0.427112 1.468962 -31.994755 3.379874 -1.05798 -4.6e-05 -8e-06 -9.7e-05 0.047132 0.011001 0.137586 0.003125 -0.025683 0.110862 -0.005742 0.042001 0.161963 -117.291069 -69.704193 134.673599 36.514889 -59.007828 11.965199 26.773504 -0.064337 -0.163593 -0.273129 10.162881 12.718194 17.656294 -26.349834 52.42981 -19.506498 -14.41278 29.442787 0.005739 -8.793698 0.014653 16.05345 -18.06904 6.20058 -0.594585 -1.77813 -3.882882 -4.816028 -11.083792 -2.941492 -0.001314 -21.015217 0.013726 -5.022606 -25.090855 -4.032171 0.004945 -0.002721 -0.015687 -10.639736 -5.691963 -3.547239 10.587624 -17.956648 -3.125009 -0.00373 -13.8458 -0.000535 -0.525951 -31.249817 -4.034317 -11.86745 -60.211655 7.979036 -13.993847 -7.153624 -2.858132 13.791796 -8.417713 -3.230443 0.359487 -34.289562 0.762811 -0.960089 -17.765858 2.61292 0.0 0.001646 0.012738 -17.375891 -20.135719 -4.174987 21.795828 -1.630849 3.855395 -0.007749 -6.352501 -0.009164 -1.730191 -22.640194 -6.184767 -0.008156 0.006588 0.008985 76.198143 -80.423698 119.631882 34.233444 -68.863152 -3.749911 25.616251 0.32277 0.067191 -3.976823 -2.915015 11.050309 22.271343 -20.341578 49.877705 -16.731647 -16.760681 28.44861 0.008413 -12.721741 -0.011916 15.893113 -17.922831 2.909512 -0.104733 -1.514553 -4.279046 -5.052293 -5.620865 -2.948373 -0.000491 -11.029993 -0.003539 -6.136909 -15.926051 -3.83422 -0.001959 0.011499 -0.000858 -10.312064 -5.687785 -4.342682 11.049999 -11.327648 -2.354902 -1.385525 -14.261878 -6.313434 -0.640055 -26.93568 -3.825167 -4.357454 -49.928699 -3.659137 -13.748832 -7.375941 -3.716954 18.191305 -14.080463 -3.230364 0.008163 -18.802929 -0.002696 -0.414786 -8.473075 2.544927 -0.00115 0.009972 -0.00369 -15.972136 -20.139544 -5.477985 30.490065 -7.226065 1.774467 0.008191 -8.172668 0.002273 -1.8603 -22.877733 -6.180129 0.000562 0.009038 -0.006704 -177.623993 -1.1517 -6.550007 14.559264 -0.085307 0.235741 -81.72934 -5.499745 -5.546787 -5.323875 1.597868 2.128418 -0.996032 -0.00279 -0.001051 5.250226 -6.110694 -1.129644 7.312015 -0.052589 0.254424 -77.871162 0.535128 -6.967891 -5.233639 0.619324 1.648097 -0.986293 -0.001392 -7e-06 
0.0 0.0 0.0 0.0 -0.0 0.0 0.499337 99.759987 -4.202447 89.89238 3.888948 89.602158 0.621598 1.250733 -0.023959 -10.783308 0.041474 -0.293286 16.289282 0.043662 -2.082683 25.113787 -6.894441 2.782187 -2.662706 -0.441047 1.498385 -32.155766 3.37777 -1.058082 2.6e-05 4.5e-05 0.000127 0.045556 0.011228 0.139481 0.006583 -0.022954 0.116145 -0.007346 0.040407 0.163178 -117.326752 -69.771896 134.759323 36.596405 -59.025272 11.816982 26.982914 -0.087612 -0.152491 -0.103576 10.294732 12.77851 17.641125 -26.356123 52.573975 -19.483578 -14.415162 29.481737 0.006514 -8.787158 -0.003407 16.026812 -18.05662 6.190254 -0.596953 -1.788457 -3.891854 -4.822511 -11.058468 -2.950595 -0.000732 -20.983278 -0.013699 -5.00153 -25.041925 -4.036476 -0.007477 -0.003579 0.00438 -10.647129 -5.697049 -3.56321 10.593907 -17.943371 -3.129726 -0.00092 -13.839105 -0.009006 -0.50659 -31.242197 -4.04296 -11.894382 -60.179295 7.992223 -14.006385 -7.153445 -2.867268 13.796666 -8.405798 -3.229007 0.341907 -34.257202 0.733591 -0.965509 -17.747355 2.615936 -0.004397 -0.007916 0.006798 -17.377493 -20.117949 -4.198548 21.792198 -1.631117 3.856902 -0.004048 -6.339828 0.008732 -1.712441 -22.603249 -6.208084 0.002523 0.00551 -0.007639 75.836632 -80.364708 119.882195 34.201607 -68.875595 -3.841216 25.693592 0.316547 0.047397 -3.971693 -2.967193 11.03008 22.214485 -20.372267 49.916237 -16.71303 -16.742104 28.457735 -0.003966 -12.691429 -0.008741 15.859563 -17.877138 2.928355 -0.102136 -1.513227 -4.276546 -5.040713 -5.616864 -2.95337 0.004783 -11.027184 -0.011706 -6.112939 -15.903732 -3.821151 -0.001016 0.001044 0.001033 -10.282883 -5.683068 -4.336294 11.036633 -11.31932 -2.383927 -1.3778 -14.265618 -6.323282 -0.626381 -26.964766 -3.81741 -4.349841 -50.027924 -3.674849 -13.710285 -7.36607 -3.717372 18.151104 -14.069893 -3.242787 0.007169 -18.793089 -0.011153 -0.418834 -8.481585 2.545076 -0.004441 0.000876 0.013368 -15.933056 -20.11659 -5.480897 30.446686 -7.204135 1.748672 -0.001169 -8.177699 -0.006057 -1.856181 -22.887655 -6.166864 -0.002301 -0.000187 -0.009648 -177.676453 -1.168988 -6.574886 14.578187 -0.08469 0.237775 -81.847923 -5.479442 -5.55484 -5.31395 1.595627 2.123766 -0.996368 -0.000647 -0.000612 5.241633 -6.093086 -1.132527 7.241373 -0.052691 0.258098 -77.954338 0.54393 -6.991853 -5.242735 0.619542 1.64767 -0.994187 -0.000723 -0.000178 
0.0 0.0 0.0 0.0 -0.0 0.0 0.492433 99.772324 -4.178477 89.867249 3.827982 89.569748 0.630575 1.272991 -0.014944 -10.779717 0.043531 -0.296611 16.291512 0.080592 -2.082889 25.054928 -6.900631 2.804126 -2.676308 -0.445974 1.546221 -32.339363 3.358828 -1.029988 -0.001753 -0.000116 0.000161 0.042057 0.011398 0.136057 0.002983 -0.019375 0.112558 -0.010759 0.038491 0.165946 -117.337204 -69.613235 134.878906 36.496895 -58.818058 11.70701 27.186268 -0.10117 -0.151188 0.063274 10.417514 12.830912 17.619705 -26.308233 52.39048 -19.441093 -14.381771 29.366137 0.004699 -8.76443 0.008591 15.999227 -18.031685 6.217611 -0.60334 -1.798481 -3.874466 -4.809182 -11.038523 -2.937276 -0.005253 -20.949594 -0.020829 -5.02923 -25.009418 -4.039804 -0.002636 -0.008681 -0.000499 -10.62295 -5.693478 -3.551435 10.564409 -17.903664 -3.119785 -0.007555 -13.812613 0.008989 -0.506897 -31.169958 -4.038565 -11.876795 -59.889175 7.98043 -13.966039 -7.137035 -2.867879 13.759344 -8.40166 -3.217962 0.35169 -34.191051 0.78665 -0.945444 -17.706018 2.615473 -0.010655 -0.004302 0.008606 -17.338646 -20.091583 -4.204285 21.74979 -1.626201 3.862567 -0.009537 -6.334456 -0.002234 -1.715855 -22.578444 -6.159071 0.008151 -0.006458 -0.018824 74.687073 -79.945717 120.298569 34.018612 -68.602097 -3.908525 25.79858 0.275966 0.053496 -3.92947 -3.009171 11.045794 22.173035 -20.437397 50.061314 -16.700832 -16.742466 28.509602 0.002908 -12.682837 0.000826 15.843215 -17.871061 2.926531 -0.108684 -1.515232 -4.267205 -5.037553 -5.614797 -2.964729 0.004827 -11.034223 0.006149 -6.107676 -15.900035 -3.866369 0.003396 0.000569 0.003274 -10.285008 -5.677574 -4.334864 11.029107 -11.308634 -2.38872 -1.379074 -14.241401 -6.313948 -0.620603 -26.93067 -3.822229 -4.321439 -49.866081 -3.699402 -13.715937 -7.36332 -3.707697 18.14789 -14.057404 -3.24499 -0.0001 -18.782162 -0.00232 -0.423803 -8.452983 2.550361 -0.005796 -0.001912 0.00548 -15.931808 -20.099159 -5.478151 30.425989 -7.202676 1.735229 -0.008133 -8.148579 0.007535 -1.858933 -22.899923 -6.168986 -0.008606 0.000854 -0.00347 -177.687119 -1.18911 -6.596615 14.480942 -0.081095 0.228051 -81.708542 -5.482193 -5.53315 -5.278358 1.60664 2.125588 -1.002781 -0.003221 -0.001321 5.283334 -6.0565 -1.1287 7.045809 -0.060224 0.265786 -77.754448 0.569832 -6.976318 -5.217101 0.619912 1.647274 -1.004785 0.000583 -0.000139 
0.0 0.0 0.0 0.0 -0.0 0.0 0.532641 99.773277 -4.082866 89.837067 3.758639 89.497025 0.641888 1.302679 -0.017611 -10.780878 0.051925 -0.286124 16.27787 0.128093 -2.092475 24.939741 -6.935638 2.818017 -2.670161 -0.442179 1.591912 -32.548851 3.326885 -0.940164 0.0 0.000171 0.001737 0.042054 0.011692 0.132336 0.002824 -0.014989 0.110584 -0.005506 0.035794 0.162394 -117.090263 -69.749138 134.658981 36.509121 -58.910442 11.601925 27.454519 -0.143309 -0.169718 0.249547 10.58643 12.939532 17.635836 -26.311089 52.359997 -19.497095 -14.412987 29.386271 -0.011141 -8.779135 0.002078 15.941689 -18.020906 6.231437 -0.605662 -1.786214 -3.887887 -4.79512 -11.055163 -2.927823 0.023102 -20.986069 -0.017179 -5.008311 -25.058189 -4.001545 0.004644 0.006034 0.002112 -10.634665 -5.679095 -3.567304 10.589934 -17.922773 -3.100474 0.009413 -13.809518 0.002929 -0.462377 -31.159023 -4.032915 -11.93491 -59.849335 8.142314 -13.983458 -7.141989 -2.860772 13.788635 -8.404809 -3.234944 0.373675 -34.230377 0.761315 -0.957997 -17.75049 2.612768 0.0082 -0.009214 0.001639 -17.320871 -20.0819 -4.206757 21.761606 -1.65821 3.851072 0.006684 -6.344316 0.002157 -1.682531 -22.609182 -6.179479 0.00716 -0.002054 -0.0 75.345497 -80.140663 119.985947 34.196289 -68.701981 -4.083161 25.90654 0.278441 0.049668 -3.936139 -3.081674 11.028599 22.179361 -20.397587 49.987789 -16.709419 -16.757368 28.503407 0.001636 -12.692352 0.002611 15.852825 -17.894812 2.92747 -0.109225 -1.516834 -4.285666 -5.038137 -5.614059 -2.942576 0.00383 -11.025516 -0.00712 -6.112267 -15.882118 -3.836316 0.006456 0.002646 0.000482 -10.291439 -5.686313 -4.348594 11.037469 -11.311406 -2.362831 -1.383657 -14.252445 -6.323572 -0.622235 -26.942987 -3.832963 -4.296103 -49.889168 -3.708991 -13.720214 -7.372785 -3.721336 18.161917 -14.049497 -3.246888 0.000883 -18.797426 0.003808 -0.437518 -8.456712 2.559115 -0.005722 -0.000492 -0.002225 -15.932072 -20.10692 -5.475083 30.440811 -7.198729 1.729193 -0.004615 -8.173926 0.003409 -1.866834 -22.859264 -6.165926 0.002463 -0.003545 -0.004904 -177.680222 -1.186886 -6.634942 14.461143 -0.079666 0.22808 -81.891312 -5.526984 -5.541169 -5.248928 1.61206 2.129821 -0.992266 -0.00059 -2.7e-05 5.331234 -6.039209 -1.110805 6.874159 -0.061004 0.273606 -77.690125 0.611599 -6.967863 -5.179175 0.622169 1.645307 -1.005169 0.000755 -0.000314 
0.0 0.0 0.0 0.0 -0.0 0.0 0.554122 99.766357 -4.004873 89.811768 3.691303 89.398148 0.648385 1.340541 -0.02143 -10.774323 0.067026 -0.260405 16.266891 0.179827 -2.109555 24.808111 -6.983878 2.859356 -2.657021 -0.423069 1.610334 -32.803001 3.280846 -0.818892 -0.001873 0.0 0.001003 0.040118 0.012208 0.127239 -0.01109 -0.016026 0.100968 -0.012507 0.03581 0.159747 -117.030106 -69.529404 134.715286 36.333771 -58.701523 11.664966 27.769867 -0.151343 -0.189906 0.425502 10.801126 13.076067 17.606812 -26.256098 52.285728 -19.406971 -14.382901 29.310862 -0.004835 -8.76029 0.004475 15.879632 -18.01532 6.227466 -0.61308 -1.79749 -3.90605 -4.791317 -11.00479 -2.913727 0.015007 -20.930353 0.018441 -4.985704 -24.974106 -4.02476 0.00082 0.00235 0.00306 -10.615053 -5.669736 -3.564022 10.565723 -17.886297 -3.104012 0.007152 -13.794921 0.022042 -0.491119 -31.080555 -4.016937 -11.91699 -59.640442 8.146455 -13.954311 -7.119494 -2.876924 13.747725 -8.387254 -3.205752 0.344095 -34.105156 0.779627 -0.999751 -17.672134 2.635935 0.006993 -0.001625 -0.006706 -17.307043 -20.047224 -4.196059 21.733734 -1.64022 3.85667 0.001211 -6.325026 0.003905 -1.701412 -22.512465 -6.17504 0.001866 -0.006999 -0.001243 74.183083 -79.641685 120.275627 33.963509 -68.386887 -4.00264 25.999264 0.285945 0.072677 -3.898507 -3.177512 11.018729 22.138826 -20.348753 49.865547 -16.651667 -16.712353 28.415415 -0.001808 -12.662411 -0.010091 15.832341 -17.859764 2.903039 -0.103929 -1.506356 -4.286151 -5.028894 -5.606893 -2.933728 0.004402 -11.005915 -0.013607 -6.092598 -15.874002 -3.831979 -0.000521 0.007303 0.000405 -10.258624 -5.668628 -4.357346 10.999974 -11.287393 -2.343115 -1.379808 -14.214759 -6.318728 -0.629692 -26.869699 -3.820754 -4.30128 -49.682842 -3.702543 -13.676603 -7.348321 -3.7267 18.103233 -14.037646 -3.226328 0.001353 -18.7696 0.00899 -0.426473 -8.426339 2.541846 0.003009 -0.008598 0.000287 -15.879237 -20.060781 -5.482951 30.353531 -7.189456 1.730905 0.007196 -8.138072 0.000838 -1.852035 -22.85844 -6.155274 -0.004479 0.00116 -0.002469 -177.72435 -1.198361 -6.695823 14.515887 -0.080054 0.22476 -81.881538 -5.550139 -5.567252 -5.212604 1.615141 2.129836 -0.992412 -0.002988 -0.0001 5.267478 -6.0373 -1.061548 6.890848 -0.060437 0.268187 -77.757446 0.652638 -6.987215 -5.149156 0.622105 1.645811 -0.997837 1.3e-05 -0.000799 
0.0 0.0 0.0 0.0 -0.0 0.0 0.578519 99.768089 -3.928945 89.788673 3.643186 89.269997 0.664952 1.381489 -0.017275 -10.76505 0.082823 -0.262783 16.282009 0.255584 -2.135311 24.689722 -7.065366 2.896544 -2.633471 -0.416292 1.662732 -33.12352 3.224395 -0.698596 0.001492 -6.4e-05 -0.00072 0.047463 0.012451 0.130406 -0.009125 -0.016395 0.104562 -0.010567 0.035598 0.156884 -117.107109 -69.56868 134.890259 36.045635 -58.722649 11.92249 28.230497 -0.110851 -0.207135 0.60316 11.090606 13.226656 17.626551 -26.270533 52.340836 -19.44256 -14.372677 29.372053 0.002509 -8.767459 0.006821 15.908895 -18.065046 6.19207 -0.606038 -1.789003 -3.896921 -4.803779 -11.043674 -2.934688 0.004528 -20.972181 0.006015 -4.997354 -25.027418 -4.036766 -0.006204 0.003388 0.00153 -10.625069 -5.680552 -3.588085 10.552717 -17.917734 -3.080568 0.001308 -13.813252 -0.002933 -0.497089 -31.181692 -4.043684 -11.979753 -59.954624 8.092517 -13.967683 -7.139827 -2.883594 13.756141 -8.402198 -3.215467 0.347671 -34.221794 0.772648 -0.959901 -17.722153 2.615945 -0.010417 0.005834 0.010723 -17.324339 -20.08737 -4.211761 21.727953 -1.64379 3.870322 0.003997 -6.335272 -0.00967 -1.682158 -22.582432 -6.190921 0.006536 0.003471 -0.017254 74.199928 -79.821541 120.601318 33.848881 -68.470619 -3.912912 26.20575 0.266268 0.050102 -3.855812 -3.220877 11.018622 22.181225 -20.35601 49.923931 -16.667524 -16.729931 28.445961 0.00183 -12.680221 -0.009783 15.871985 -17.871351 2.906326 -0.106785 -1.51177 -4.265878 -5.038568 -5.612637 -2.956313 -0.002782 -11.013472 0.00309 -6.107596 -15.888835 -3.834775 -0.002622 -0.002044 -0.004836 -10.286028 -5.679201 -4.336348 11.015947 -11.282997 -2.35832 -1.39219 -14.229586 -6.318945 -0.644887 -26.885386 -3.828396 -4.272309 -49.748463 -3.772649 -13.705301 -7.360446 -3.714337 18.125509 -14.034654 -3.248454 -0.009247 -18.799187 0.017514 -0.424174 -8.431181 2.549159 -0.001668 0.000567 0.004187 -15.92199 -20.080963 -5.477475 30.391907 -7.176602 1.749458 0.000846 -8.168882 0.005406 -1.859758 -22.829798 -6.178675 0.000368 0.012364 0.007646 -177.679626 -1.194773 -6.781344 14.456982 -0.073456 0.210832 -81.98661 -5.595459 -5.619195 -5.212512 1.611223 2.128118 -0.999741 -4.6e-05 -9e-06 5.292638 -6.038532 -1.032763 6.780196 -0.053991 0.269381 -77.749489 0.733332 -7.004189 -5.074735 0.618987 1.64533 -1.001671 0.000733 -0.00026 
0.0 0.0 0.0 0.0 -0.0 0.0 0.580647 99.766075 -3.828387 89.768837 3.587168 89.085403 0.666897 1.436884 -0.005637 -10.770251 0.098184 -0.273639 16.295664 0.342366 -2.158281 24.495323 -7.157969 2.921428 -2.634604 -0.408476 1.741559 -33.425293 3.179408 -0.566349 -0.002052 -0.000202 -0.000692 0.04701 0.013046 0.138404 -0.004186 -0.013984 0.111434 -0.005523 0.035143 0.166649 -117.025322 -69.625175 134.87117 35.891155 -58.905083 12.084314 28.707331 -0.132989 -0.218972 0.784482 11.501521 13.307801 17.640699 -26.286446 52.393005 -19.466269 -14.389887 29.380281 -0.004349 -8.770731 -0.003481 15.826332 -18.09914 6.2787 -0.615978 -1.789016 -3.907581 -4.800587 -11.048427 -2.917551 -0.003061 -20.9734 -0.017688 -5.014629 -25.04533 -4.029003 -0.000823 -0.004505 0.000806 -10.632709 -5.68608 -3.569978 10.58147 -17.910297 -3.118439 0.000229 -13.820461 0.004131 -0.498466 -31.181818 -4.047215 -12.002188 -59.90197 8.098001 -13.965418 -7.138844 -2.878806 13.761443 -8.403858 -3.221993 0.373084 -34.19614 0.769287 -0.950639 -17.722271 2.618599 -0.0 -0.003968 0.00516 -17.324451 -20.081606 -4.204351 21.759445 -1.647403 3.844107 -0.006633 -6.337312 0.005161 -1.686325 -22.594559 -6.188745 0.001656 0.001703 -0.017536 74.385078 -79.945129 120.629532 33.784866 -68.595505 -3.898798 26.375736 0.187044 0.061299 -3.762911 -3.257346 10.971474 22.204897 -20.383478 49.938763 -16.727512 -16.746084 28.498652 -0.004458 -12.692599 0.001657 15.905014 -17.908243 2.873062 -0.105972 -1.518587 -4.275037 -5.03902 -5.617763 -2.952055 0.008284 -11.038797 -0.008067 -6.114223 -15.91894 -3.851568 0.002166 0.000666 -0.000806 -10.282044 -5.675884 -4.334122 11.039054 -11.31737 -2.376621 -1.377704 -14.266155 -6.322503 -0.623543 -26.95063 -3.825318 -4.339361 -49.905876 -3.729844 -13.703526 -7.363513 -3.720194 18.147751 -14.074848 -3.241751 0.009859 -18.796227 -0.011849 -0.420899 -8.459669 2.558592 -0.003045 -0.008918 0.000294 -15.90629 -20.098351 -5.466162 30.402306 -7.208439 1.726366 0.00392 -8.157977 -0.008828 -1.844873 -22.867432 -6.175167 0.002155 0.00975 -0.004426 -177.619614 -1.205717 -6.928576 14.381792 -0.06963 0.204655 -81.955086 -5.621422 -5.659366 -5.209354 1.616985 2.130018 -0.992249 0.000272 -0.000403 5.262914 -6.037243 -0.982263 6.762899 -0.058579 0.276031 -77.74601 0.810288 -7.020474 -5.058343 0.610549 1.642598 -0.99462 0.000372 -0.000281 
0.0 0.0 0.0 0.0 -0.0 0.0 0.576459 99.762344 -3.693523 89.759247 3.540123 88.853546 0.695846 1.501037 -0.010947 -10.774002 0.104264 -0.308585 16.291252 0.439448 -2.166931 24.246111 -7.239763 2.958463 -2.623024 -0.405483 1.842287 -33.736057 3.105685 -0.410522 2.7e-05 -0.000145 -2.3e-05 0.045633 0.014783 0.143716 -0.00416 -0.0137 0.117945 -0.002106 0.038913 0.175309 -117.082458 -69.502617 135.087357 35.374836 -58.922478 12.384703 29.295303 -0.110881 -0.218965 1.04446 12.067724 13.418897 17.62484 -26.375029 52.559914 -19.463213 -14.409189 29.455812 -0.000728 -8.776246 0.003403 15.809556 -18.151878 6.323082 -0.607152 -1.802228 -3.883621 -4.80099 -11.034895 -2.936534 -0.000952 -20.969175 -0.010142 -5.023968 -25.016455 -4.036521 -0.002694 0.000185 0.010759 -10.639835 -5.690403 -3.577848 10.577412 -17.921923 -3.098374 -0.000308 -13.815674 0.00467 -0.502792 -31.174152 -4.035531 -12.07321 -59.855095 8.227942 -13.979884 -7.151855 -2.869382 13.77071 -8.398489 -3.244555 0.349575 -34.217403 0.791482 -0.984146 -17.728477 2.638939 0.008344 0.009535 -0.003693 -17.345381 -20.089756 -4.19719 21.748964 -1.637842 3.856109 -0.002094 -6.336625 -0.001288 -1.70124 -22.572226 -6.179965 -0.002568 -0.002148 0.00084 73.85585 -79.803909 120.939209 33.42942 -68.458351 -3.690297 26.611982 0.138184 0.0714 -3.609254 -3.275077 10.897645 22.166649 -20.434614 50.067429 -16.703646 -16.76696 28.536758 -0.002265 -12.690787 0.007919 15.938282 -17.932777 2.89819 -0.101593 -1.511274 -4.269011 -5.04484 -5.612131 -2.963488 -0.005358 -11.017403 0.004188 -6.119843 -15.896036 -3.848943 -0.001749 -0.006963 0.000662 -10.279331 -5.677942 -4.340911 11.017236 -11.29769 -2.366723 -1.379209 -14.223755 -6.319262 -0.622237 -26.905912 -3.828259 -4.375204 -49.867588 -3.708614 -13.702466 -7.360658 -3.71646 18.124489 -14.032055 -3.247986 -0.010031 -18.774599 0.008173 -0.440043 -8.463098 2.575053 0.006463 0.002146 -0.006069 -15.921279 -20.096104 -5.484851 30.418186 -7.176441 1.745983 -0.003736 -8.160296 0.005384 -1.87152 -22.85346 -6.165191 -0.010462 0.021707 0.005127 -177.4879 -1.205344 -7.090308 14.249182 -0.06217 0.193787 -82.022583 -5.679523 -5.702808 -5.205562 1.61826 2.130482 -0.989403 0.000279 0.000553 5.236295 -6.054046 -0.878236 6.773253 -0.050612 0.273358 -77.825241 0.898489 -7.050236 -5.017392 0.606398 1.641138 -1.002088 0.00054 -0.000426 
0.0 0.0 0.0 0.0 -0.0 0.0 0.589423 99.762917 -3.554719 89.738113 3.457344 88.49736 0.739194 1.587109 -0.010148 -10.793194 0.113942 -0.355386 16.279484 0.54888 -2.168394 24.022667 -7.326044 2.991345 -2.612619 -0.417264 1.949455 -34.100044 3.003698 -0.216048 -0.001179 0.000456 0.001007 0.047807 0.01774 0.141706 -0.000882 -0.011137 0.120719 0.001183 0.04183 0.172515 -116.964668 -69.444504 135.153702 34.656929 -59.096737 12.842547 29.980787 -0.055125 -0.245342 1.391816 12.744402 13.676879 17.632324 -26.297974 52.40802 -19.452446 -14.368341 29.385971 0.001552 -8.763435 -0.001831 15.790286 -18.141912 6.315804 -0.604967 -1.788073 -3.904799 -4.808142 -11.059649 -2.945696 -0.006083 -21.005077 0.01091 -5.017106 -25.075228 -4.039649 0.000256 -0.005266 0.006984 -10.630347 -5.686428 -3.591727 10.559713 -17.926394 -3.105262 -0.008271 -13.82845 -0.010754 -0.520384 -31.192518 -4.028361 -11.956886 -59.867088 8.139563 -13.971749 -7.15745 -2.906162 13.752351 -8.394775 -3.20585 0.333175 -34.228725 0.773372 -0.952296 -17.745001 2.596449 -0.002512 -0.0 -0.002312 -17.320913 -20.104403 -4.237868 21.728664 -1.640986 3.87381 0.007105 -6.344748 0.007845 -1.685081 -22.572962 -6.218585 -0.010269 0.003996 0.008642 73.957764 -79.783211 120.921974 33.162285 -68.455902 -3.529282 26.933258 0.13373 0.06013 -3.395348 -3.293528 10.755168 22.20269 -20.36565 49.957623 -16.682329 -16.75721 28.473537 0.003999 -12.699753 -0.007584 15.985294 -18.003014 2.857135 -0.100952 -1.511227 -4.291745 -5.052848 -5.613594 -2.940791 -0.009583 -11.005538 -0.000179 -6.132593 -15.874666 -3.848567 0.007473 -0.004191 -0.005056 -10.288282 -5.681635 -4.34244 11.024391 -11.282859 -2.362049 -1.39981 -14.224379 -6.331505 -0.643801 -26.859303 -3.816226 -4.29737 -49.744495 -3.811536 -13.716821 -7.367719 -3.731472 18.129446 -14.022409 -3.236181 -0.010441 -18.784809 0.002359 -0.435534 -8.438817 2.572027 -0.002 0.001674 -0.004494 -15.943127 -20.096491 -5.481821 30.435883 -7.181794 1.750654 0.001363 -8.152268 0.013986 -1.884558 -22.829159 -6.168693 5.6e-05 -0.000773 -0.011922 -177.319046 -1.196461 -7.306275 14.081264 -0.055129 0.213605 -82.206024 -5.812429 -5.7559 -5.213885 1.633228 2.138735 -1.000202 0.003792 0.00203 5.221197 -6.066792 -0.684744 6.720081 -0.056053 0.271415 -77.838554 1.055544 -7.093781 -4.975912 0.609876 1.640483 -1.008741 -0.000359 -0.00014 
0.0 0.0 0.0 0.0 -0.0 0.0 0.602499 99.74939 -3.414496 89.7071 3.378964 88.067596 0.779935 1.694218 -0.057082 -10.795771 0.142232 -0.354643 16.244743 0.691184 -2.206954 23.712801 -7.448401 3.040747 -2.631264 -0.420592 2.070669 -34.475906 2.874214 0.070004 -0.002419 -6e-06 0.000978 0.042021 0.017919 0.136361 0.005827 -0.009216 0.114207 0.005549 0.039647 0.162679 -116.716476 -69.583 135.059921 33.922897 -59.530647 13.49518 30.962471 -0.06815 -0.262363 1.85357 13.559949 14.112767 17.663721 -26.332886 52.388287 -19.495085 -14.393446 29.436199 -0.0037 -8.780231 -0.010468 15.798719 -18.188021 6.364278 -0.61478 -1.802538 -3.907717 -4.803443 -11.054506 -2.934629 0.003 -20.972748 0.010396 -5.013828 -25.011641 -4.034228 0.001011 0.000434 -1.4e-05 -10.638889 -5.693521 -3.580626 10.5837 -17.94688 -3.107211 0.008015 -13.830482 -0.014819 -0.500674 -31.203535 -4.00948 -12.120723 -59.950619 8.337484 -13.990005 -7.156388 -2.888377 13.795114 -8.426974 -3.21614 0.376726 -34.285534 0.767468 -0.922642 -17.772963 2.617001 -0.006893 0.015071 0.004324 -17.332977 -20.119297 -4.22481 21.748117 -1.653955 3.884222 0.010595 -6.34356 -0.006854 -1.657966 -22.620012 -6.234945 -0.000572 -0.001983 -0.009645 74.837463 -80.136139 120.628983 32.906273 -68.556923 -3.343918 27.361408 0.158089 0.084003 -3.15339 -3.363027 10.606336 22.213293 -20.431631 50.05698 -16.714525 -16.771181 28.526348 0.002319 -12.702728 0.002768 16.017466 -18.03038 2.852232 -0.107988 -1.514596 -4.284313 -5.045868 -5.616269 -2.956412 -0.002102 -11.026472 0.005478 -6.113553 -15.902248 -3.842539 -0.003211 -0.007782 0.004591 -10.297869 -5.684258 -4.344701 11.037527 -11.305255 -2.372727 -1.383939 -14.250746 -6.339468 -0.639077 -26.963251 -3.810899 -4.304777 -49.934895 -3.790396 -13.728608 -7.370011 -3.722173 18.15506 -14.053409 -3.23803 -0.007566 -18.776747 0.018517 -0.420848 -8.461536 2.537295 0.001402 0.008054 -0.001789 -15.939143 -20.112066 -5.480551 30.422039 -7.18887 1.731413 0.002059 -8.186131 0.013298 -1.869451 -22.866329 -6.168203 -0.000119 0.011922 -0.002517 -177.244293 -1.197595 -7.589045 14.054242 -0.05806 0.20865 -82.26947 -5.95086 -5.766895 -5.216213 1.626702 2.141973 -0.9967 -0.003194 -0.000651 5.021454 -6.084143 -0.421849 6.914335 -0.060314 0.283106 -77.992889 1.251013 -7.143828 -4.958585 0.609244 1.63443 -0.991267 0.001146 0.00032 
0.0 0.0 0.0 0.0 -0.0 0.0 0.591457 99.750778 -3.22876 89.636108 3.267693 87.387749 0.843271 1.839394 -0.042822 -10.792612 0.159554 -0.446071 16.164019 0.850526 -2.190996 23.223902 -7.571841 3.076239 -2.618573 -0.444736 2.282916 -34.82719 2.660927 0.385235 0.001822 -0.0002 -0.001007 0.047011 0.021252 0.134109 0.008083 -0.004694 0.118226 0.010297 0.043245 0.164025 -116.250984 -69.161987 134.915161 32.206871 -59.539154 14.835857 32.392315 -0.026424 -0.255067 2.45005 14.465851 14.780058 17.648752 -26.332304 52.4594 -19.486607 -14.425027 29.43062 -0.005624 -8.789642 -0.001184 15.754321 -18.211607 6.344326 -0.608958 -1.784627 -3.878173 -4.798892 -11.053951 -2.94469 0.008665 -20.989086 0.000257 -5.004856 -25.037998 -4.039834 -0.014605 0.003085 0.007266 -10.641523 -5.677023 -3.546022 10.605627 -17.958578 -3.12199 0.016539 -13.844139 -0.007957 -0.471418 -31.226112 -4.013968 -12.127567 -59.953812 8.446374 -13.985829 -7.127841 -2.859351 13.792081 -8.422182 -3.235332 0.375162 -34.243633 0.763746 -0.945433 -17.750902 2.635959 0.000837 0.014955 -0.000755 -17.351719 -20.093489 -4.177433 21.776865 -1.646847 3.836043 -0.009485 -6.343059 -0.005207 -1.68299 -22.610977 -6.174965 -0.004798 -0.002111 -0.001438 74.813377 -79.893669 120.088112 32.507999 -68.527779 -3.045431 27.928864 0.101865 0.095347 -2.78787 -3.409011 10.425759 22.209049 -20.38588 49.93919 -16.704697 -16.740412 28.464811 -0.007942 -12.694078 -0.007597 16.025351 -18.071966 2.858812 -0.097245 -1.515887 -4.256794 -5.038988 -5.614193 -2.957701 0.000836 -11.0176 -0.002251 -6.107014 -15.894978 -3.825862 -0.005068 0.012233 0.004619 -10.282545 -5.677249 -4.330829 11.035232 -11.309646 -2.368437 -1.391925 -14.235631 -6.324757 -0.626587 -26.94368 -3.823771 -4.289584 -49.887257 -3.813195 -13.709662 -7.362189 -3.713176 18.146198 -14.066449 -3.237718 0.005084 -18.794592 0.005499 -0.421866 -8.473801 2.575814 0.002947 0.00905 -0.000813 -15.923695 -20.096422 -5.457746 30.428356 -7.194379 1.749372 0.013076 -8.181901 -0.003039 -1.85838 -22.873104 -6.185436 -0.003279 -0.000863 0.003422 -177.029907 -1.212316 -8.008524 13.789711 -0.064333 0.22544 -82.277145 -6.148825 -5.808577 -5.222448 1.634815 2.139995 -1.002585 -0.000822 -0.001039 4.848734 -6.079863 -0.021754 6.934906 -0.055713 0.292327 -77.986389 1.546872 -7.149395 -4.941318 0.614703 1.635597 -0.994611 -0.001255 -0.000291 
0.0 0.0 0.0 0.0 -0.0 0.0 0.611785 99.750069 -3.059374 89.52536 3.071183 86.490486 0.899737 2.010939 -0.06447 -10.765697 0.207586 -0.475392 16.056601 1.08346 -2.209846 22.627621 -7.773409 3.137272 -2.609504 -0.460962 2.490551 -35.258846 2.394985 0.84508 0.002835 0.000164 -1.4e-05 0.047655 0.020761 0.119474 0.034711 -0.006883 0.105537 0.047163 0.040518 0.135983 -115.782829 -68.805916 134.755615 29.753345 -59.455997 17.196327 34.574951 0.028701 -0.301412 3.371593 15.580085 15.953203 17.600681 -26.274549 52.364883 -19.470016 -14.38284 29.421713 -0.00049 -8.765387 0.003363 15.649156 -18.183998 6.343204 -0.613668 -1.810311 -3.884926 -4.808622 -11.047758 -2.948678 -0.000901 -20.972548 -0.022075 -5.021181 -25.060602 -4.052158 0.000934 -0.005191 0.00045 -10.628736 -5.700858 -3.570803 10.561192 -17.930948 -3.129303 -0.008591 -13.824473 -0.010624 -0.498511 -31.177774 -4.043281 -12.021166 -59.641842 8.288106 -13.9807 -7.158947 -2.883121 13.771291 -8.406001 -3.208994 0.358337 -34.224155 0.740755 -0.959463 -17.726698 2.616869 0.013049 -0.003715 -0.009173 -17.335842 -20.116123 -4.197831 21.747154 -1.631376 3.845674 0.006189 -6.347135 0.015872 -1.687171 -22.612684 -6.220197 -0.005672 -0.000702 -0.00307 74.571259 -79.790031 120.060493 31.918196 -68.400162 -2.478321 28.766842 0.10588 0.108657 -2.332836 -3.526133 10.429507 22.208942 -20.374903 50.020176 -16.686804 -16.761959 28.491724 0.0161 -12.705606 -0.011175 16.119871 -18.146444 2.811588 -0.100236 -1.51305 -4.281324 -5.058791 -5.619179 -2.94993 -0.00609 -11.023649 0.000963 -6.137806 -15.887365 -3.86352 0.001241 -0.007187 -0.003047 -10.301078 -5.691419 -4.345843 11.031517 -11.301804 -2.358644 -1.392815 -14.234994 -6.332542 -0.641219 -26.904823 -3.848261 -4.261003 -49.758274 -3.887658 -13.728329 -7.374555 -3.709479 18.141651 -14.03027 -3.236312 -0.010444 -18.765102 -0.002641 -0.429507 -8.448024 2.548308 -0.013726 0.017348 0.011114 -15.958491 -20.117283 -5.46743 30.443304 -7.167125 1.753071 -0.002005 -8.163025 -0.002986 -1.890886 -22.859566 -6.175269 0.004952 -0.007752 -0.001807 -176.918686 -1.224155 -8.543823 13.621538 -0.081042 0.227781 -82.351913 -6.478789 -5.892203 -5.238204 1.635392 2.136475 -0.985782 -0.004111 -0.000139 4.491262 -6.063013 0.471933 7.049117 -0.056359 0.320904 -77.983627 1.924121 -7.138005 -4.946419 0.617807 1.632039 -0.990593 -0.001055 -7e-05 
0.0 0.0 0.0 0.0 -0.0 0.0 0.628148 99.734169 -2.855074 89.400612 2.806703 85.244316 0.976031 2.235482 -0.072466 -10.71882 0.264746 -0.51493 15.933532 1.429178 -2.192266 21.874643 -8.041606 3.206671 -2.586777 -0.497851 2.719291 -35.817589 2.056266 1.486174 -1.5e-05 0.000374 0.000849 0.054652 0.020634 0.102889 0.041561 -0.012552 0.091579 0.06054 0.045724 0.117751 -114.775604 -68.699539 133.966629 26.249531 -59.145409 21.032511 38.154175 0.002968 -0.398721 4.683969 16.854879 18.073719 17.649094 -26.303375 52.454708 -19.507883 -14.4379 29.478823 -0.000939 -8.794238 -0.007676 15.67252 -18.210098 6.272851 -0.604987 -1.790429 -3.892242 -4.811504 -11.068006 -2.960065 0.020893 -21.023457 0.001127 -5.009084 -25.092903 -4.041456 -0.002572 0.00738 -0.009004 -10.650689 -5.683002 -3.584785 10.604042 -17.945581 -3.112496 0.010611 -13.824726 -0.005717 -0.474955 -31.175337 -4.020117 -11.882522 -59.446442 8.267883 -14.003262 -7.140131 -2.88906 13.810529 -8.425848 -3.233631 0.390212 -34.252048 0.757741 -0.943832 -17.756523 2.627134 -0.001414 -0.003531 -0.000598 -17.368565 -20.110085 -4.2294 21.805353 -1.658343 3.865233 0.002007 -6.348284 0.008449 -1.698055 -22.621298 -6.202098 0.003953 -0.001817 -0.003279 75.61338 -80.252823 119.659149 31.607807 -68.475273 -1.834553 29.783953 0.103052 0.170526 -1.675113 -3.628741 10.439984 22.205458 -20.425781 50.059898 -16.716967 -16.759024 28.525566 0.000823 -12.700614 0.008321 16.147156 -18.16205 2.813034 -0.098464 -1.514979 -4.281668 -5.040554 -5.616076 -2.968467 0.000758 -11.025959 0.0007 -6.104883 -15.905102 -3.829915 0.003962 -0.006782 -0.006368 -10.290347 -5.681524 -4.346556 11.038508 -11.303749 -2.36963 -1.37804 -14.238016 -6.32197 -0.606339 -26.905802 -3.828023 -4.364419 -49.68914 -3.734396 -13.718625 -7.36674 -3.723054 18.160097 -14.060567 -3.261422 -0.006389 -18.797228 0.01334 -0.419182 -8.478854 2.566349 -0.001527 -0.000199 -0.003531 -15.922796 -20.110203 -5.489476 30.44491 -7.206305 1.73779 0.001354 -8.171663 -0.014477 -1.851465 -22.876169 -6.167088 -0.005283 0.010387 -0.0 -176.899139 -1.292043 -9.278649 13.630459 -0.090612 0.222016 -82.618774 -6.936641 -5.996627 -5.201253 1.615154 2.130621 -0.995829 0.003843 0.001475 3.863103 -6.027263 1.148038 7.444689 -0.053023 0.361245 -78.183739 2.424298 -7.097037 -4.952112 0.601244 1.628331 -0.990853 -0.001081 4.9e-05 
0.0 0.0 0.0 0.0 -0.0 0.0 0.674247 99.7174 -2.641202 89.181511 2.505227 83.648621 1.076051 2.493201 -0.062839 -10.653309 0.316924 -0.580819 15.811717 1.919962 -2.105781 20.978275 -8.363016 3.242183 -2.586848 -0.537721 3.040911 -36.336002 1.593122 2.378606 0.003396 -8e-06 -0.0 0.070976 0.021674 0.094191 0.058398 -0.016143 0.081959 0.077108 0.050291 0.112086 -113.110313 -68.161636 132.52298 20.975908 -57.499451 27.042322 43.565121 -0.01486 -0.471674 6.622412 18.313456 21.756609 17.648373 -26.330795 52.473576 -19.438808 -14.39784 29.384533 0.000963 -8.773264 -0.004218 15.737748 -18.026228 6.122875 -0.608837 -1.781207 -3.898117 -4.797866 -11.053162 -2.929542 -0.000445 -20.98399 0.018131 -5.013123 -25.032366 -4.039705 0.002797 0.00152 -0.015114 -10.622128 -5.675349 -3.561625 10.586278 -17.909197 -3.124362 0.007006 -13.821368 0.004409 -0.489992 -31.175785 -4.004832 -11.848427 -59.146427 8.283034 -13.973339 -7.138414 -2.87722 13.768087 -8.392562 -3.222418 0.342152 -34.210438 0.791174 -0.961569 -17.742508 2.621639 0.001535 -0.00752 -0.001033 -17.331909 -20.075487 -4.211845 21.759398 -1.646998 3.85893 -0.004659 -6.351772 0.019656 -1.690367 -22.596891 -6.191323 -0.002158 -0.002179 -0.004269 74.920837 -79.829704 119.397079 31.157789 -67.643372 -1.112221 30.787857 0.08143 0.2232 -0.779167 -3.513344 10.631765 22.1894 -20.360743 49.95462 -16.672632 -16.748791 28.446692 0.003261 -12.697398 -0.004245 16.098137 -18.172451 2.795882 -0.093035 -1.50677 -4.271307 -5.042535 -5.60793 -2.959014 -0.017286 -10.996671 0.008508 -6.128449 -15.864326 -3.829763 0.000841 0.004412 0.001382 -10.274823 -5.677314 -4.336509 11.018215 -11.288593 -2.373398 -1.397095 -14.225882 -6.304534 -0.634293 -26.895569 -3.835395 -4.452311 -49.507977 -3.701514 -13.695486 -7.359176 -3.710534 18.120327 -14.01137 -3.242269 -0.019549 -18.748606 0.006251 -0.430399 -8.439734 2.54012 0.000135 -0.000437 0.010785 -15.917337 -20.081722 -5.464129 30.408012 -7.167798 1.745148 0.008765 -8.15719 -0.010174 -1.881963 -22.843006 -6.172709 -0.003454 -0.006924 -0.007662 -176.864899 -1.367851 -10.179334 13.654743 -0.104768 0.217737 -82.956169 -7.572172 -6.102528 -5.185334 1.641096 2.137634 -1.003228 0.000165 -0.000473 3.157443 -5.94925 2.02882 7.792862 -0.03919 0.377579 -78.266457 3.053274 -7.016457 -4.975489 0.574544 1.621503 -1.001154 -0.00071 -0.000184 
0.0 0.0 0.0 0.0 -0.0 0.0 0.691056 99.685806 -2.400396 88.939346 2.232173 81.863602 1.19508 2.777563 -0.057342 -10.563685 0.377548 -0.620881 15.728898 2.594896 -1.988244 20.118654 -8.762585 3.238726 -2.578866 -0.571107 3.453017 -36.944065 0.997946 3.560472 7e-06 0.000299 7.7e-05 0.084596 0.020818 0.079929 0.061883 -0.024247 0.060014 0.083158 0.056936 0.107003 -110.546082 -68.002335 130.098877 15.336377 -54.251305 34.437073 51.381088 -0.044637 -0.427662 8.384839 19.940592 27.299614 17.632429 -26.296576 52.367622 -19.391663 -14.372757 29.340803 -0.008542 -8.750916 0.001941 15.872127 -17.699514 5.888582 -0.615049 -1.790949 -3.896775 -4.785061 -10.995943 -2.921347 -0.000154 -20.895205 0.009065 -4.989998 -24.934576 -4.020504 0.001593 -0.004825 -0.00533 -10.616725 -5.663925 -3.566827 10.551558 -17.886662 -3.097586 -0.0019 -13.79564 0.010109 -0.504362 -31.110706 -4.01792 -11.634068 -58.718754 8.080566 -13.965 -7.133247 -2.880753 13.74327 -8.368569 -3.205627 0.335372 -34.093792 0.800505 -0.962865 -17.680487 2.615069 0.0029 0.004768 0.003241 -17.313141 -20.040783 -4.213634 21.712749 -1.635944 3.877501 0.005664 -6.323567 0.009751 -1.702589 -22.526897 -6.165524 -0.007555 -0.000212 -0.0017 74.728264 -79.887749 119.534271 31.084837 -66.876083 -0.499649 31.726471 0.031574 0.280234 0.325437 -3.191138 11.255886 22.166008 -20.424101 50.01104 -16.654987 -16.750893 28.475767 0.003692 -12.67893 0.00925 15.952167 -18.101854 2.835416 -0.098968 -1.506291 -4.292165 -5.039473 -5.602023 -2.947284 0.000337 -10.994692 0.003614 -6.105983 -15.853839 -3.824975 0.003788 -0.006165 0.003384 -10.263644 -5.669843 -4.358574 11.01321 -11.278747 -2.346094 -1.38362 -14.216625 -6.333365 -0.639982 -26.841532 -3.803608 -4.518834 -49.31884 -3.674175 -13.686757 -7.351231 -3.738534 18.117695 -14.02126 -3.22122 -0.006251 -18.753292 0.010833 -0.430381 -8.461562 2.544054 0.001671 -3.9e-05 -0.001202 -15.889185 -20.062475 -5.48173 30.36821 -7.165535 1.731621 -0.006949 -8.144917 0.004103 -1.880006 -22.827971 -6.119539 -0.004167 0.003569 -0.006359 -176.812347 -1.497306 -11.119762 13.798457 -0.121723 0.194192 -83.218765 -8.340251 -6.215242 -5.116686 1.660586 2.136096 -0.991683 -0.001677 0.001389 2.392121 -5.796299 3.029421 8.273678 -0.022404 0.37062 -78.336197 3.794785 -6.914494 -5.003179 0.531312 1.615352 -1.001729 0.000401 -0.000295 
0.0 0.0 0.0 0.0 -0.0 0.0 0.695445 99.656189 -2.147213 88.710121 2.027999 80.188042 1.336301 3.028667 -0.074518 -10.522735 0.422426 -0.703138 15.733758 3.40191 -1.791029 19.389444 -9.110842 3.196172 -2.559954 -0.562715 3.895592 -37.57338 0.24458 4.939396 0.002841 0.000422 -0.000121 0.094437 0.017753 0.052185 0.023857 -0.036327 0.021624 0.069109 0.06132 0.092023 -107.309525 -68.163734 126.970581 10.513311 -48.823444 41.685661 61.181057 0.165648 -0.088358 8.935417 21.265507 33.875927 17.666058 -26.312393 52.380959 -19.422155 -14.350646 29.365477 0.00426 -8.755969 -0.005883 15.981075 -17.404724 5.833829 -0.612306 -1.809259 -3.875259 -4.793491 -11.006187 -2.941988 0.010978 -20.925705 0.006966 -5.001453 -24.95521 -4.018971 0.00063 -0.006969 9.8e-05 -10.622447 -5.691684 -3.553351 10.566287 -17.873232 -3.104564 0.006718 -13.786484 0.00149 -0.500703 -31.098585 -4.003577 -11.500521 -58.651463 7.992637 -13.959926 -7.142251 -2.870399 13.746731 -8.372678 -3.199173 0.351694 -34.08662 0.787736 -0.958381 -17.669306 2.627769 0.0 0.00577 0.001884 -17.304213 -20.051434 -4.207472 21.700542 -1.639512 3.875687 0.00913 -6.312373 0.00104 -1.68476 -22.507317 -6.171927 0.003357 -0.000563 -0.0 73.509392 -79.760803 120.628517 31.026432 -65.90844 0.150442 32.657169 -0.017051 0.280076 1.483327 -2.680812 12.132075 22.143435 -20.37604 49.958199 -16.652987 -16.728622 28.473194 0.010934 -12.681397 0.003029 15.873677 -18.058729 2.838641 -0.108312 -1.509405 -4.278036 -5.03766 -5.604317 -2.96 -0.010949 -11.005735 0.00757 -6.117612 -15.869289 -3.847699 -0.00109 0.005688 0.001647 -10.279703 -5.67129 -4.340231 11.025376 -11.276603 -2.379466 -1.405305 -14.194015 -6.311289 -0.633928 -26.891855 -3.82902 -4.552718 -49.329391 -3.754613 -13.707222 -7.351461 -3.7235 18.123541 -14.007505 -3.223047 -0.012151 -18.719589 0.005496 -0.426685 -8.434813 2.553727 -0.002508 -0.000344 0.008336 -15.919923 -20.06032 -5.47785 30.410042 -7.16923 1.746907 0.003631 -8.142726 0.005274 -1.868018 -22.794701 -6.157982 -0.00339 0.011748 8.9e-05 -176.619949 -1.611856 -11.904816 13.841326 -0.120587 0.160725 -83.603287 -9.196296 -6.335883 -4.979259 1.682568 2.148693 -0.992421 -0.000185 0.000172 1.832189 -5.61567 3.925417 8.589431 -0.01181 0.344144 -78.336861 4.484027 -6.802254 -4.986242 0.484368 1.609029 -0.986732 -0.000963 0.000123 
0.0 0.0 0.0 0.0 -0.0 0.0 0.673184 99.608063 -1.909959 88.554245 1.885447 78.972771 1.450307 3.179135 -0.140273 -10.4973 0.42364 -0.823116 15.752889 4.223476 -1.598863 18.899168 -9.317467 3.159544 -2.558873 -0.516498 4.25581 -37.97823 -0.55507 6.171352 -0.0 -0.000419 0.000126 0.083837 0.014973 0.030395 0.01486 -0.05029 -0.010171 0.082049 0.068424 0.077834 -103.713997 -68.800186 123.399689 7.416579 -41.536003 47.526814 72.009224 0.438951 0.621547 8.024859 21.261656 39.563892 17.598236 -26.285982 52.416138 -19.444431 -14.403374 29.387899 -0.001262 -8.762433 0.00188 15.898151 -17.182858 5.806279 -0.601789 -1.791122 -3.888535 -4.802393 -11.017805 -2.930654 0.006763 -20.952703 -0.002547 -5.01056 -24.999292 -4.021106 0.000847 -9.6e-05 -0.00069 -10.630049 -5.67208 -3.557599 10.57588 -17.899769 -3.117846 0.005836 -13.812751 0.001405 -0.495429 -31.152712 -4.025313 -11.29359 -58.621037 7.728385 -13.977545 -7.135346 -2.87022 13.770518 -8.379922 -3.218158 0.357305 -34.153767 0.766554 -0.957077 -17.717852 2.619599 0.000947 6.5e-05 0.000861 -17.329395 -20.059698 -4.195404 21.740465 -1.63425 3.845911 0.00011 -6.336111 -0.00091 -1.697531 -22.561062 -6.183894 0.001941 7.5e-05 -0.000637 72.79174 -79.810898 121.8601 30.710464 -64.897095 1.036511 33.659397 -0.097525 0.257881 2.589216 -1.976352 12.919054 22.145535 -20.320107 49.866718 -16.702812 -16.726936 28.468973 -0.007881 -12.683021 0.011911 16.009777 -18.005093 2.775416 -0.1016 -1.511983 -4.273246 -5.031256 -5.608034 -2.957835 -0.000257 -11.02028 -0.001832 -6.092738 -15.878151 -3.849475 0.00302 0.00031 0.00233 -10.275916 -5.674949 -4.331261 11.015862 -11.294518 -2.377403 -1.366485 -14.230245 -6.319362 -0.609609 -26.902754 -3.82719 -4.58965 -49.552235 -3.760937 -13.692919 -7.354513 -3.714111 18.126354 -14.040854 -3.245514 0.01146 -18.790895 0.001576 -0.425188 -8.446748 2.534289 0.00536 -0.001227 0.015569 -15.904076 -20.087427 -5.467144 30.39245 -7.18636 1.73333 -0.001168 -8.16394 -0.009414 -1.833334 -22.869345 -6.20128 -0.001262 0.001772 -0.005338 -176.50972 -1.693233 -12.357875 14.009472 -0.109003 0.130113 -83.668747 -9.758677 -6.479479 -4.809768 1.700378 2.161444 -0.994055 0.002213 0.000472 1.241023 -5.476401 4.582215 9.281425 -0.001139 0.324881 -78.647942 4.860303 -6.705732 -4.893701 0.458388 1.607126 -1.001584 5e-05 2e-05 
0.0 0.0 0.0 0.0 -0.0 0.0 0.657866 99.572762 -1.721908 88.563919 1.766613 78.368652 1.560537 3.196767 -0.199303 -10.544362 0.368589 -1.049132 15.749081 4.942626 -1.447588 18.566948 -9.342317 3.135931 -2.535647 -0.511249 4.582714 -38.046314 -1.316668 7.055037 0.004125 -0.000851 0.001208 0.07042 0.015738 0.020486 0.012759 -0.06001 -0.024313 0.068146 0.081403 0.06614 -100.047478 -69.695274 119.752304 5.852552 -32.737068 51.524807 83.643425 0.49335 1.660559 6.782266 19.698408 43.527657 17.636213 -26.362705 52.448639 -19.525257 -14.426639 29.439253 0.008267 -8.786798 0.003028 15.54492 -17.006762 5.873086 -0.611782 -1.794375 -3.894859 -4.805254 -11.087246 -2.938706 0.013368 -21.028072 -0.003151 -5.019375 -25.118364 -4.028536 -0.000255 -0.000294 -0.004216 -10.644281 -5.689622 -3.565175 10.596854 -17.979824 -3.115771 0.012507 -13.843681 0.000688 -0.481355 -31.254 -4.028535 -11.009645 -58.421402 7.391514 -13.998514 -7.15034 -2.869821 13.791863 -8.415109 -3.223576 0.373836 -34.315975 0.773425 -0.95135 -17.780527 2.621535 8.5e-05 0.00577 0.000574 -17.365845 -20.11393 -4.198058 21.788914 -1.666688 3.856327 0.005593 -6.363052 -0.001297 -1.676894 -22.654371 -6.200566 -0.000199 -0.000201 0.00321 71.775375 -79.985939 123.785667 30.057444 -64.233612 2.053487 34.782181 -0.285532 0.236825 3.505151 -1.194885 13.555356 22.226833 -20.398432 50.033958 -16.752876 -16.768837 28.542498 -0.014426 -12.715548 0.000984 16.224607 -17.995085 2.712559 -0.112738 -1.523989 -4.283192 -5.036224 -5.625422 -2.95209 0.006964 -11.056025 -0.019859 -6.115468 -15.948408 -3.838762 0.003117 0.000687 0.000697 -10.304996 -5.688968 -4.352756 11.058947 -11.343223 -2.382688 -1.375738 -14.273527 -6.334546 -0.599544 -27.021227 -3.850519 -4.607013 -50.138283 -3.824675 -13.729712 -7.376267 -3.728557 18.192053 -14.100972 -3.256788 0.0109 -18.842537 -0.020797 -0.423177 -8.482594 2.578472 -0.00431 -0.001411 -0.011536 -15.937061 -20.143084 -5.485645 30.485006 -7.22816 1.722336 0.000132 -8.19345 -0.004044 -1.841842 -22.927078 -6.199614 6e-06 -0.008056 0.006376 -176.437256 -1.658326 -12.542558 14.055223 -0.088926 0.113338 -84.053162 -9.947574 -6.590461 -4.616431 1.713426 2.180258 -0.998637 -0.0019 -0.000598 0.758539 -5.466171 4.970178 9.994677 0.001453 0.278568 -78.995575 4.924255 -6.596336 -4.7907 0.46993 1.616153 -0.994345 -0.000574 -1.3e-05 
0.0 0.0 0.0 0.0 -0.0 0.0 0.673813 99.568985 -1.539582 88.699585 1.640696 78.377777 1.619328 3.082604 -0.291661 -10.533357 0.284254 -1.253484 15.520546 5.532862 -1.42934 18.301512 -9.267367 3.097474 -2.490478 -0.501537 4.790684 -37.80117 -1.992639 7.694657 0.006707 -0.000436 0.000273 0.07001 0.023053 0.030064 0.039519 -0.058957 -0.01332 0.094198 0.093633 0.06937 -95.628403 -70.502556 115.160172 5.401209 -23.280565 53.325027 95.539734 0.19441 2.633292 5.971769 16.923145 46.572613 17.644018 -26.317764 52.472225 -19.435499 -14.412507 29.420256 -0.00707 -8.774657 -0.006369 15.118604 -16.829332 5.883416 -0.605109 -1.779038 -3.888687 -4.798843 -11.058537 -2.940675 0.000852 -20.971624 0.002678 -5.008397 -25.036165 -4.037021 -0.004761 5e-06 -0.000429 -10.632962 -5.688027 -3.571944 10.572748 -17.894571 -3.094697 0.000615 -13.804801 -0.007853 -0.497648 -31.142698 -4.033744 -10.651155 -57.518169 6.952289 -13.978119 -7.141796 -2.881664 13.769872 -8.401767 -3.211853 0.359533 -34.210709 0.77847 -0.969709 -17.727993 2.635337 0.00332 -0.002407 -0.004458 -17.331003 -20.073526 -4.22045 21.755484 -1.658094 3.865922 0.001735 -6.340266 -0.002463 -1.69579 -22.577896 -6.172065 -0.000253 -0.001784 -0.000112 70.650368 -79.27301 124.362457 28.961912 -63.375877 2.794727 35.530891 -0.506885 0.248676 4.227129 -0.439817 14.152631 22.177513 -20.422838 50.030468 -16.712574 -16.748205 28.53021 0.002511 -12.712106 0.002778 16.350821 -17.957977 2.687594 -0.112778 -1.513341 -4.296469 -5.044018 -5.616878 -2.94405 0.009471 -11.016159 -0.001885 -6.116277 -15.8999 -3.844564 0.001767 -0.004169 -0.00294 -10.282327 -5.677711 -4.357297 11.032312 -11.324048 -2.365769 -1.383913 -14.249948 -6.334919 -0.614887 -26.946234 -3.827843 -4.695108 -50.147884 -3.773158 -13.710633 -7.364113 -3.736817 18.146235 -14.051766 -3.242545 0.006619 -18.799507 -0.001104 -0.443907 -8.460116 2.560823 0.005002 0.007883 -0.003862 -15.919622 -20.103899 -5.504463 30.419119 -7.199392 1.742497 0.005479 -8.174359 -0.002942 -1.868433 -22.890493 -6.172713 -0.004803 0.007472 0.001495 -176.326477 -1.465187 -12.566779 13.703432 -0.083008 0.105677 -84.050613 -9.683438 -6.586004 -4.473336 1.709911 2.188667 -0.995012 -0.000522 0.000547 0.535686 -5.609704 5.054319 10.317887 0.001457 0.254255 -79.209709 4.717257 -6.508018 -4.679521 0.499923 1.630006 -0.99408 -0.000359 -9.9e-05 
0.0 0.0 0.0 0.0 -0.0 0.0 0.664307 99.566254 -1.358766 88.966843 1.468887 78.93766 1.623958 2.860544 -0.37935 -10.51959 0.187092 -1.467054 15.14912 5.923271 -1.564652 18.163139 -9.148557 3.061851 -2.467713 -0.47844 4.916515 -37.479839 -2.5777 8.108826 -0.00154 -0.000467 -4.2e-05 0.071737 0.036025 0.055144 0.050505 -0.039827 0.018683 0.106931 0.098224 0.087852 -90.768318 -71.568306 109.741089 5.790633 -14.186602 53.063351 107.094368 -0.394769 3.439439 6.053255 13.723746 49.314148 17.6593 -26.308796 52.461491 -19.434488 -14.368987 29.389303 -0.000832 -8.77361 -0.020854 15.088574 -16.770994 6.009313 -0.612943 -1.773502 -3.886423 -4.799512 -11.048231 -2.924846 0.002858 -20.962711 -0.017565 -5.023041 -25.007885 -4.031511 0.00167 -0.000702 -0.004744 -10.613855 -5.676078 -3.559093 10.563625 -17.901205 -3.106283 0.003587 -13.806826 0.004161 -0.491889 -31.145319 -4.027517 -10.639371 -57.285397 6.878997 -13.971997 -7.123173 -2.881707 13.746049 -8.403213 -3.221202 0.354275 -34.159847 0.795166 -0.957122 -17.704628 2.619767 -0.001014 -0.013493 0.009282 -17.331945 -20.062901 -4.220576 21.738482 -1.654319 3.890757 0.002642 -6.332369 0.0021 -1.697784 -22.592403 -6.206056 -0.003639 -0.000631 0.027822 70.531273 -78.700127 124.149864 27.698174 -62.987453 3.526959 35.904602 -0.721005 0.257331 4.701126 0.276671 14.829871 22.196337 -20.371897 49.941639 -16.676239 -16.749819 28.439306 -0.002361 -12.676035 0.004509 16.45392 -17.843431 2.596295 -0.098666 -1.511685 -4.285849 -5.045179 -5.606884 -2.956457 -0.001195 -11.011488 0.003601 -6.118685 -15.890729 -3.838684 0.00331 0.000282 0.003979 -10.28068 -5.673238 -4.338919 11.029166 -11.290692 -2.379369 -1.383139 -14.223945 -6.313164 -0.618915 -26.916157 -3.837488 -4.767885 -50.146801 -3.709758 -13.716262 -7.361761 -3.7245 18.156549 -14.050303 -3.238535 0.007831 -18.801384 -0.000549 -0.441378 -8.459654 2.553924 -0.002447 0.008263 -0.002865 -15.907376 -20.087597 -5.479642 30.411875 -7.196711 1.725408 -0.011898 -8.159169 -0.001175 -1.862866 -22.860798 -6.161314 -0.002658 -0.007609 -0.010672 -176.347519 -1.236637 -12.540161 13.342525 -0.087026 0.126762 -83.87632 -8.999532 -6.48303 -4.317705 1.681559 2.185127 -0.994627 -0.001825 -0.001028 0.292566 -5.832304 4.992489 10.79347 -0.013341 0.234707 -79.497894 4.217543 -6.478655 -4.538689 0.53609 1.644008 -1.000528 -0.000434 -1.2e-05 
0.0 0.0 0.0 0.0 -0.0 0.0 0.753667 99.589851 -1.229071 89.320915 1.243151 80.056061 1.534448 2.557001 -0.482257 -10.52649 0.083538 -1.679537 14.62402 6.096886 -1.890346 18.194513 -8.96873 3.011831 -2.428502 -0.483595 5.012769 -36.946644 -3.00626 8.214491 1.9e-05 -0.000501 0.000693 0.07823 0.036918 0.067703 0.074093 -0.020762 0.037488 0.096292 0.084829 0.092077 -85.677208 -72.827881 103.856918 7.412891 -5.582218 50.628902 117.035759 -0.963891 3.990545 7.237625 10.257381 50.735752 17.602781 -26.285049 52.370617 -19.467377 -14.400351 29.405228 0.000359 -8.776784 0.00962 15.431003 -16.763903 6.189037 -0.613462 -1.783337 -3.901222 -4.81436 -11.048569 -2.927778 -0.01055 -20.976236 -0.022761 -5.045758 -25.039677 -4.014896 0.007109 0.009587 -0.010029 -10.632997 -5.691387 -3.567606 10.562855 -17.921152 -3.124657 -0.009896 -13.834676 0.000346 -0.518533 -31.225313 -4.039081 -10.887785 -58.018749 7.034946 -13.983884 -7.145382 -2.867043 13.764268 -8.398745 -3.235932 0.330065 -34.22398 0.764419 -0.959788 -17.733803 2.612329 -0.002563 0.000464 -0.00118 -17.353241 -20.11735 -4.190103 21.75849 -1.626868 3.856364 -0.000192 -6.345595 -0.002177 -1.69943 -22.596807 -6.191809 0.001902 0.001178 -0.011949 71.574043 -78.15966 122.888618 26.207355 -62.864269 4.161031 35.783928 -0.740828 0.24826 4.893493 0.885765 15.595711 22.223951 -20.296577 49.870068 -16.746023 -16.748547 28.46899 -0.004688 -12.705795 0.001411 16.615147 -17.864107 2.530841 -0.085482 -1.510866 -4.280098 -5.061769 -5.619588 -2.962135 0.007944 -11.023738 -0.003117 -6.141042 -15.893743 -3.841896 0.003027 0.00755 0.007425 -10.271324 -5.678181 -4.329583 11.030423 -11.31039 -2.397249 -1.382056 -14.25002 -6.317179 -0.61481 -26.949266 -3.852561 -4.909249 -50.205826 -3.595917 -13.699346 -7.356795 -3.719079 18.13559 -14.060255 -3.245908 0.020565 -18.777628 -0.014699 -0.42415 -8.439128 2.552001 0.0018 0.008913 0.005912 -15.92552 -20.106747 -5.469936 30.459396 -7.198526 1.732335 0.003148 -8.168355 -0.001709 -1.858851 -22.851225 -6.190606 0.012899 -0.010066 0.018741 -176.45845 -0.922889 -12.451612 12.863069 -0.094121 0.160277 -83.780983 -7.95847 -6.223666 -4.239616 1.656861 2.179653 -0.995669 -0.005353 -0.000942 0.345698 -6.185981 4.617449 10.775694 -0.033855 0.241837 -79.861961 3.520433 -6.598972 -4.419332 0.557746 1.648399 -0.99581 8.1e-05 -1.6e-05 
0.0 0.0 0.0 0.0 -0.0 0.0 0.76218 99.63089 -1.033066 89.671173 0.957779 81.387657 1.347878 2.237685 -0.569599 -10.571588 -0.01692 -1.90101 13.962713 6.092296 -2.311321 18.370754 -8.783261 2.880832 -2.400527 -0.524558 5.226618 -36.309952 -3.209694 8.177804 -0.0 0.000839 -0.000245 0.092525 0.043524 0.079625 0.060702 0.008046 0.049184 0.08458 0.065518 0.098582 -81.270233 -73.835632 98.567436 10.008603 2.300723 45.777359 123.654648 -0.998342 4.011137 9.838857 7.310984 49.725758 17.687273 -26.34454 52.49485 -19.5212 -14.423196 29.450001 -0.004258 -8.787152 0.006785 15.714128 -16.771461 6.443381 -0.591394 -1.800583 -3.889177 -4.80703 -11.04939 -2.941328 0.021224 -20.978752 -0.016417 -4.997677 -25.03639 -4.050091 0.002073 -0.001976 0.000858 -10.62805 -5.697084 -3.561198 10.595009 -17.945641 -3.115228 0.010699 -13.841198 -0.007724 -0.476108 -31.216564 -4.025632 -11.349494 -59.16711 7.441272 -13.989908 -7.16111 -2.874774 13.803052 -8.407563 -3.228168 0.381145 -34.238621 0.766964 -0.949658 -17.742416 2.628854 0.001073 0.00429 -0.00096 -17.347818 -20.119358 -4.199518 21.784298 -1.638413 3.865733 0.00415 -6.334545 -0.004318 -1.691597 -22.601355 -6.1929 0.000191 0.00047 2e-05 72.80127 -77.528465 121.236855 24.293167 -63.0014 4.372734 35.258133 -0.768509 0.17483 4.967601 1.583703 16.245468 22.244585 -20.405634 50.025837 -16.730259 -16.788691 28.532747 0.001678 -12.723064 -0.000945 16.620073 -17.887682 2.592442 -0.112489 -1.51672 -4.277694 -5.038009 -5.623271 -2.951526 4.2e-05 -11.038485 -0.003465 -6.138131 -15.932091 -3.856174 0.00081 -0.00759 0.004753 -10.316709 -5.688826 -4.33508 11.056019 -11.306753 -2.377767 -1.40766 -14.241273 -6.326517 -0.637035 -26.947197 -3.821595 -5.301103 -50.088734 -3.316986 -13.732267 -7.371651 -3.712995 18.170792 -14.053736 -3.252131 -0.006217 -18.795486 -0.002884 -0.440726 -8.464299 2.541028 0.002654 0.002297 0.003354 -15.979071 -20.128164 -5.464557 30.49176 -7.183268 1.746858 -0.000891 -8.184093 0.015176 -1.880943 -22.85281 -6.170682 -0.0 0.002496 -0.011659 -176.49675 -0.672651 -12.433546 12.116101 -0.082275 0.181263 -83.343277 -6.674371 -5.950206 -4.159583 1.604612 2.165331 -0.991548 -0.003161 0.000874 0.559979 -6.497866 4.033816 10.466516 -0.04744 0.26595 -80.010742 2.941886 -6.647697 -4.32761 0.571223 1.648517 -0.998329 4e-06 -0.000105 
0.0 0.0 0.0 0.0 -0.0 0.0 0.780556 99.724243 -0.773097 89.9599 0.548367 82.473297 1.009261 1.934484 -0.588138 -10.649506 -0.110296 -2.198962 13.274982 5.962741 -2.683881 18.519663 -8.680286 2.670073 -2.414938 -0.47365 5.578259 -35.3106 -3.053463 8.273048 -0.003794 -0.000686 0.0 0.091311 0.044248 0.088446 0.017433 0.022312 0.065394 0.031644 0.057774 0.115138 -76.861153 -74.576744 93.080933 12.576538 8.558 38.872448 123.85289 0.019831 3.531867 13.394183 6.230507 46.91396 17.563189 -26.298311 52.341938 -19.449272 -14.383251 29.386723 0.005579 -8.742343 0.009906 16.024658 -16.732588 6.589859 -0.594352 -1.786959 -3.881846 -4.797269 -11.050271 -2.934923 -0.003577 -20.939913 -0.00474 -5.010344 -25.003185 -4.024456 0.0019 0.00283 -0.007151 -10.613954 -5.669477 -3.559191 10.565732 -17.896852 -3.116981 -0.003213 -13.80999 0.013923 -0.517654 -31.142347 -4.013374 -11.793963 -59.998302 7.68579 -13.947202 -7.145152 -2.855067 13.754357 -8.399644 -3.231545 0.354061 -34.220181 0.781969 -0.956023 -17.742685 2.606961 -0.000568 0.000266 -0.004811 -17.307619 -20.076294 -4.185699 21.750652 -1.636645 3.847808 -0.003295 -6.340067 0.001339 -1.693735 -22.556543 -6.18539 -0.00023 0.000667 1.7e-05 74.662483 -76.34465 118.060478 21.687647 -63.159443 3.747504 34.772182 -0.863849 0.042052 5.236291 2.639219 16.366219 22.150738 -20.272724 49.816525 -16.647659 -16.742979 28.396465 0.013458 -12.692052 -0.00086 16.445799 -17.793503 2.592213 -0.121521 -1.517864 -4.27389 -5.044092 -5.611723 -2.950245 -0.001435 -11.007544 0.007561 -6.130275 -15.891141 -3.861084 0.002961 0.000499 0.003989 -10.30129 -5.684357 -4.327802 11.020819 -11.274291 -2.378878 -1.394647 -14.223832 -6.303305 -0.639882 -26.877369 -3.836766 -5.447462 -49.713192 -3.172558 -13.723947 -7.372048 -3.707507 18.130199 -14.002172 -3.23359 -0.010945 -18.750484 -0.01919 -0.438671 -8.43814 2.558259 0.000647 -0.010416 0.004255 -15.95892 -20.089304 -5.458537 30.426174 -7.160299 1.744098 -0.000147 -8.156005 -0.005751 -1.875276 -22.822968 -6.179387 0.007786 0.003031 -0.000959 -176.36438 -0.420505 -12.666629 10.933538 -0.057852 0.192695 -82.719727 -5.428755 -5.740908 -4.113284 1.520697 2.140881 -0.995175 0.001723 0.001203 1.078288 -6.761098 3.502208 9.312227 -0.040967 0.273712 -79.636536 2.522507 -6.683687 -4.291972 0.59416 1.650544 -0.989562 0.000652 -0.00056 
0.0 0.0 0.0 0.0 -0.0 0.0 0.796953 99.847305 -0.478146 90.164803 0.117015 83.14444 0.626124 1.692013 -0.633227 -10.749234 -0.198427 -2.538635 12.632096 5.693642 -3.002486 18.658478 -8.685643 2.498072 -2.45332 -0.318385 6.018423 -34.346806 -2.447522 8.689399 0.003016 -0.000627 0.000425 0.11215 0.051319 0.085854 0.028082 0.026825 0.06267 0.028767 0.064995 0.108431 -73.65181 -75.568024 88.802994 14.652875 12.797617 30.53026 116.104446 0.654325 2.548762 17.739357 7.802813 43.043823 17.582195 -26.320017 52.34494 -19.46891 -14.395708 29.386477 0.00407 -8.778105 0.015663 16.78874 -16.569201 6.333987 -0.615499 -1.796622 -3.894331 -4.786049 -11.026008 -2.932287 -0.010709 -20.971695 0.012054 -5.013929 -25.024267 -4.003087 -1e-05 0.005437 -0.0 -10.609382 -5.680709 -3.557553 10.561336 -17.892347 -3.108757 0.006887 -13.806186 0.004555 -0.504789 -31.160709 -4.018114 -12.266647 -61.23455 8.128644 -13.950824 -7.137764 -2.858896 13.760959 -8.391713 -3.238481 0.335912 -34.216351 0.792832 -0.974648 -17.734705 2.627609 0.004467 -0.00587 -0.002363 -17.315939 -20.065533 -4.179554 21.730387 -1.633909 3.849511 -0.002684 -6.331155 -0.003427 -1.68938 -22.572805 -6.16547 -0.007187 0.00406 0.006669 77.572685 -75.64122 114.627449 18.317551 -63.535336 3.662273 34.919247 -1.090399 -0.086457 5.736855 3.772107 15.390578 22.142437 -20.262217 49.803677 -16.681177 -16.73695 28.404823 0.001328 -12.681204 0.000408 16.40859 -17.643892 2.53963 -0.10333 -1.513239 -4.270075 -5.029378 -5.595263 -2.942247 -0.007312 -11.003081 -0.005951 -6.116718 -15.860217 -3.827894 0.00295 -0.000218 -0.002806 -10.272852 -5.668345 -4.327698 11.00396 -11.277388 -2.37584 -1.378595 -14.208402 -6.314898 -0.619118 -26.872648 -3.830698 -5.475695 -49.521469 -3.164907 -13.695454 -7.353287 -3.703178 18.118437 -14.006574 -3.245221 0.001454 -18.725887 -0.01648 -0.42062 -8.436324 2.542871 0.004965 0.004744 -0.003335 -15.917933 -20.068661 -5.460337 30.413534 -7.164324 1.733115 0.007052 -8.153552 -0.002274 -1.863684 -22.767092 -6.168914 0.008907 -1e-06 0.007978 -176.071701 -0.207112 -13.152097 9.634743 -0.009391 0.217281 -81.765831 -4.505119 -5.560247 -4.137699 1.490784 2.137084 -0.999398 -0.000943 0.000857 1.54184 -6.902103 3.30425 8.133772 -0.028145 0.266827 -79.053108 2.19003 -6.62292 -4.309097 0.614381 1.661505 -0.99153 0.000362 0.000452 
0.0 0.0 0.0 0.0 -0.0 0.0 0.813055 99.948273 -0.192876 90.297127 -0.218425 83.337517 0.313623 1.531443 -0.692421 -10.830498 -0.273387 -2.862675 12.057621 5.263943 -3.362704 18.762114 -8.746369 2.416977 -2.503435 -0.137352 6.695671 -33.569626 -1.535338 9.277532 -3.4e-05 0.000603 -0.000169 0.098518 0.059503 0.08932 0.029346 0.021262 0.066608 0.052307 0.089142 0.111338 -71.812271 -76.713547 85.65699 16.431173 14.92275 21.513704 100.209366 -0.791865 0.022131 22.594822 11.416325 39.835068 17.631315 -26.346087 52.400028 -19.481352 -14.437634 29.400232 0.007155 -8.777069 0.003925 18.150476 -16.270979 5.526773 -0.6054 -1.794188 -3.896 -4.801371 -11.045613 -2.933585 -0.002385 -20.959862 0.012573 -5.013941 -25.043774 -4.023147 -0.01141 -0.003388 -0.001493 -10.63708 -5.677001 -3.554256 10.607657 -17.923695 -3.119398 0.015636 -13.817515 -0.003078 -0.511096 -31.166317 -4.031584 -12.397786 -62.039177 8.267979 -13.978014 -7.14082 -2.857958 13.801235 -8.40769 -3.238228 0.345569 -34.225639 0.810241 -0.969831 -17.746176 2.63826 -0.009494 0.003181 0.001483 -17.334965 -20.080488 -4.183894 21.756933 -1.632822 3.836691 0.005907 -6.339299 0.011015 -1.695653 -22.55883 -6.176427 0.000854 0.004617 0.005468 80.769508 -75.133224 110.97435 13.985286 -63.796112 5.904781 35.735008 -1.320811 -0.228218 6.296899 4.38028 13.665433 22.171272 -20.361057 49.944599 -16.649019 -16.734272 28.444981 0.007023 -12.682666 -0.000799 16.421457 -17.638714 2.510865 -0.108777 -1.517404 -4.281437 -5.052114 -5.607663 -2.94685 -0.004747 -11.015248 0.000949 -6.104515 -15.889455 -3.8344 0.0 -0.003509 -0.002501 -10.288495 -5.680231 -4.342003 11.018368 -11.295374 -2.367565 -1.396737 -14.236686 -6.313204 -0.63578 -26.91785 -3.827509 -5.403792 -49.361408 -3.29364 -13.712747 -7.366951 -3.72125 18.111412 -14.021769 -3.230296 0.005057 -18.771088 0.002264 -0.440202 -8.435352 2.557943 0.001895 0.007582 -0.005295 -15.946468 -20.08604 -5.468575 30.41559 -7.172692 1.747928 0.008835 -8.150297 0.003579 -1.896522 -22.832827 -6.161489 -0.001065 -0.001359 0.007639 -175.693954 -0.010981 -13.862219 8.456151 0.033493 0.227298 -81.09623 -3.840481 -5.375541 -4.237388 1.490432 2.141023 -0.988354 0.004705 -9.1e-05 1.483664 -7.014045 3.477698 7.955567 -0.0172 0.234264 -78.745354 2.124653 -6.527115 -4.430823 0.616775 1.664289 -1.001197 0.000416 -1.9e-05 
0.0 0.0 0.0 0.0 -0.0 0.0 0.860442 100.013939 0.110331 90.376984 -0.49088 82.896057 0.091506 1.436867 -0.77499 -10.938457 -0.316735 -3.096408 11.64424 4.636332 -3.774257 18.709967 -8.855422 2.386394 -2.577584 -0.015627 7.708568 -32.787048 -0.499519 9.846034 7e-05 -0.000541 -0.0 0.081631 0.058275 0.095886 0.047871 -0.001635 0.080138 0.078482 0.109948 0.113813 -72.069633 -78.164223 84.343208 18.294519 15.075285 11.713047 77.308266 -4.811741 -4.201225 25.439823 14.729658 37.769547 17.646725 -26.249779 52.331181 -19.464039 -14.38332 29.375736 -0.00587 -8.774471 0.006241 19.51293 -16.508856 4.119244 -0.608058 -1.794775 -3.911436 -4.802729 -11.042996 -2.917915 0.020206 -20.983877 -0.010553 -4.999898 -25.006355 -4.032551 -0.00325 -0.011364 -0.009395 -10.624512 -5.692038 -3.570554 10.568745 -17.91013 -3.130781 -0.010233 -13.822493 0.006779 -0.457052 -31.170601 -4.037786 -11.335423 -60.537388 7.063754 -13.989222 -7.148028 -2.874826 13.792111 -8.409321 -3.220133 0.386033 -34.211781 0.74787 -0.962779 -17.729935 2.627872 -0.004788 -0.002885 -0.008183 -17.325594 -20.095373 -4.218159 21.746578 -1.651571 3.872168 0.004308 -6.33646 -0.000256 -1.68483 -22.57663 -6.195287 0.0 -0.007636 -0.004518 84.134186 -74.605217 107.115021 9.519781 -63.677097 10.336222 36.815968 -1.44357 -0.37957 6.520961 4.474102 11.68121 22.212667 -20.342674 49.950233 -16.729485 -16.785666 28.491182 0.002198 -12.711436 -0.001281 16.434431 -17.96104 2.575556 -0.104754 -1.521435 -4.280159 -5.045826 -5.618964 -2.953937 -0.00383 -11.030364 -0.003564 -6.130768 -15.930563 -3.847686 0.000734 0.006506 0.003162 -10.30209 -5.691379 -4.335229 11.042254 -11.301972 -2.376383 -1.386296 -14.242703 -6.320774 -0.634496 -26.923693 -3.823224 -5.210467 -49.75219 -3.36004 -13.728703 -7.377802 -3.711602 18.169104 -14.051419 -3.251839 0.000985 -18.797132 -0.016103 -0.43404 -8.475017 2.543452 -0.007306 0.019009 0.004831 -15.948538 -20.114826 -5.474703 30.431904 -7.194405 1.74357 0.003034 -8.162404 -0.004298 -1.853834 -22.8762 -6.179003 -0.006989 0.009112 0.004236 -175.249863 0.197764 -14.693066 7.374619 0.072156 0.218325 -80.589737 -3.574128 -5.272635 -4.367899 1.526614 2.152292 -0.995905 -0.00352 -0.000977 1.314682 -7.10908 3.809619 7.810935 -0.000855 0.181856 -78.577904 2.410826 -6.434917 -4.564736 0.594094 1.654263 -0.996661 -0.000128 -9.5e-05 
0.0 0.0 0.0 0.0 -0.0 0.0 0.844225 100.085106 0.25121 90.439514 -0.82982 81.800179 -0.050899 1.38632 -0.913405 -11.125003 -0.309095 -3.134819 11.504439 3.963026 -4.29931 18.395046 -9.222974 2.507119 -2.608417 -0.006804 8.836894 -32.472836 0.759811 10.717916 0.006675 0.001229 0.000354 0.011468 0.036199 0.059259 0.077679 -0.037162 0.05699 0.099127 0.101071 0.06405 -74.296646 -80.516304 85.082016 20.510769 13.454575 -0.237904 52.505497 -8.337543 -5.987885 21.497753 16.063581 30.174484 17.661282 -26.362164 52.504246 -19.482592 -14.41674 29.440109 0.003223 -8.790718 -0.002703 19.177183 -17.005224 2.871454 -0.614307 -1.800148 -3.887391 -4.809575 -11.05171 -2.946745 0.003349 -20.983509 0.006856 -5.007373 -25.017584 -4.049311 -0.00536 -0.001319 0.010501 -10.65691 -5.687627 -3.543935 10.617465 -17.950886 -3.156074 -0.009906 -13.848493 0.012053 -0.507972 -31.22978 -4.033944 -9.953248 -56.996044 5.488449 -14.011251 -7.148107 -2.865438 13.800259 -8.408613 -3.243855 0.339266 -34.204174 0.78078 -0.963117 -17.718008 2.631993 -0.002503 -0.001946 0.007508 -17.371416 -20.109964 -4.211324 21.796038 -1.65481 3.868351 0.007836 -6.353415 -0.000256 -1.678021 -22.615561 -6.194218 -0.005914 0.016918 -0.006147 86.830383 -74.367012 104.615463 6.704682 -63.002777 14.706149 37.515793 -1.453517 -0.481487 6.339597 4.645188 10.162479 22.20631 -20.408583 50.005711 -16.678057 -16.750441 28.479414 0.001586 -12.710264 0.001066 16.552252 -18.402016 2.677577 -0.103282 -1.504527 -4.279844 -5.045034 -5.61245 -2.950769 -0.007035 -11.019351 0.00529 -6.119532 -15.890098 -3.838906 -0.005177 0.000137 -0.002051 -10.300254 -5.67872 -4.338993 11.047121 -11.294617 -2.370019 -1.394409 -14.240393 -6.318094 -0.634737 -26.943808 -3.818993 -5.290343 -50.476669 -3.223301 -13.724941 -7.351748 -3.720628 18.160698 -14.048183 -3.239836 -0.016004 -18.781923 0.016249 -0.432751 -8.463254 2.562486 -0.000892 0.020514 -0.001554 -15.944696 -20.087566 -5.479052 30.460623 -7.193497 1.742941 -0.019672 -8.162969 0.002724 -1.857494 -22.840996 -6.162848 0.004587 -0.004499 -0.002527 -175.12532 0.37847 -15.387168 6.778465 0.10828 0.148958 -80.158798 -3.842512 -5.218292 -4.479249 1.543103 2.149005 -0.991477 -0.005105 -0.00052 0.59819 -7.171747 4.231401 8.126393 -0.016435 0.149027 -78.489914 3.035969 -6.45302 -4.663335 0.586108 1.647349 -1.000321 -0.000829 -0.000401 
0.0 0.0 0.0 0.0 -0.0 0.0 0.877137 100.141319 0.299536 90.392685 -1.15307 79.726227 -0.001878 1.348087 -1.006245 -11.25291 -0.360318 -3.122434 11.653311 3.464433 -4.733771 17.677607 -10.081837 2.920885 -2.357986 -0.033441 9.771399 -33.199787 2.528629 12.171795 0.000719 -0.000285 0.001376 -0.02512 0.025408 0.030194 0.108214 -0.022281 0.031548 0.159423 0.067232 0.034511 -66.807365 -82.08461 76.221733 21.109123 7.960497 -22.711071 35.074463 -6.841214 -2.507701 8.231367 20.367222 16.20644 17.653606 -26.363466 52.439465 -19.462803 -14.397248 29.412527 0.003053 -8.798462 0.000277 17.961388 -17.188793 3.221716 -0.608685 -1.804017 -3.892702 -4.805657 -11.053544 -2.933592 0.003345 -21.015919 0.007415 -5.044054 -25.094957 -4.016514 0.000218 -0.000873 -0.000557 -10.6389 -5.67575 -3.560566 10.585739 -17.943451 -3.114102 0.002243 -13.830244 0.006619 -0.516042 -31.191729 -4.012519 -10.098822 -56.126907 6.212316 -13.981324 -7.139777 -2.882766 13.774437 -8.416733 -3.215835 0.336802 -34.240883 0.792063 -0.960335 -17.721567 2.624662 -0.003639 -0.018601 -0.000142 -17.342186 -20.109995 -4.204111 21.754162 -1.643294 3.875345 -0.001399 -6.34764 0.003806 -1.691607 -22.62575 -6.187679 -0.000488 0.005857 -0.001695 89.409798 -74.333336 102.079338 4.781682 -62.732643 18.321962 38.373966 -1.380937 -0.527888 5.387444 4.985704 9.676043 22.237316 -20.386551 49.977707 -16.712751 -16.819767 28.496183 0.005835 -12.733423 0.003098 16.819757 -18.397955 2.454768 -0.107166 -1.523124 -4.286338 -5.047279 -5.611812 -2.950537 -0.000427 -11.019227 0.003464 -6.136685 -15.89436 -3.841727 -0.001009 -0.003535 -0.001053 -10.297369 -5.688581 -4.338215 11.050769 -11.302598 -2.379694 -1.394231 -14.244219 -6.322496 -0.645532 -26.946112 -3.82597 -4.772536 -50.41256 -3.952324 -13.735763 -7.371056 -3.71315 18.187834 -14.052426 -3.254132 -0.010847 -18.804293 0.001949 -0.423226 -8.461786 2.559722 -0.000331 -0.013087 -0.002993 -15.967862 -20.114948 -5.466349 30.517279 -7.19184 1.742454 0.00169 -8.171291 0.003621 -1.886042 -22.862713 -6.167594 -0.005659 -0.013422 -0.009649 -175.092331 0.514088 -16.277597 6.509017 0.08063 0.086068 -79.946106 -4.725955 -5.370203 -4.704029 1.626141 2.166972 -0.990823 -0.004109 5.4e-05 -0.797027 -7.120152 5.174571 9.260254 -0.050569 0.23928 -78.22673 4.324884 -6.142305 -4.690462 0.55898 1.627396 -0.990936 0.001222 0.000199 
0.0 0.0 0.0 0.0 -0.0 0.0 1.013237 100.124168 0.477007 90.351761 -1.622175 76.445969 0.089691 1.266504 -0.958021 -11.055737 -0.419217 -3.304953 11.658525 3.203709 -4.639841 17.188251 -11.476521 3.230008 -2.391063 -0.182988 11.379751 -34.377083 4.145954 13.760428 -9.6e-05 0.002105 0.003114 -0.048191 0.053336 0.095151 0.01625 0.045018 0.063228 0.057317 0.054622 0.116771 -52.631958 -81.359032 60.295231 17.038429 -0.695136 -45.46542 44.264874 0.290901 1.220745 4.294439 30.716095 13.712708 17.591663 -26.356159 52.474552 -19.517639 -14.441991 29.4589 -0.005643 -8.788718 0.011359 17.178007 -17.523586 4.983173 -0.591624 -1.802507 -3.890611 -4.815372 -11.053774 -2.941741 0.0068 -21.003281 -0.005682 -5.017177 -25.065784 -4.027915 -0.003787 0.001205 0.002299 -10.625718 -5.706815 -3.548022 10.600259 -17.947855 -3.137131 0.002943 -13.835663 -0.002046 -0.496232 -31.246668 -4.034985 -11.813106 -60.449127 7.704162 -13.970884 -7.156198 -2.859567 13.788066 -8.410506 -3.243716 0.364491 -34.2374 0.758191 -0.955205 -17.746367 2.618771 -0.001172 0.000821 -0.003089 -17.34244 -20.128656 -4.186121 21.783571 -1.629723 3.849855 0.000638 -6.335925 -0.000576 -1.692605 -22.605272 -6.208266 0.001735 -0.001985 0.006653 91.248695 -74.092705 99.988441 3.755898 -63.105095 19.546692 39.521095 -1.483217 -0.687877 3.708841 5.37647 10.759462 22.199697 -20.436508 50.06958 -16.739841 -16.767914 28.556273 -0.003323 -12.712392 0.003886 16.514196 -18.17585 2.646051 -0.120108 -1.511881 -4.281201 -5.036653 -5.621824 -2.963016 0.008553 -11.033564 -0.004258 -6.1192 -15.912976 -3.845786 0.000606 -0.000274 -0.002607 -10.304761 -5.686356 -4.350773 11.04742 -11.319585 -2.379759 -1.376221 -14.253895 -6.336271 -0.614072 -26.925671 -3.828664 -4.768047 -50.040356 -4.110581 -13.731279 -7.375438 -3.731855 18.178993 -14.067849 -3.252898 -0.000751 -18.815449 0.00064 -0.436706 -8.468184 2.564741 0.005819 -0.0 0.002756 -15.947983 -20.11359 -5.489788 30.481329 -7.202768 1.729076 -0.010071 -8.172659 -0.000315 -1.861415 -22.906511 -6.1843 0.000603 -0.006201 -0.004834 -175.022217 0.765919 -17.87373 6.186888 0.008033 0.131036 -80.037689 -6.311556 -5.868917 -4.726407 1.701159 2.21243 -1.005043 0.00035 -0.000997 -2.934973 -7.000137 6.920717 11.093618 -0.063384 0.259239 -78.498863 6.345492 -5.84188 -4.484418 0.592153 1.652559 -1.000507 0.000921 0.000109 
0.0 0.0 0.0 0.0 -0.0 0.0 1.146005 99.983429 0.660309 90.471413 -2.140071 72.818016 0.11262 1.083709 -0.876501 -10.879181 -0.494665 -3.333158 11.648074 3.005137 -4.332688 17.014462 -13.315228 3.345642 -2.531 -0.185581 13.224411 -35.48769 5.404766 14.903053 -4e-05 0.00025 -0.000978 -0.042816 0.06208 0.125408 -0.079483 0.047664 0.06439 -0.053822 0.069576 0.180413 -43.277351 -79.672668 49.345055 11.469811 -8.574192 -58.724342 66.901344 2.855287 3.017125 9.623574 34.000542 21.997059 17.607914 -26.268629 52.450752 -19.458637 -14.412084 29.43428 0.011491 -8.787009 0.002931 16.527109 -17.180155 6.372235 -0.611375 -1.799883 -3.892089 -4.826719 -11.056864 -2.942397 -0.005612 -20.984364 -0.016714 -5.052669 -25.045643 -4.066628 0.003955 -0.006792 -4e-05 -10.656976 -5.698956 -3.559559 10.574312 -17.878778 -3.125138 -0.009332 -13.826283 -0.006548 -0.511374 -31.14967 -4.051892 -12.13997 -61.767315 8.108746 -14.002069 -7.163075 -2.869748 13.774605 -8.37398 -3.22606 0.331059 -34.204109 0.75241 -0.96544 -17.720587 2.606619 0.000476 -3e-06 -0.000117 -17.38723 -20.1166 -4.199385 21.798143 -1.616566 3.872412 -0.004204 -6.334868 -0.002875 -1.720138 -22.60821 -6.214691 -0.000355 0.003766 -0.001016 92.50103 -73.941269 99.232124 3.024277 -64.324532 19.833553 40.536312 -1.093338 -0.728668 2.904901 6.867542 11.304946 22.197092 -20.31636 49.895073 -16.729311 -16.705206 28.457747 -0.006319 -12.677439 -0.005311 16.307251 -18.047209 2.871782 -0.103391 -1.516646 -4.268347 -5.030708 -5.625234 -2.95236 0.009817 -11.0165 -0.010628 -6.089296 -15.894255 -3.836676 -0.001926 -0.00292 -0.001727 -10.275271 -5.685602 -4.331451 11.033595 -11.321788 -2.381692 -1.374928 -14.260022 -6.328531 -0.617288 -26.955942 -3.837103 -4.853972 -50.187973 -3.94238 -13.70076 -7.370742 -3.712094 18.136204 -14.065597 -3.249223 0.02723 -18.784254 -0.022309 -0.432176 -8.467368 2.544444 0.0 -0.0 0.0 -15.90401 -20.11721 -5.474412 30.399431 -7.205145 1.730645 0.018496 -8.162498 -0.0088 -1.834315 -22.869678 -6.195033 0.006397 -0.006414 -0.001545 -175.14502 1.169059 -19.631065 6.128687 -0.069161 0.235316 -80.645744 -8.120743 -6.467544 -4.559898 1.732929 2.245285 -0.994496 -0.001019 -0.000172 -5.618474 -6.756698 9.160743 13.764707 -0.047363 0.266831 -79.033859 8.081777 -5.525084 -4.693438 0.613498 1.67078 -0.997371 -0.00027 -0.000246 
0.0 0.0 0.0 0.0 -0.0 0.0 1.252815 99.793518 0.916238 90.883904 -2.362749 69.285957 0.20898 0.798083 -0.67398 -10.718598 -0.51735 -3.218132 11.554096 2.671226 -4.08659 16.900402 -15.912205 3.481126 -2.586477 -0.00363 14.8523 -36.306976 6.767971 16.21283 0.003407 0.000314 0.001367 -0.031915 0.074313 0.155685 -0.045079 0.032737 0.081883 -0.056977 0.116888 0.232077 -44.561146 -78.057556 50.16766 5.135366 -11.216845 -65.458679 86.10733 2.039299 1.770739 11.995781 31.723316 31.799213 17.696295 -26.373749 52.432438 -19.499384 -14.38341 29.420401 -0.002134 -8.7787 -0.000635 16.154873 -16.779163 6.971 -0.612338 -1.800457 -3.893195 -4.810166 -11.078615 -2.936281 -0.000722 -21.050064 0.003533 -5.028528 -25.117105 -4.023471 -0.000119 -0.007978 5.9e-05 -10.647036 -5.69744 -3.564162 10.582376 -17.963781 -3.112659 -0.001377 -13.871175 -0.001515 -0.510627 -31.24666 -4.029074 -11.731453 -60.768044 8.056968 -14.000938 -7.163232 -2.875429 13.790449 -8.418881 -3.214526 0.349616 -34.306889 0.771486 -0.957801 -17.801037 2.622992 0.001371 -0.006262 0.001267 -17.364431 -20.149025 -4.196972 21.762371 -1.631951 3.874021 0.003914 -6.364104 -0.002197 -1.70167 -22.635971 -6.197467 0.002988 -0.009983 0.000348 94.560341 -74.145828 97.980385 -0.916858 -66.507431 21.859426 41.892021 -0.553608 -0.639845 3.360339 9.361437 10.466905 22.227779 -20.451689 50.036797 -16.731813 -16.779148 28.521145 -0.006827 -12.70721 -0.000292 16.42275 -18.130907 2.825697 -0.107512 -1.517079 -4.26925 -5.037457 -5.609787 -2.962329 0.005332 -11.019217 -0.000248 -6.120994 -15.888867 -3.835869 0.002705 -0.000696 0.002966 -10.29951 -5.673976 -4.336502 11.052013 -11.311605 -2.377387 -1.379218 -14.240119 -6.328279 -0.621587 -26.934769 -3.819465 -4.63891 -50.05386 -4.093626 -13.734562 -7.353179 -3.704416 18.181526 -14.061002 -3.254806 0.002978 -18.799513 0.009379 -0.427077 -8.45188 2.567303 -0.006524 -0.001106 0.000591 -15.949373 -20.087017 -5.467348 30.472607 -7.198635 1.734033 0.012047 -8.16439 0.001 -1.862501 -22.864964 -6.15752 -0.007213 0.001007 -0.003412 -175.141663 1.944876 -21.014753 6.14869 -0.118594 0.239548 -81.439117 -9.949801 -6.950282 -4.453453 1.745861 2.24704 -1.008486 0.00163 -0.000533 -8.224051 -6.600705 11.540431 16.856371 -0.098054 0.273557 -80.187035 9.407146 -5.114169 -4.864244 0.581681 1.673629 -0.99818 -0.000479 -0.000218 
0.0 0.0 0.0 0.0 -0.0 0.0 1.294302 99.523277 1.143789 91.563484 -2.319351 65.982773 0.351938 0.598616 -0.398913 -10.579237 -0.508638 -2.97774 11.489624 2.129648 -3.734791 16.291883 -18.95899 3.663745 -2.538698 0.191823 16.368296 -36.663826 8.095431 17.518568 -0.003296 -0.000809 0.0 -0.029586 0.069205 0.132002 -0.001727 -0.016609 0.06751 -0.029283 0.1521 0.20816 -55.880699 -77.12384 62.150665 -2.245109 -8.408144 -69.435669 99.412964 0.976481 -1.15434 12.43138 28.19725 40.46693 17.612894 -26.311213 52.405964 -19.443529 -14.372226 29.394081 -0.001884 -8.76274 -0.002475 16.159838 -15.736059 6.614956 -0.605958 -1.798679 -3.889099 -4.798851 -11.040858 -2.93493 -0.009153 -20.963396 -0.000791 -5.005898 -25.00486 -4.024521 -0.000817 0.008815 0.002188 -10.625221 -5.692915 -3.560371 10.561114 -17.923479 -3.109762 -0.002142 -13.81482 -0.005193 -0.498707 -31.14637 -4.038476 -11.647365 -60.245834 8.269826 -13.975104 -7.156091 -2.872186 13.763283 -8.393089 -3.21359 0.351924 -34.210682 0.754088 -0.95016 -17.743858 2.597268 -0.002091 0.00722 0.002341 -17.328714 -20.097929 -4.197542 21.73361 -1.635635 3.862763 -0.007833 -6.331765 -0.003815 -1.690954 -22.583628 -6.200992 -0.00243 0.010007 0.002756 97.427071 -74.167358 94.799469 -9.717097 -68.905502 28.22369 43.109032 -0.343165 -0.532591 4.325458 12.579402 8.551489 22.185587 -20.426756 50.045086 -16.677588 -16.739817 28.497427 -0.000377 -12.679651 0.005412 16.631325 -18.067406 2.56346 -0.104514 -1.510715 -4.277343 -5.046329 -5.617206 -2.967699 0.00057 -11.022132 -0.00656 -6.115083 -15.904903 -3.844777 0.002465 0.001833 0.006099 -10.270445 -5.668776 -4.360352 11.002013 -11.309687 -2.35607 -1.380515 -14.229692 -6.324671 -0.634995 -26.915314 -3.840801 -4.222301 -49.554192 -4.444019 -13.694079 -7.356436 -3.736635 18.113319 -14.056494 -3.230322 0.003475 -18.782919 -0.002564 -0.438617 -8.453986 2.559306 0.000724 0.009018 0.004538 -15.905411 -20.091925 -5.50188 30.376215 -7.189653 1.746545 0.012886 -8.174987 0.003572 -1.867384 -22.885513 -6.185414 -0.002797 0.004119 -0.000468 -175.042099 3.000829 -22.206331 6.162581 -0.137038 0.183748 -81.899544 -11.67991 -7.195048 -4.290857 1.737599 2.234889 -1.003795 0.001959 -0.000383 -10.534047 -6.559585 14.32805 19.758938 -0.148827 0.315037 -81.381157 10.364529 -4.962673 -4.726288 0.545332 1.656333 -0.995062 -0.000318 -0.000235 
0.0 0.0 0.0 0.0 -0.0 0.0 1.263918 99.276802 1.302286 92.190056 -2.37377 63.31757 0.315624 0.678548 -0.095 -10.55689 -0.447099 -2.62138 11.720826 1.521762 -3.347121 15.187636 -21.732821 3.746801 -2.532522 0.164262 17.873711 -36.811409 9.251474 18.292484 -0.002992 -0.001138 0.0 -0.014206 0.050798 0.090143 -0.000444 -0.068051 0.017892 -0.052288 0.175541 0.160693 -77.189224 -76.795761 84.538757 -9.845805 -2.127959 -73.03875 108.185654 1.104233 -4.030118 15.429536 24.668329 46.442078 17.62595 -26.396046 52.498222 -19.445099 -14.383648 29.426153 0.000816 -8.774465 -0.008825 16.635941 -14.824907 5.870561 -0.597506 -1.797688 -3.894461 -4.807974 -11.046747 -2.938743 -0.005764 -20.986456 0.008161 -5.020851 -25.027485 -4.032053 0.000288 -0.019405 0.00514 -10.631856 -5.687118 -3.568608 10.572946 -17.936693 -3.113611 0.007152 -13.831504 0.009137 -0.509234 -31.1961 -4.016132 -12.784492 -62.056061 9.246306 -13.984136 -7.145843 -2.877802 13.781167 -8.407757 -3.218688 0.320991 -34.246075 0.804164 -0.961662 -17.74864 2.635019 -0.005134 0.004482 0.006096 -17.342737 -20.112871 -4.208912 21.756914 -1.641662 3.872009 -0.003411 -6.341272 0.001213 -1.701007 -22.608938 -6.187578 -0.006326 -0.0 -0.002969 99.393181 -74.4394 93.009918 -19.35718 -70.446495 36.951801 42.054943 -0.726251 -0.639975 4.619519 14.721264 5.723161 22.187506 -20.39415 49.960938 -16.709541 -16.711855 28.492752 -0.001517 -12.682333 0.006496 16.718111 -17.851564 2.300102 -0.103425 -1.521769 -4.267835 -5.032558 -5.605258 -2.970232 0.006035 -11.025573 0.000467 -6.104928 -15.90618 -3.840102 0.000645 3.1e-05 -0.004918 -10.27053 -5.690732 -4.335796 11.020658 -11.302597 -2.381722 -1.387773 -14.252011 -6.31287 -0.619093 -26.945539 -3.844184 -3.681719 -49.438225 -4.74368 -13.701305 -7.371147 -3.715885 18.138975 -14.054336 -3.23727 0.006766 -18.797901 0.005141 -0.414412 -8.472101 2.546374 -0.012021 -0.000153 0.000495 -15.904046 -20.111414 -5.483462 30.402317 -7.211128 1.744369 0.002811 -8.161524 -0.00105 -1.838086 -22.87763 -6.184472 0.0 -0.0 0.0 -175.163467 3.837736 -23.356695 6.180778 -0.135315 0.175601 -82.309227 -12.929152 -7.185017 -4.073461 1.68632 2.226861 -0.990913 0.002138 0.001137 -12.535595 -6.3133 16.805315 22.105417 -0.225128 0.473733 -82.431908 11.009652 -5.216946 -4.519608 0.526624 1.633143 -0.993033 0.000189 0.000163 
0.0 0.0 0.0 0.0 -0.0 0.0 1.173486 99.282738 1.367905 92.32692 -2.698499 62.001461 0.173149 0.897641 0.133616 -10.678023 -0.407354 -2.404195 12.117852 1.311633 -3.09161 14.330054 -23.435608 3.964568 -2.535313 0.031109 18.721857 -36.795132 10.27946 18.899673 0.003876 0.001643 0.00254 0.019497 0.033564 0.055779 -0.028554 -0.124051 -0.026433 -0.074677 0.185799 0.117472 -90.372734 -75.984932 98.192268 -15.435864 1.872773 -74.388817 114.027328 2.803822 -5.655924 21.612888 20.019468 50.960148 17.626579 -26.299221 52.352634 -19.437096 -14.390779 29.349609 -0.003325 -8.754569 0.000653 17.244545 -15.007607 5.151638 -0.610422 -1.797289 -3.896225 -4.790314 -11.031412 -2.933686 -0.011669 -20.961975 0.002079 -5.020933 -25.026793 -4.027942 -0.00061 -0.010156 0.008811 -10.646065 -5.687566 -3.562849 10.58103 -17.919641 -3.109923 0.013967 -13.819087 -0.005564 -0.502068 -31.198753 -4.023536 -14.142423 -63.650177 10.025136 -13.975853 -7.138922 -2.863592 13.775558 -8.394149 -3.23261 0.33239 -34.219223 0.803001 -0.965947 -17.725025 2.613277 -0.004339 6.6e-05 -0.00856 -17.326788 -20.076643 -4.199841 21.734844 -1.639091 3.85623 0.007519 -6.343229 0.004206 -1.683396 -22.567865 -6.203143 -0.009398 -0.008552 -0.001461 100.508698 -74.44838 92.102318 -24.056679 -71.966858 43.788212 36.770557 -1.535956 -0.693876 3.105987 14.490711 3.455442 22.186033 -20.387203 50.02142 -16.687981 -16.743565 28.490929 0.004297 -12.690072 -0.008584 16.656708 -17.509718 2.166736 -0.104984 -1.508587 -4.286968 -5.042914 -5.61387 -2.94979 -0.006963 -11.010694 0.008129 -6.117074 -15.892167 -3.843155 -0.002142 0.001172 -3.9e-05 -10.28532 -5.680162 -4.34065 11.030863 -11.30674 -2.37801 -1.383576 -14.245373 -6.339608 -0.618991 -26.950731 -3.830205 -3.603564 -49.662815 -4.485679 -13.7144 -7.363382 -3.726937 18.144617 -14.041695 -3.247686 -0.011653 -18.781731 0.010785 -0.430416 -8.449606 2.548581 -0.002506 -0.008774 -0.00587 -15.930964 -20.096888 -5.485123 30.413671 -7.182866 1.74354 0.000956 -8.167823 -0.007469 -1.878636 -22.886635 -6.175561 -0.010962 4.5e-05 0.005481 -175.396118 3.909533 -24.001411 6.035631 -0.126507 0.201814 -82.516335 -13.579896 -7.186657 -3.804127 1.656951 2.242566 -0.99774 0.000257 0.000709 -13.513876 -5.868522 17.759436 22.850391 -0.249604 0.576496 -82.341011 11.515351 -5.373207 -4.574066 0.551453 1.638159 -1.00007 -6e-06 -0.000108 
0.0 0.0 0.0 0.0 -0.0 0.0 1.027585 99.435997 1.332122 91.788193 -3.199986 62.412636 0.042626 1.077909 0.12198 -10.680146 -0.406875 -2.325934 12.175244 1.708059 -3.245007 14.384255 -23.482115 4.276739 -2.547682 -0.223766 18.636686 -36.425011 10.847178 18.77467 0.000369 -0.000425 -0.002356 0.046439 0.035175 0.121288 -0.06715 -0.122902 0.058496 -0.062043 0.188259 0.160418 -86.515244 -76.763206 94.10379 -16.22731 0.436394 -73.616356 116.430031 3.481739 -5.040882 22.908197 18.564018 52.54652 17.629009 -26.255444 52.326042 -19.417509 -14.361407 29.370958 0.005411 -8.743344 0.007354 17.495567 -15.341766 4.57949 -0.601429 -1.799381 -3.898321 -4.818674 -11.033502 -2.929872 -0.013518 -20.943127 -0.007951 -5.014211 -25.009087 -4.040093 0.005552 0.006931 -0.011106 -10.620583 -5.691943 -3.563847 10.541796 -17.868227 -3.104455 -0.008038 -13.783039 -0.000694 -0.522698 -31.082077 -4.0174 -13.571945 -62.590885 9.269016 -13.964245 -7.153875 -2.872447 13.749555 -8.372593 -3.212257 0.33105 -34.131672 0.768141 -0.968485 -17.670467 2.609375 -0.007566 0.001652 0.005604 -17.317326 -20.085552 -4.208707 21.715956 -1.62401 3.872405 0.002759 -6.326886 -0.003933 -1.708197 -22.564054 -6.198741 -0.001615 0.00388 0.0018 98.137466 -74.029205 93.743546 -21.875931 -73.544304 45.934097 28.7544 -1.867973 -0.335016 -0.479398 11.024636 2.719672 22.127884 -20.35899 49.880455 -16.644112 -16.699986 28.422937 -0.002317 -12.660712 -0.003948 16.454121 -17.227644 2.182898 -0.10841 -1.512084 -4.270654 -5.023521 -5.602623 -2.946968 -0.002711 -10.985579 0.001109 -6.090712 -15.840642 -3.836514 0.002312 0.007 0.007138 -10.255161 -5.673402 -4.327077 10.99653 -11.279366 -2.374971 -1.370951 -14.197927 -6.314798 -0.630408 -26.840668 -3.80262 -3.791525 -49.700554 -4.024667 -13.671434 -7.353221 -3.716582 18.086161 -14.023944 -3.242891 -0.008899 -18.752054 0.013308 -0.434788 -8.448459 2.544583 0.002944 -0.006789 -0.00669 -15.874212 -20.050978 -5.478031 30.332832 -7.179109 1.73404 0.00035 -8.13986 0.010552 -1.855737 -22.756599 -6.151174 0.003291 0.004723 0.005355 -175.605042 3.126022 -23.639791 5.893442 -0.114993 0.292783 -82.240433 -13.483398 -6.999187 -3.537541 1.608703 2.222838 -0.988382 -0.002526 0.000998 -13.072598 -5.294246 16.723297 21.629564 -0.245751 0.669122 -81.395218 11.876948 -5.283461 -4.605531 0.558024 1.637569 -0.990154 -0.000215 2.5e-05 
0.0 0.0 0.0 0.0 -0.0 0.0 0.96116 99.717339 1.157998 90.799118 -3.996407 64.268509 -0.203354 1.217964 -0.056247 -10.663487 -0.4342 -2.664014 11.847274 2.583028 -3.726219 15.279033 -21.84848 4.367492 -2.495094 -0.550328 18.007509 -35.63596 11.149035 18.333815 -0.001939 0.000811 0.00394 0.04016 0.036759 0.19364 -0.053153 -0.103234 0.160166 -0.020312 0.167361 0.211196 -72.677689 -79.193466 79.642899 -12.703683 -2.906279 -74.102844 114.220818 2.071426 -3.308504 18.441765 21.951435 49.149033 17.663521 -26.331221 52.460995 -19.479965 -14.401988 29.415268 4.2e-05 -8.767968 0.003056 17.734314 -14.767856 3.884896 -0.622062 -1.80355 -3.887545 -4.794209 -11.049958 -2.944837 0.005334 -20.989668 -0.002163 -5.007044 -25.037354 -4.035333 -0.001105 -0.00843 -0.001344 -10.642952 -5.698409 -3.567716 10.601014 -17.940212 -3.120871 -0.009065 -13.852973 -0.004117 -0.482801 -31.259089 -4.049267 -12.400461 -61.395199 8.341646 -13.984746 -7.15807 -2.883028 13.775798 -8.410145 -3.210713 0.35541 -34.273205 0.764637 -0.956922 -17.760086 2.622306 -7.2e-05 -0.002295 0.00918 -17.354151 -20.113169 -4.205918 21.752165 -1.64987 3.879512 0.00928 -6.333633 -0.014568 -1.68729 -22.633114 -6.181725 -0.005454 0.001561 -0.001547 93.249245 -74.148026 99.326851 -13.39999 -75.306839 41.856899 22.116039 -1.922594 -0.039385 -5.353321 5.523489 6.248096 22.195559 -20.42668 49.93351 -16.694315 -16.734266 28.473299 -0.001405 -12.681222 0.00089 16.161602 -17.258352 2.345165 -0.098845 -1.512796 -4.26989 -5.040839 -5.615835 -2.962039 0.006183 -11.037762 0.001594 -6.112629 -15.922528 -3.832479 0.006178 0.003233 -0.003743 -10.269213 -5.673364 -4.349061 11.028156 -11.318202 -2.35826 -1.372162 -14.235872 -6.319825 -0.613289 -26.946112 -3.821743 -4.206653 -50.200619 -3.623994 -13.703874 -7.356216 -3.722044 18.153519 -14.069091 -3.241134 0.004725 -18.810417 0.003817 -0.426542 -8.458602 2.564226 0.001836 0.000383 -0.001167 -15.910743 -20.094025 -5.469175 30.416721 -7.220106 1.732019 -0.002585 -8.172058 0.009595 -1.852347 -22.923246 -6.164718 0.00434 0.000916 -0.011222 -176.204086 1.502687 -23.240131 6.161286 -0.095481 0.38064 -82.184639 -12.548939 -6.862309 -3.425213 1.527668 2.191265 -0.997714 0.002186 0.000486 -11.484438 -4.634613 14.989462 18.371017 -0.217335 0.710731 -79.681656 11.348418 -5.181631 -4.837359 0.550633 1.63053 -0.999229 -0.000623 -0.000444 
0.0 0.0 0.0 0.0 -0.0 0.0 0.889537 100.054047 1.025372 89.925621 -4.655162 66.462761 -0.449687 1.254174 -0.33096 -10.7096 -0.50438 -3.183332 11.361712 3.367671 -4.243339 16.416029 -18.57729 4.074046 -2.363213 -0.504545 17.133781 -35.006603 10.884489 17.609188 0.000724 0.000883 0.007079 0.050287 0.017855 0.145847 -0.029515 -0.084087 0.121961 0.033453 0.109106 0.16039 -49.626991 -79.340233 55.391083 -5.507203 -6.35154 -75.706741 107.495529 0.647145 -1.313334 9.897264 28.507957 38.423382 17.638794 -26.359354 52.506943 -19.532063 -14.409792 29.481422 -0.006264 -8.792467 0.002295 18.41872 -14.528971 3.602795 -0.611249 -1.801592 -3.898137 -4.791984 -11.059138 -2.948262 0.017484 -21.007713 -0.008832 -5.000094 -25.083464 -4.034879 -0.002064 0.009847 -0.003819 -10.631289 -5.692097 -3.569691 10.59877 -17.97118 -3.132303 0.010984 -13.863279 -0.010287 -0.474507 -31.255625 -4.041262 -10.96475 -59.051434 7.381243 -13.978653 -7.155489 -2.882544 13.789789 -8.426226 -3.229048 0.377445 -34.306019 0.735983 -0.94244 -17.761528 2.633924 -0.007237 0.000635 -0.005871 -17.340296 -20.128635 -4.212407 21.772718 -1.648929 3.861876 0.015392 -6.35385 -0.000481 -1.677618 -22.628839 -6.211954 -0.003657 0.002056 -0.004732 87.115952 -73.690842 104.920685 -4.986779 -74.814522 35.495605 18.821877 -1.293404 0.037671 -8.019232 1.78645 9.997398 22.22633 -20.363031 49.934185 -16.6957 -16.756502 28.459936 0.00523 -12.707964 -0.009544 15.789185 -17.405952 2.634216 -0.102614 -1.514538 -4.281184 -5.048108 -5.612032 -2.944402 -0.007623 -11.012106 0.00984 -6.112903 -15.891947 -3.834423 -0.0 -0.005403 0.002992 -10.300776 -5.680679 -4.333926 11.047692 -11.289726 -2.367635 -1.383475 -14.224369 -6.334557 -0.631166 -26.879679 -3.807196 -4.440497 -50.078033 -3.665631 -13.72991 -7.365163 -3.720571 18.159895 -14.052861 -3.236496 0.001862 -18.788681 0.002578 -0.431395 -8.478402 2.558882 0.004359 0.009826 0.00109 -15.953988 -20.09482 -5.467115 30.453926 -7.187262 1.751482 0.001871 -8.168167 -0.007289 -1.863821 -22.833887 -6.156767 -0.000947 0.00214 -0.001149 -176.817215 -0.042394 -23.012924 6.482222 -0.067522 0.400545 -81.839699 -11.156197 -7.080879 -3.777633 1.516177 2.161674 -1.001288 -0.000972 -0.000987 -9.339535 -4.247268 13.33191 14.198371 -0.167192 0.682163 -77.684387 10.526011 -5.13411 -5.098497 0.566467 1.63463 -1.002331 -0.000122 0.000234 
0.0 0.0 0.0 0.0 -0.0 0.0 0.862255 100.323105 0.967298 89.44973 -5.147673 68.0522 -0.676611 1.085066 -0.5289 -10.809091 -0.599637 -3.613128 11.003004 3.839292 -4.657046 17.186075 -14.886686 3.603599 -2.290388 -0.255356 16.440453 -34.812103 10.61192 16.758886 -0.002948 -0.000927 0.002815 0.048063 -0.007006 0.068689 -0.010731 -0.077482 0.04298 0.083717 0.063039 0.098099 -32.841682 -77.593361 37.258736 1.924104 -8.361046 -78.008408 97.377769 0.683168 -0.279024 -1.063641 34.520844 19.094666 17.649424 -26.372204 52.484753 -19.494341 -14.440144 29.45059 -0.008789 -8.786416 -0.001164 18.084974 -15.877798 4.353983 -0.605371 -1.791158 -3.89452 -4.799396 -11.047717 -2.943458 0.015514 -20.970659 -0.000521 -5.011302 -25.013247 -4.014731 0.002468 0.020825 -0.003863 -10.633585 -5.682203 -3.574113 10.594025 -17.924358 -3.119995 0.00912 -13.821173 0.010138 -0.500665 -31.145891 -3.994245 -10.118705 -57.467613 6.48443 -13.981258 -7.140607 -2.876765 13.787598 -8.408705 -3.233989 0.366096 -34.222282 0.783576 -0.966063 -17.728224 2.636207 -0.001976 -0.010331 3e-05 -17.337154 -20.085182 -4.220514 21.76754 -1.657358 3.866397 0.002952 -6.340134 0.004067 -1.671778 -22.597811 -6.193585 -0.005772 -4.8e-05 0.001067 82.834572 -73.313606 108.706673 0.078443 -73.906067 30.761782 18.86973 -0.283226 0.02937 -7.655065 1.059957 11.747166 22.150116 -20.393518 49.934822 -16.697104 -16.728662 28.480797 -0.00247 -12.674693 0.000484 15.808275 -17.482573 3.06599 -0.102243 -1.516914 -4.283451 -5.028796 -5.611447 -2.943644 0.006001 -11.030212 -0.004271 -6.111871 -15.918651 -3.838861 -0.001962 0.005563 7.5e-05 -10.260909 -5.678364 -4.335528 11.011965 -11.303943 -2.373069 -1.378653 -14.245726 -6.320027 -0.60724 -26.929893 -3.836659 -4.794904 -50.501133 -3.492965 -13.682569 -7.36346 -3.71902 18.111353 -14.05176 -3.246479 0.000262 -18.799923 -0.002056 -0.442135 -8.478888 2.566287 -0.000694 -0.009491 -0.009356 -15.892384 -20.093393 -5.467351 30.358566 -7.186559 1.722999 -0.001521 -8.161848 -0.00123 -1.85392 -22.875559 -6.170613 -0.001074 -0.0 -0.001374 -177.321869 -0.918289 -23.001753 6.566447 -0.045281 0.384231 -80.971214 -9.919447 -7.329902 -4.211448 1.562922 2.174045 -1.003726 0.000799 0.000484 -7.534509 -4.162505 12.241445 10.418531 -0.074522 0.612281 -75.558037 9.875521 -5.111197 -5.156967 0.556862 1.634975 -0.994974 -0.000453 -0.000278 
0.0 0.0 0.0 0.0 -0.0 0.0 0.849515 100.423683 0.923097 89.35231 -5.360614 68.93145 -0.834383 0.796093 -0.662921 -10.892289 -0.685626 -3.858691 10.927222 4.104052 -4.980779 17.565825 -11.959371 3.341296 -2.379236 -0.042419 16.089113 -35.351818 10.507765 15.865667 -0.003951 -0.001681 -0.000597 0.025946 -0.012742 0.031376 -0.064728 -0.082538 -0.035788 -3.4e-05 0.054737 0.089785 -22.967619 -74.887413 26.319754 7.175089 -9.283427 -80.415878 86.881462 2.159587 0.279338 -14.632976 36.060513 -2.114494 17.645662 -26.347952 52.461792 -19.466665 -14.414887 29.425877 0.004216 -8.780837 -0.004297 16.946152 -16.403809 5.578603 -0.610384 -1.798246 -3.913394 -4.814929 -11.048341 -2.937104 -0.000748 -20.988304 0.000969 -5.031779 -25.05409 -4.042669 0.007574 0.006281 -0.008288 -10.647619 -5.697357 -3.573434 10.590068 -17.935411 -3.107031 0.00891 -13.827885 0.004635 -0.484069 -31.188286 -4.045611 -10.259431 -58.18766 6.309966 -13.999635 -7.162679 -2.887288 13.780219 -8.407515 -3.206642 0.359196 -34.251362 0.76893 -0.954251 -17.736282 2.615075 0.001045 0.003222 -0.00398 -17.369776 -20.120548 -4.195201 21.794901 -1.638392 3.851363 0.000206 -6.343551 0.000496 -1.71074 -22.62677 -6.185607 0.003108 -0.0 0.001515 80.879326 -73.165428 110.422081 4.836987 -72.608139 25.676693 20.904247 0.203724 -0.00577 -5.428898 1.919885 12.389301 22.177162 -20.403076 50.027378 -16.705683 -16.748648 28.519499 -0.006488 -12.681742 0.006377 15.940208 -17.680027 3.166316 -0.105506 -1.516258 -4.286659 -5.038369 -5.617184 -2.957102 -0.000952 -11.028273 -0.005563 -6.100266 -15.912561 -3.85292 -0.001906 0.0011 0.002145 -10.279579 -5.686196 -4.351962 11.020489 -11.308715 -2.379787 -1.378019 -14.250624 -6.324833 -0.625262 -26.981972 -3.839143 -4.882071 -50.746246 -3.443301 -13.710726 -7.367313 -3.730892 18.145584 -14.051749 -3.248886 0.00449 -18.788712 -0.002089 -0.430511 -8.459217 2.559585 -0.003548 -0.009016 0.000427 -15.924144 -20.11018 -5.492877 30.442307 -7.195353 1.73343 -0.003387 -8.166607 0.001148 -1.853058 -22.895346 -6.176165 -0.00332 -0.00083 0.005691 -177.646332 -1.1736 -22.771158 6.595393 -0.038989 0.290572 -80.743027 -9.313817 -7.515113 -4.426066 1.626613 2.197261 -0.994812 -0.002106 0.00043 -6.463165 -4.290971 11.720451 8.102178 0.010444 0.545058 -74.63607 9.360591 -5.256831 -4.828487 0.521803 1.626077 -1.001484 -0.000148 -0.000459 
0.0 0.0 0.0 0.0 -0.0 0.0 0.921797 100.399887 0.82936 89.495163 -5.456354 69.208183 -0.884556 0.515894 -0.752996 -10.994863 -0.769096 -4.013381 11.041181 4.287708 -5.064065 17.432568 -10.034641 3.235121 -2.472679 0.029683 15.937098 -36.166748 10.63413 15.201567 0.002578 -5e-06 -0.001299 0.02177 -0.0066 0.016643 -0.090919 -0.085577 -0.050471 -0.008782 0.05663 0.081089 -17.749401 -72.023827 20.353436 9.282576 -10.646857 -81.23259 78.417465 2.756063 0.117917 -23.175415 32.045185 -14.012417 17.653442 -26.256191 52.348423 -19.46254 -14.40858 29.353617 -0.001707 -8.758785 0.000417 15.837616 -15.783361 6.110715 -0.603339 -1.806991 -3.911348 -4.8041 -11.016692 -2.908619 0.019862 -20.924871 -0.014099 -5.003966 -24.974827 -4.038332 -0.012807 0.002216 -0.003678 -10.626741 -5.696603 -3.572719 10.603002 -17.889265 -3.106601 0.012631 -13.791812 -0.007195 -0.479679 -31.116007 -4.032912 -9.968692 -57.397514 5.955028 -13.98086 -7.138355 -2.875318 13.793086 -8.396071 -3.228038 0.385659 -34.107117 0.764618 -0.936052 -17.68639 2.624792 -8.5e-05 -0.004638 -0.004508 -17.335657 -20.078833 -4.206824 21.769564 -1.643727 3.857141 0.001109 -6.329031 -0.007789 -1.685943 -22.555195 -6.217465 -0.007838 -0.006848 0.002367 80.966438 -72.997894 109.775276 9.615629 -70.955872 21.312176 23.931179 0.00693 -0.154103 -2.483413 3.212254 13.105687 22.168922 -20.376678 49.895115 -16.684074 -16.718575 28.456545 -0.003349 -12.672494 -0.001566 16.170483 -17.994114 2.962942 -0.106609 -1.51009 -4.276116 -5.034129 -5.607647 -2.956128 0.004592 -11.025229 0.002726 -6.11133 -15.913755 -3.837629 0.003149 0.006669 0.003341 -10.27225 -5.662255 -4.343008 11.023617 -11.308773 -2.368731 -1.376254 -14.234345 -6.317807 -0.624458 -26.941063 -3.811445 -4.758683 -50.712826 -3.676657 -13.693869 -7.342453 -3.72459 18.132032 -14.049781 -3.241002 0.006121 -18.789509 0.005341 -0.429863 -8.437643 2.558796 -1.6e-05 -0.005766 -0.000674 -15.895348 -20.068178 -5.479393 30.379156 -7.199561 1.734665 0.005982 -8.157016 0.002897 -1.850888 -22.858906 -6.153485 -0.001224 9.6e-05 0.001412 -177.87439 -1.040741 -22.307051 6.545717 -0.042857 0.179532 -80.772675 -9.390759 -7.635722 -4.487201 1.702572 2.21827 -1.00566 -0.001645 -0.000998 -6.090618 -4.525032 11.887753 7.009487 0.035918 0.453498 -74.49765 8.847816 -5.445021 -4.401962 0.514722 1.636934 -0.985809 -0.000785 -0.000225 
0.0 0.0 0.0 0.0 -0.0 0.0 1.006604 100.245789 0.727687 89.810738 -5.498724 68.920052 -0.89187 0.332767 -0.725892 -11.095129 -0.860833 -4.110765 11.272208 4.406866 -4.94226 17.046431 -9.062579 3.283511 -2.51429 0.157125 15.928336 -37.187958 10.898158 15.147681 0.000243 -0.001117 -0.001556 -0.000286 -0.018215 -0.019618 -0.131867 -0.092912 -0.075252 -0.016024 0.042681 0.031001 -16.571421 -70.382843 18.739882 9.025836 -12.647072 -80.171303 75.820396 1.010243 -0.838242 -22.902065 28.159166 -13.817871 17.661386 -26.356194 52.419506 -19.456837 -14.387135 29.416157 0.008893 -8.775587 -0.010544 15.399377 -15.247128 5.74193 -0.605068 -1.804195 -3.922737 -4.801167 -11.030972 -2.911325 0.009081 -20.977276 0.004186 -5.006342 -25.028252 -4.020516 -0.011209 -0.002314 0.012103 -10.62957 -5.693724 -3.584294 10.574489 -17.922874 -3.08221 0.004245 -13.830479 -0.003943 -0.504663 -31.175787 -4.012265 -9.281377 -55.73682 5.367485 -13.960055 -7.150579 -2.899971 13.754068 -8.399353 -3.187108 0.359479 -34.205082 0.787853 -0.957114 -17.733004 2.625033 -0.005775 -0.001616 -0.004948 -17.332167 -20.088776 -4.219857 21.747044 -1.651685 3.887029 0.00898 -6.338334 0.002014 -1.700148 -22.575977 -6.181475 0.007123 0.008883 -0.005733 82.609177 -73.360641 108.371346 14.253384 -69.671463 17.454458 27.500149 -0.201073 -0.302203 0.615362 4.627158 14.396062 22.184387 -20.358488 49.935658 -16.729397 -16.7491 28.478697 0.00231 -12.698914 0.000618 16.525721 -18.182615 2.618273 -0.109232 -1.526517 -4.276772 -5.036133 -5.617208 -2.954639 -0.002262 -11.035978 -0.003687 -6.106326 -15.914354 -3.837029 -0.001646 0.004813 0.000146 -10.287857 -5.692444 -4.333664 11.023057 -11.314353 -2.380911 -1.381208 -14.254412 -6.317394 -0.624465 -26.959669 -3.836016 -4.658262 -50.444656 -4.01543 -13.717927 -7.377278 -3.711796 18.149956 -14.070032 -3.254485 0.000293 -18.814993 -0.008675 -0.428386 -8.468306 2.552772 0.000515 0.011594 0.001901 -15.940915 -20.125166 -5.462177 30.438995 -7.190978 1.733366 0.002858 -8.17732 -0.007655 -1.851913 -22.897308 -6.192323 -0.001721 0.009486 0.004697 -178.056946 -0.614868 -21.921312 6.463282 -0.056904 0.11557 -81.320831 -10.135645 -7.43139 -4.45962 1.768839 2.243097 -0.999966 -0.008129 -0.002221 -6.200415 -4.847227 12.443612 6.654732 0.021769 0.450724 -75.175606 8.498814 -5.780166 -4.015859 0.508041 1.645948 -0.992258 0.000345 0.000168 
0.0 0.0 0.0 0.0 -0.0 0.0 1.21789 100.076866 0.655916 90.190704 -5.48156 68.211571 -0.900657 0.337409 -0.754049 -11.092529 -0.900047 -4.007004 11.427418 4.41346 -4.6978 16.344276 -8.957904 3.50726 -2.492875 0.212163 16.162699 -38.188953 11.074338 15.299998 0.004815 0.000368 1e-05 -0.013776 -0.033578 -0.032886 -0.216507 -0.101543 -0.096447 -0.075768 0.028819 0.024368 -17.844795 -70.680611 20.211458 7.299069 -14.757759 -76.9478 81.251205 -1.205721 -1.26141 -14.163183 26.120338 0.704213 17.672087 -26.383905 52.507145 -19.48567 -14.412697 29.45822 0.001276 -8.786001 -6.1e-05 15.796248 -14.32323 4.509329 -0.612254 -1.797197 -3.910189 -4.815687 -11.064421 -2.922161 -0.003909 -21.021887 -0.004992 -5.043968 -25.099136 -4.007752 -0.002405 0.005895 0.012219 -10.657728 -5.698854 -3.595679 10.582905 -17.948578 -3.094038 0.000105 -13.847013 0.003219 -0.519555 -31.212944 -4.008253 -8.296114 -53.655346 4.825832 -14.012555 -7.155801 -2.881253 13.785273 -8.419171 -3.225338 0.365624 -34.25922 0.79198 -0.960903 -17.758738 2.632013 -0.002438 -0.000226 -0.006357 -17.380095 -20.123417 -4.218716 21.785545 -1.647318 3.883325 0.003272 -6.344149 -0.000931 -1.708962 -22.607056 -6.187528 0.011915 0.001356 0.000226 84.286179 -73.868767 107.405342 17.966057 -68.43335 14.148029 30.992147 -0.027807 -0.330566 3.613064 6.094879 15.754357 22.19326 -20.407909 50.00111 -16.720001 -16.742275 28.508728 -0.001275 -12.682307 0.000209 16.699984 -18.219616 2.510932 -0.112539 -1.519094 -4.278002 -5.035327 -5.619796 -2.958878 -0.004952 -11.036978 -0.000227 -6.106569 -15.925109 -3.837533 0.000402 -0.000117 -0.001168 -10.290043 -5.680801 -4.342573 11.029225 -11.318826 -2.37971 -1.384243 -14.253409 -6.323834 -0.621276 -26.941833 -3.837617 -4.727406 -50.242481 -4.231965 -13.711118 -7.367513 -3.724713 18.135681 -14.068829 -3.24695 0.000338 -18.813187 -0.003926 -0.433224 -8.462853 2.558355 0.006663 0.001177 0.0 -15.926647 -20.120419 -5.488079 30.421652 -7.205083 1.734283 -0.008386 -8.17306 -0.001861 -1.853406 -22.884529 -6.184023 -0.011367 0.009386 -0.00273 -178.253616 -0.115927 -21.811954 6.511342 -0.033889 0.090106 -81.857445 -10.959072 -6.898424 -4.301315 1.737092 2.257356 -1.002321 -0.001049 -0.000201 -6.665488 -5.196866 13.282151 6.935102 -0.033488 0.54572 -76.154457 8.227466 -6.322511 -3.542868 0.576015 1.652906 -0.994098 0.000169 -0.000115 
0.0 0.0 0.0 0.0 -0.0 0.0 1.338464 99.980316 0.639738 90.436859 -5.528533 67.694618 -0.965821 0.511795 -0.67504 -11.173842 -0.872063 -3.946949 11.765882 4.396706 -4.450061 15.495752 -9.371145 3.268089 -2.532646 -0.006586 16.497223 -38.966934 10.724419 15.179255 -0.007528 -0.004315 0.002063 0.01567 -0.017445 0.047623 -0.204095 -0.116516 -0.018378 -0.141451 0.068253 0.108612 -21.37993 -72.29557 24.632488 5.679608 -14.939352 -72.817741 86.42234 -1.12627 -0.33692 9.854177 24.30677 39.887711 17.653791 -26.305595 52.373692 -19.468533 -14.375059 29.394621 -0.003512 -8.776155 0.00103 17.090038 -14.755126 5.004453 -0.610792 -1.7987 -3.886449 -4.808958 -11.050815 -2.937283 0.000105 -20.983294 -0.003583 -5.01684 -25.01441 -4.035985 -1.6e-05 -0.007818 0.001237 -10.632746 -5.691685 -3.560678 10.563322 -17.945063 -3.111705 0.005403 -13.839715 -0.003566 -0.495205 -31.184828 -4.035874 -11.025671 -59.696243 7.1701 -13.988697 -7.157729 -2.871871 13.776959 -8.412834 -3.216816 0.354705 -34.240604 0.764622 -0.962173 -17.746691 2.613235 0.000434 -0.005899 -0.001313 -17.349749 -20.119261 -4.198549 21.756479 -1.632573 3.873044 -0.001153 -6.346053 -0.001509 -1.693684 -22.598215 -6.20358 0.000378 -4.8e-05 -0.000291 83.354538 -73.46962 107.980843 20.289614 -66.370789 10.959516 33.713085 -0.357089 -0.431482 6.316749 7.664855 15.584332 22.164497 -20.341494 49.914055 -16.718056 -16.753271 28.468115 0.000945 -12.699102 0.00037 16.460302 -18.241774 2.642618 -0.097102 -1.519166 -4.279067 -5.042905 -5.604127 -2.942571 -0.003657 -11.028856 -0.006564 -6.117984 -15.908431 -3.841464 0.003701 -0.000556 -0.001357 -10.291941 -5.682914 -4.329711 11.035367 -11.303745 -2.378311 -1.385496 -14.247547 -6.32283 -0.618657 -26.947807 -3.839731 -5.199407 -50.397316 -3.59549 -13.719378 -7.369466 -3.70392 18.157728 -14.056301 -3.256671 0.00256 -18.800718 -0.006008 -0.43269 -8.454596 2.549154 0.000401 0.001614 0.000107 -15.92175 -20.11002 -5.471252 30.41556 -7.187498 1.733393 0.010308 -8.166018 -0.005211 -1.857703 -22.845942 -6.194205 0.001592 -0.005129 -0.002291 -178.578705 0.14941 -21.818514 6.837667 -0.093843 0.220817 -82.32579 -11.243567 -6.179795 -3.662326 1.687377 2.23766 -1.001601 0.001011 -6e-06 -7.112624 -5.409036 13.456512 7.303202 -0.070362 0.508425 -76.690697 8.236828 -6.475321 -3.511066 0.653888 1.674147 -0.997844 0.000662 1.7e-05 
0.0 0.0 0.0 0.0 -0.0 0.0 1.358443 100.029991 0.592518 90.559212 -5.472734 67.594643 -0.969332 0.648203 -0.676755 -11.192954 -0.800852 -3.765286 11.997523 4.380666 -4.449452 15.244011 -9.785681 3.13546 -2.572648 0.097442 16.438135 -39.484062 10.367291 15.37557 0.001425 -0.005716 -0.000538 0.023566 -0.006587 0.064269 -0.183229 -0.087532 0.002234 -0.127095 0.069904 0.12624 -22.952417 -73.558403 27.113365 5.58653 -14.69463 -72.685982 84.301041 -1.011177 1.476724 12.868751 24.662973 49.995201 17.613184 -26.324875 52.378777 -19.447514 -14.374651 29.378187 -0.001177 -8.765009 0.006238 16.80686 -15.707164 6.429546 -0.606764 -1.795325 -3.887573 -4.807521 -11.048919 -2.933355 -0.004564 -20.990839 0.0082 -5.030144 -25.079487 -4.020331 0.0 -0.0 0.0 -10.624722 -5.686312 -3.55664 10.560003 -17.924313 -3.109219 0.001355 -13.819459 0.00031 -0.497084 -31.170296 -4.024855 -13.101801 -62.726749 9.105546 -13.971864 -7.150013 -2.869578 13.76184 -8.404265 -3.212065 0.342404 -34.221508 0.778516 -0.966844 -17.727427 2.615314 0.00451 -0.011837 -0.0 -17.330835 -20.101007 -4.190726 21.737442 -1.635515 3.854575 -0.000123 -6.344384 0.00642 -1.697425 -22.596622 -6.194348 -0.000125 -0.000173 0.000731 83.230812 -73.522263 108.097794 20.69071 -65.376457 10.050412 34.952644 -0.355724 -0.333959 7.033501 7.69153 15.262452 22.21191 -20.419519 49.998222 -16.667801 -16.791958 28.480574 0.005566 -12.700456 0.00042 16.281107 -18.238218 2.695019 -0.105958 -1.507401 -4.281229 -5.049085 -5.610188 -2.947793 0.005128 -11.004276 0.006816 -6.130381 -15.87198 -3.836724 0.0 -0.003383 -0.000509 -10.299937 -5.657377 -4.339444 11.03376 -11.292741 -2.361259 -1.384028 -14.211862 -6.311124 -0.647028 -26.876394 -3.8089 -5.084867 -50.105824 -3.444767 -13.72904 -7.35348 -3.718569 18.166069 -14.027922 -3.230941 -0.001132 -18.770771 0.01517 -0.438194 -8.443484 2.563979 -0.004935 0.004664 -0.000626 -15.954813 -20.072729 -5.465305 30.478508 -7.182716 1.742333 -0.012529 -8.163475 0.007248 -1.888858 -22.838642 -6.152908 -0.003058 -0.010034 -0.003012 -178.739639 0.275034 -21.440777 7.132458 -0.099288 0.218274 -82.17868 -11.785761 -6.232749 -3.46689 1.655694 2.2304 -0.998576 -0.001756 0.000355 -7.291107 -5.544445 13.531775 7.557623 -0.038683 0.449236 -76.502228 8.33379 -6.492468 -3.572575 0.657909 1.681749 -1.004737 -4.8e-05 -8.8e-05 
0.0 0.0 0.0 0.0 -0.0 0.0 1.296717 100.05217 0.601769 90.474068 -5.347347 67.772003 -0.907209 0.739235 -0.666699 -11.239925 -0.754415 -3.634053 12.118453 4.415311 -4.620573 15.581378 -9.891105 2.967541 -2.565486 0.114254 16.238062 -39.767002 9.921824 15.409825 -0.0 -0.000324 0.003878 0.003104 -0.003995 0.053068 -0.152524 -0.062835 -0.005385 -0.108665 0.057489 0.121618 -23.477409 -74.490929 27.669184 5.162816 -13.203401 -73.294403 76.751251 -1.600587 1.413164 9.35971 26.664015 52.544468 17.586544 -26.293205 52.40538 -19.447813 -14.375479 29.39389 0.0009 -8.754369 0.006544 16.044895 -16.161972 6.960721 -0.609109 -1.79337 -3.888867 -4.800338 -11.036457 -2.933371 0.004168 -20.969124 0.00246 -5.01717 -24.994942 -4.020182 -0.001776 -0.001462 -0.005 -10.622832 -5.679612 -3.551912 10.556028 -17.880598 -3.107419 0.00466 -13.78982 -0.009388 -0.485996 -31.107691 -4.016188 -13.240527 -62.177898 9.355227 -13.968925 -7.139468 -2.869239 13.761555 -8.397856 -3.220109 0.344951 -34.156708 0.768195 -0.953851 -17.713219 2.619766 -0.001861 -0.005423 -0.000655 -17.33074 -20.078678 -4.195387 21.743696 -1.638971 3.853881 0.00371 -6.328847 -0.008344 -1.703446 -22.590286 -6.190639 0.001675 -0.008985 -0.000731 82.509956 -73.499077 108.183205 19.878466 -64.920029 10.831888 34.71949 -0.363934 -0.21084 6.640371 7.361765 15.27292 22.168228 -20.33971 49.882095 -16.675978 -16.704241 28.435123 0.000707 -12.675368 -0.002698 16.254936 -18.070797 2.663345 -0.107505 -1.51452 -4.266964 -5.02861 -5.611643 -2.951229 -0.003774 -11.019266 -0.000904 -6.097553 -15.903111 -3.835894 -0.00313 0.005349 -0.000176 -10.27459 -5.672298 -4.331849 11.027451 -11.301701 -2.374554 -1.397252 -14.236994 -6.313311 -0.62193 -26.896414 -3.829441 -4.780875 -49.947971 -3.558411 -13.698732 -7.366974 -3.712181 18.130316 -14.033202 -3.231892 0.002743 -18.788857 -0.005735 -0.42052 -8.451418 2.549899 -0.000748 0.005987 0.000721 -15.908055 -20.0952 -5.464603 30.396126 -7.173874 1.743004 0.002912 -8.158071 -0.002725 -1.860236 -22.842133 -6.185688 -0.00285 0.0 0.003683 -178.776672 0.123651 -21.153685 7.56872 -0.077659 0.173343 -82.057404 -11.741347 -6.448957 -3.450128 1.671541 2.239106 -1.004282 0.000263 -4.7e-05 -6.977725 -5.523154 13.402545 7.320157 0.003087 0.420374 -76.382683 8.246481 -6.463438 -3.592338 0.644467 1.681966 -0.997721 0.000667 0.000481 
0.0 0.0 0.0 0.0 -0.0 0.0 1.162039 100.036446 0.60636 90.27681 -5.197905 68.098434 -0.913862 0.767708 -0.638099 -11.279921 -0.721566 -3.504726 12.196373 4.458365 -4.784568 16.24806 -9.965143 3.078374 -2.494959 -0.062125 15.628216 -39.893154 9.645657 15.130122 0.00521 0.001416 0.001096 0.005749 -0.003113 0.009405 -0.092341 -0.079192 -0.048993 -0.073997 0.065412 0.066898 -23.308519 -75.162628 27.790859 5.271608 -10.37639 -73.996033 68.088203 -1.692874 1.20797 2.44229 29.855276 51.198418 17.638535 -26.395409 52.489986 -19.479118 -14.399258 29.427481 0.000849 -8.784334 0.010641 15.85771 -16.187916 6.488482 -0.608996 -1.795818 -3.882037 -4.79143 -11.054523 -2.936688 0.023242 -20.980064 -0.008093 -5.005617 -25.038807 -4.00728 -0.003382 0.007315 -0.009066 -10.621904 -5.684315 -3.571822 10.575545 -17.939663 -3.103511 0.005231 -13.837276 -0.006514 -0.510568 -31.217684 -4.013742 -12.782687 -61.384243 9.02097 -13.967628 -7.138528 -2.8803 13.758236 -8.423126 -3.212222 0.3588 -34.216034 0.79203 -0.955899 -17.710135 2.622139 -0.001072 -0.008432 0.000478 -17.31212 -20.101578 -4.206112 21.733734 -1.645178 3.866435 0.00456 -6.346949 -0.004122 -1.670988 -22.60685 -6.188468 -0.000113 0.000863 0.00444 81.916306 -73.967781 109.655655 20.156607 -64.716034 10.645461 33.525002 -0.320497 -0.034513 5.983985 6.555282 15.7803 22.192743 -20.365864 49.906723 -16.72261 -16.760624 28.480852 -9.2e-05 -12.70412 -0.000538 16.397915 -18.06426 2.507155 -0.10303 -1.517527 -4.278671 -5.047705 -5.635098 -2.951673 0.004378 -11.035896 -0.001756 -6.1258 -15.931166 -3.844218 -0.001391 -0.00078 -0.002112 -10.284222 -5.692586 -4.336415 11.0329 -11.307801 -2.37201 -1.399655 -14.250834 -6.3157 -0.60395 -26.97588 -3.834876 -4.392498 -49.481884 -4.080585 -13.72235 -7.37599 -3.713571 18.164354 -14.069105 -3.242981 0.011896 -18.812698 -0.001543 -0.431867 -8.470771 2.557147 -0.011985 0.012423 -0.004496 -15.939932 -20.114044 -5.466353 30.475195 -7.200821 1.735546 -0.011989 -8.162072 -0.00233 -1.871791 -22.866219 -6.185905 0.006071 -0.0 0.002268 -178.71434 -0.17536 -20.772631 7.983332 -0.038471 0.109225 -82.469521 -11.579592 -6.754287 -3.597432 1.692387 2.242526 -1.000755 0.001393 -0.001466 -6.529107 -5.369044 12.952915 7.109022 0.024451 0.441361 -76.459251 8.115563 -6.298597 -3.451838 0.561581 1.667203 -1.002842 -0.000879 -0.000708 
0.0 0.0 0.0 0.0 -0.0 0.0 0.918984 99.988899 0.677487 89.900467 -5.007649 68.564278 -0.950137 0.795536 -0.629029 -11.299065 -0.745215 -3.541345 12.374146 4.5846 -4.548482 16.968313 -10.212861 3.029482 -2.535888 -0.172196 15.121376 -39.669346 9.384868 14.60705 0.009609 0.002658 -2.5e-05 -0.007551 0.016368 0.031612 -0.029462 -0.08222 -0.012639 -0.021552 0.108946 0.074079 -23.751957 -75.162804 28.352991 5.662915 -7.886337 -74.725578 65.172707 -2.503599 0.955792 -0.153415 31.160816 47.754906 17.670546 -26.34569 52.448853 -19.473103 -14.405863 29.412657 0.003842 -8.791245 -0.010532 16.041819 -16.064846 6.106605 -0.60943 -1.789619 -3.886668 -4.823845 -11.072788 -2.930645 -0.018155 -21.001825 0.007162 -5.038428 -25.04805 -4.032163 -0.011451 0.007501 -0.006464 -10.644529 -5.688891 -3.552953 10.567679 -17.937813 -3.110348 0.004602 -13.818977 -0.000603 -0.521398 -31.211735 -4.03416 -12.495863 -61.152592 8.6895 -13.996914 -7.153486 -2.870981 13.776057 -8.415463 -3.21505 0.335271 -34.227474 0.771207 -0.966661 -17.757839 2.622347 -0.004585 0.014236 -0.003985 -17.362322 -20.115108 -4.195356 21.775736 -1.635167 3.872211 0.005001 -6.344293 -0.001321 -1.731764 -22.614691 -6.200304 0.014005 0.018606 -0.004431 81.160172 -74.483025 111.114861 20.873043 -64.536301 9.785566 31.735119 -0.492023 -0.080329 5.778716 5.943522 15.471193 22.19363 -20.374357 49.9347 -16.719492 -16.772232 28.482851 -0.002615 -12.70162 0.003529 16.304909 -18.01239 2.502676 -0.099348 -1.509459 -4.275887 -5.041963 -5.633578 -2.951966 0.004292 -11.027856 -0.00149 -6.121977 -15.904282 -3.838026 0.000636 -0.003652 -0.000115 -10.279928 -5.690816 -4.336602 11.046432 -11.311983 -2.378995 -1.393379 -14.25538 -6.322697 -0.618211 -26.955648 -3.830465 -4.374801 -49.322659 -4.294457 -13.706975 -7.365342 -3.717819 18.155491 -14.057955 -3.24848 0.000266 -18.789444 -0.002764 -0.424293 -8.462113 2.549039 -0.004415 -0.001267 0.001161 -15.924133 -20.116713 -5.470327 30.438164 -7.200212 1.730134 0.003503 -8.167826 -0.003789 -1.853253 -22.883673 -6.178957 0.001012 0.006791 0.002666 -178.442429 -0.623331 -20.36121 8.224138 -0.035872 0.103262 -82.767174 -11.431129 -6.777766 -3.55774 1.702565 2.251581 -1.00751 0.002195 -0.001233 -5.886383 -5.046332 12.482617 6.916619 0.009391 0.48654 -76.581123 7.902535 -6.113686 -3.148792 0.548884 1.677931 -0.999928 -0.000737 -3e-05 
0.0 0.0 0.0 0.0 -0.0 0.0 0.698207 99.966187 0.792192 89.544312 -4.725328 69.113297 -1.024191 0.755985 -0.633154 -11.257208 -0.808778 -3.593672 12.548688 4.795659 -4.090234 17.879393 -10.547639 2.970687 -2.636626 -0.253707 14.772132 -39.188488 8.915506 14.0881 -0.001923 -0.000906 0.002236 -0.010775 0.039569 0.097622 -0.013846 -0.069979 0.053902 -0.007393 0.14428 0.138468 -26.064671 -74.884789 30.714886 6.404728 -5.402968 -75.302757 69.735344 -3.782249 0.292572 2.588306 30.828527 44.399113 17.609426 -26.314796 52.488377 -19.487448 -14.405545 29.447254 0.001827 -8.776781 0.001663 16.217726 -15.923733 6.253867 -0.611253 -1.796866 -3.896911 -4.814463 -11.058997 -2.938018 0.007144 -20.984678 -0.013106 -5.020759 -25.054987 -4.051438 -0.003314 0.01088 -0.009487 -10.635497 -5.691936 -3.567705 10.572627 -17.931181 -3.120999 -0.004119 -13.826811 -0.004816 -0.487103 -31.169962 -4.048463 -12.651559 -61.984303 8.854165 -13.986619 -7.153873 -2.869241 13.775979 -8.403961 -3.227332 0.348878 -34.246017 0.766419 -0.947189 -17.75399 2.613137 -0.007001 0.002217 -7.3e-05 -17.342815 -20.103552 -4.210866 21.749977 -1.630501 3.863117 0.004279 -6.34237 -0.006635 -1.703624 -22.565645 -6.204781 0.000299 -0.009944 -0.000646 78.852455 -74.405815 113.194099 21.200483 -64.076622 9.502712 30.089266 -0.297213 -0.134254 5.81012 5.358222 14.403629 22.219891 -20.395018 49.969078 -16.713112 -16.762667 28.492229 0.000599 -12.706864 0.001365 16.289711 -17.981733 2.513412 -0.095737 -1.514841 -4.278435 -5.041491 -5.621975 -2.957846 -0.00444 -11.038086 0.003137 -6.122895 -15.925766 -3.838025 0.000874 -0.000139 0.000686 -10.277405 -5.681962 -4.343049 11.031939 -11.317858 -2.374784 -1.386913 -14.254452 -6.318873 -0.625177 -26.968714 -3.832962 -4.428661 -49.329147 -4.445095 -13.711242 -7.370712 -3.718827 18.143444 -14.066245 -3.24177 0.004403 -18.819178 -0.000408 -0.429426 -8.469853 2.56071 0.006681 0.002793 -0.000339 -15.932651 -20.126738 -5.474966 30.44548 -7.208574 1.73637 0.009081 -8.174986 -0.006349 -1.863968 -22.90406 -6.185877 -0.003244 0.007986 -0.000824 -178.062881 -0.996149 -19.944227 8.444117 -0.07446 0.161184 -82.758217 -11.430436 -6.714021 -3.580638 1.667575 2.252188 -1.004498 -0.000692 -0.000611 -5.048898 -4.771433 12.168829 6.55936 -0.006296 0.551559 -76.528244 7.667016 -6.09638 -2.958817 0.622015 1.702911 -0.999841 -0.000921 8.5e-05 
0.0 0.0 0.0 0.0 -0.0 0.0 0.548891 99.903366 0.896026 89.270004 -4.460773 69.569351 -1.088179 0.705502 -0.631681 -11.218171 -0.846728 -3.488605 12.596751 5.024531 -3.749147 18.644623 -11.00902 3.077222 -2.658014 -0.192382 14.308681 -38.553505 8.394773 13.626301 3.6e-05 0.002538 1.8e-05 -0.015476 0.037653 0.096097 -0.035494 -0.084444 0.046967 -0.010231 0.154034 0.148929 -30.032179 -74.877235 35.061604 7.398955 -3.04598 -76.205421 77.313271 -4.210991 -0.7103 6.711004 30.065613 40.731667 17.638458 -26.275091 52.385948 -19.420687 -14.390381 29.345984 -0.001015 -8.774842 -0.000333 15.843494 -15.779564 6.552291 -0.610873 -1.79145 -3.884081 -4.811111 -11.029406 -2.930694 -0.004645 -20.936401 -0.001207 -5.028955 -25.001684 -4.034874 -0.003721 -0.013258 -0.001532 -10.634689 -5.68111 -3.557066 10.555637 -17.875731 -3.104613 -0.005297 -13.778685 0.00296 -0.511542 -31.08917 -4.028016 -11.848324 -60.309002 8.116948 -13.989825 -7.14233 -2.867105 13.764771 -8.374862 -3.209728 0.334239 -34.12262 0.774966 -0.963755 -17.680805 2.615072 -0.004361 -0.005584 0.002596 -17.359436 -20.072933 -4.19026 21.757458 -1.623496 3.864325 -0.003434 -6.339375 0.002787 -1.707442 -22.55566 -6.190849 0.000602 0.010221 -0.000445 76.829826 -74.360077 114.841904 21.141466 -63.649933 9.784801 28.604553 -0.023217 -0.124771 5.803453 4.823822 13.822118 22.167101 -20.342802 49.86869 -16.677202 -16.706089 28.426483 -0.003014 -12.65708 -0.003508 16.443951 -17.857809 2.451549 -0.095561 -1.511152 -4.271846 -5.02946 -5.60872 -2.946674 0.004466 -11.003911 -0.002072 -6.102335 -15.867482 -3.835869 -0.001573 0.003654 0.000604 -10.253626 -5.668157 -4.332646 10.994452 -11.295417 -2.369294 -1.370881 -14.218959 -6.308074 -0.614468 -26.913837 -3.831513 -4.43654 -49.343079 -4.424242 -13.678566 -7.356133 -3.716927 18.103622 -14.040918 -3.235733 0.010164 -18.765144 -0.00712 -0.430204 -8.450513 2.553883 0.004716 0.001509 0.000633 -15.873903 -20.082661 -5.47338 30.334923 -7.189335 1.731862 0.002134 -8.15885 -0.001966 -1.847955 -22.838997 -6.154925 0.006431 0.001326 0.0 -177.746689 -1.225866 -19.591442 8.701517 -0.133048 0.208301 -83.319878 -11.639847 -6.537948 -3.711802 1.666717 2.243027 -1.0012 0.004888 8.3e-05 -4.372536 -4.581136 11.924944 6.310359 0.002669 0.578932 -76.830261 7.508906 -6.061676 -3.061597 0.625125 1.702022 -0.995906 0.000504 0.000336 
0.0 0.0 0.0 0.0 -0.0 0.0 0.483161 99.841568 1.024192 89.062653 -4.236045 69.887192 -1.117437 0.696436 -0.533574 -11.188328 -0.843855 -3.381669 12.590627 5.20695 -3.564044 19.229223 -11.589196 3.115052 -2.670115 -0.092752 14.108684 -38.199928 8.108689 13.354967 -0.001715 0.00189 0.002011 -0.000237 0.008911 0.045174 -0.065931 -0.130493 -0.013761 -0.018712 0.138824 0.102036 -33.994324 -75.346985 39.643784 8.002419 -1.524147 -77.459274 85.624756 -3.918294 -2.193218 9.876344 29.420416 39.818695 17.649927 -26.35894 52.458942 -19.506737 -14.404811 29.433966 -0.003194 -8.779463 -0.00035 15.784817 -15.577874 6.685697 -0.607273 -1.796615 -3.894816 -4.806128 -11.068387 -2.939063 0.007951 -21.013493 -0.001442 -5.019842 -25.070997 -4.027098 0.000844 -1.5e-05 0.000549 -10.639427 -5.690302 -3.564627 10.593573 -17.962149 -3.123917 -0.001446 -13.837983 -0.00246 -0.486401 -31.248089 -4.029812 -11.383247 -59.311729 7.846645 -13.987203 -7.156343 -2.873987 13.780681 -8.421572 -3.224375 0.363694 -34.265427 0.770004 -0.952699 -17.772675 2.623006 0.002576 0.008152 -0.000814 -17.353039 -20.12542 -4.202238 21.781731 -1.647187 3.865665 -0.002221 -6.350818 -0.001131 -1.692775 -22.615627 -6.198324 3.3e-05 -0.010399 -0.003198 76.940598 -75.226646 115.887955 21.216835 -63.89151 10.174909 27.226702 0.358171 -0.091551 5.583455 4.363543 14.3066 22.202961 -20.406891 49.976933 -16.722485 -16.783522 28.508183 0.00584 -12.728445 0.001073 16.665796 -17.939342 2.423596 -0.108434 -1.518832 -4.281722 -5.053319 -5.615342 -2.947032 -0.001927 -11.021866 0.003609 -6.128209 -15.896096 -3.831309 -0.000672 -0.007587 -0.000232 -10.310097 -5.684484 -4.337006 11.05237 -11.300941 -2.373578 -1.399925 -14.244907 -6.324353 -0.637818 -26.935535 -3.828789 -4.630279 -49.652367 -4.227437 -13.738629 -7.375593 -3.71368 18.168522 -14.041969 -3.244228 -0.018972 -18.796659 0.009487 -0.42688 -8.46836 2.556789 0.001108 0.004043 0.004638 -15.969214 -20.125256 -5.465657 30.485664 -7.183315 1.744324 -0.005408 -8.16282 0.000793 -1.878451 -22.902605 -6.179657 -0.001489 0.001488 0.001776 -177.702164 -1.442343 -19.254702 9.308826 -0.167897 0.200583 -83.548576 -11.8144 -6.421918 -3.883643 1.679218 2.226014 -0.990545 -0.001952 0.000666 -3.792622 -4.474203 11.781651 6.046566 0.002071 0.615654 -76.981178 7.504657 -5.899247 -3.234464 0.561871 1.675286 -0.992182 -0.0001 6.5e-05 
0.0 0.0 0.0 0.0 -0.0 0.0 0.434863 99.789886 1.153202 88.911789 -4.080501 70.014076 -1.08345 0.784559 -0.453796 -11.19454 -0.7853 -3.260073 12.584856 5.243881 -3.469393 19.271889 -11.929744 3.124343 -2.636483 -0.132761 13.926204 -37.713146 8.037609 13.211464 -0.000279 0.002093 0.001555 0.007938 0.008079 0.046372 -0.077387 -0.129299 -0.011027 -0.039593 0.13412 0.090928 -35.912891 -74.716705 41.820072 7.326167 -1.114902 -76.966728 93.674164 -3.32068 -3.684573 13.890656 27.399 40.996273 17.60211 -26.246971 52.295315 -19.438633 -14.382149 29.368198 -0.000704 -8.777763 0.000913 16.46702 -14.942069 6.077093 -0.603248 -1.78544 -3.88311 -4.793461 -11.033187 -2.928025 0.010265 -20.950148 -0.011295 -5.005792 -25.018938 -4.034452 0.000453 -2e-05 -0.000233 -10.608487 -5.67283 -3.551817 10.560414 -17.889437 -3.114718 0.010939 -13.801102 -0.000521 -0.498226 -31.141142 -4.01997 -11.221131 -59.081165 7.742739 -13.94699 -7.125568 -2.865222 13.743638 -8.390946 -3.215101 0.350426 -34.14695 0.774693 -0.955054 -17.733114 2.614002 -0.001701 0.006091 0.00611 -17.311819 -20.063091 -4.189362 21.744591 -1.640302 3.854667 -0.014619 -6.327968 -0.002593 -1.680385 -22.522194 -6.180349 -0.006441 0.000286 -0.00322 76.198944 -74.802368 115.451088 21.256214 -63.766422 10.198524 25.9907 0.357201 -0.07007 5.386714 4.033946 15.04627 22.168472 -20.341475 49.879261 -16.663986 -16.695004 28.428724 0.002455 -12.669049 -0.005946 16.601433 -17.899342 2.432705 -0.106427 -1.505934 -4.268918 -5.032011 -5.615217 -2.947477 0.001277 -11.002783 0.000506 -6.101301 -15.877 -3.838699 0.000501 -0.006721 -0.000304 -10.267028 -5.670712 -4.335522 11.004593 -11.294982 -2.369148 -1.377345 -14.221528 -6.315279 -0.63205 -26.911865 -3.830678 -4.757668 -49.795341 -3.939257 -13.686389 -7.355558 -3.719193 18.101248 -14.030392 -3.225982 0.003848 -18.760696 -0.00884 -0.426866 -8.434947 2.550743 0.003924 -0.006588 -0.0 -15.887172 -20.071508 -5.473073 30.337706 -7.178776 1.744258 -0.003171 -8.145393 -0.001825 -1.854497 -22.774818 -6.147915 -0.001378 0.012971 0.003192 -177.676071 -1.639444 -19.130354 9.849693 -0.16226 0.222929 -84.014572 -11.789361 -6.438857 -3.829053 1.636052 2.207954 -0.998936 0.000339 0.0002 -3.41879 -4.401242 11.714768 5.967998 -0.025502 0.637838 -77.145683 7.559987 -5.893976 -3.211649 0.535785 1.655365 -0.995492 -0.0003 -7e-06 
0.0 0.0 0.0 0.0 -0.0 0.0 0.45938 99.772156 1.245682 88.74897 -4.03618 70.172905 -1.02319 0.944004 -0.383761 -11.256764 -0.710287 -3.226695 12.698434 5.275738 -3.500254 18.99762 -12.148517 3.073982 -2.589408 -0.152957 13.68984 -37.373058 8.136461 13.431689 -0.004259 0.000668 0.000109 0.029579 0.018663 0.101249 -0.032153 -0.111809 0.062561 -0.011584 0.139923 0.13031 -37.027138 -74.999657 42.927959 6.328732 -1.446851 -75.595009 99.560463 -2.007658 -4.250815 21.802397 24.272305 42.637344 17.614647 -26.296225 52.390465 -19.474632 -14.42515 29.41017 -0.003053 -8.772618 0.002071 17.655109 -14.61908 4.88535 -0.601781 -1.794682 -3.891421 -4.820738 -11.034063 -2.931198 0.011489 -20.951445 0.003585 -5.01221 -25.003727 -4.026736 0.007849 -0.002286 0.012967 -10.626509 -5.684906 -3.554477 10.567302 -17.912462 -3.117351 0.022513 -13.814873 0.001695 -0.505417 -31.155102 -4.01181 -11.810342 -59.748684 8.111835 -13.96804 -7.143187 -2.866036 13.759439 -8.395555 -3.222373 0.383036 -34.20377 0.760233 -0.962265 -17.748394 2.622338 -0.004281 -0.001284 0.000247 -17.325958 -20.086679 -4.192822 21.758108 -1.637938 3.849154 -0.016131 -6.332887 0.001046 -1.696735 -22.584995 -6.179617 0.008843 0.003068 0.004579 77.222733 -75.008301 114.96244 22.322506 -63.918182 9.590834 25.367645 0.0596 -0.081058 5.669039 4.170406 14.666114 22.162218 -20.375191 49.974018 -16.683527 -16.751816 28.474379 0.002474 -12.681413 0.005499 16.567871 -17.952785 2.449758 -0.111698 -1.502392 -4.279374 -5.042046 -5.622203 -2.951861 -0.003726 -11.015266 8.5e-05 -6.121115 -15.886761 -3.840304 0.000198 -0.007947 0.000475 -10.28717 -5.677159 -4.342254 11.029988 -11.294932 -2.374928 -1.395882 -14.23087 -6.317724 -0.636521 -26.891031 -3.827965 -5.020449 -50.044975 -3.533529 -13.718707 -7.357721 -3.7207 18.15044 -14.049202 -3.244855 -0.010472 -18.779528 0.005051 -0.431484 -8.442477 2.561876 -0.008151 0.00615 -0.004088 -15.927053 -20.093113 -5.474453 30.419992 -7.177276 1.727011 -0.003334 -8.155258 0.004605 -1.862686 -22.87042 -6.161144 -0.005512 0.001107 0.003639 -177.720367 -1.864009 -19.136906 10.28206 -0.162933 0.288255 -84.168884 -11.57619 -6.392337 -3.283835 1.575495 2.216741 -0.991677 0.002593 0.001027 -3.242407 -4.330379 11.502187 6.014578 -0.06247 0.561458 -77.144775 7.714621 -6.147282 -3.282387 0.5529 1.659159 -0.994001 -0.000225 -7.5e-05 
0.0 0.0 0.0 0.0 -0.0 0.0 0.541658 99.769524 1.281148 88.607964 -3.909356 70.358841 -0.943682 1.085611 -0.364243 -11.306963 -0.658417 -3.208575 12.812191 5.330871 -3.482586 19.071859 -12.265202 3.012862 -2.537506 -0.159953 13.44136 -37.259384 8.099495 13.549341 -0.005577 0.000245 0.00132 0.014442 0.027051 0.142695 -0.044473 -0.07891 0.114633 -0.011967 0.121883 0.166802 -34.594471 -74.429253 40.442516 6.853917 -2.665258 -75.091171 101.186844 -0.978218 -4.087745 24.737513 25.409782 42.364262 17.640137 -26.320818 52.354534 -19.446598 -14.413736 29.364557 -0.001149 -8.766344 0.002178 18.559208 -14.919751 4.162341 -0.581559 -1.780932 -3.880725 -4.819261 -11.03367 -2.924827 -0.004472 -20.950275 0.011808 -5.009014 -24.99375 -4.024232 -0.007164 0.007057 -0.000964 -10.601984 -5.660922 -3.560143 10.560396 -17.910465 -3.096577 -0.012272 -13.813958 0.010582 -0.503532 -31.14291 -3.997223 -11.771231 -59.474876 7.931168 -13.934432 -7.123086 -2.876084 13.737506 -8.395607 -3.203146 0.356061 -34.160583 0.799792 -0.987737 -17.709993 2.630765 -0.011092 0.007537 -0.002268 -17.280973 -20.046553 -4.199913 21.695961 -1.645843 3.857028 -0.000749 -6.331784 0.001509 -1.691465 -22.557718 -6.171511 0.00021 0.002725 0.000512 78.347786 -74.68264 113.517067 23.468714 -63.945148 8.483671 25.151403 -0.188491 -0.021791 6.112859 4.224069 13.619837 22.157297 -20.395361 49.988384 -16.657166 -16.70318 28.469902 -0.001858 -12.658095 -0.000742 16.643101 -17.913366 2.336012 -0.104543 -1.51895 -4.279216 -5.02694 -5.606813 -2.958399 0.002199 -11.004116 -0.000599 -6.086247 -15.873194 -3.838519 0.000493 -0.002632 -0.000219 -10.251024 -5.672239 -4.35104 10.988164 -11.296654 -2.36508 -1.368279 -14.216553 -6.315508 -0.627276 -26.883932 -3.817958 -5.016207 -50.328476 -3.375049 -13.668047 -7.360118 -3.731203 18.090561 -14.034172 -3.234644 -0.002643 -18.76833 0.003103 -0.426284 -8.447695 2.550549 -0.000699 0.004285 -0.0 -15.868376 -20.073978 -5.49269 30.319702 -7.185912 1.737898 -0.001555 -8.149538 0.002691 -1.849392 -22.800879 -6.13716 -0.001896 0.007541 0.002625 -177.893051 -1.988567 -18.959114 11.0068 -0.158034 0.394332 -84.352783 -11.529908 -6.5384 -2.864583 1.531199 2.210395 -0.997386 0.004978 0.000248 -3.084561 -4.318144 11.368986 6.164334 -0.053485 0.493314 -77.138474 7.744716 -6.221971 -3.296706 0.562692 1.676131 -0.997742 0.000231 9.8e-05 
0.0 0.0 0.0 0.0 -0.0 0.0 0.664596 99.765388 1.284735 88.586655 -3.760494 70.504967 -0.881489 1.161754 -0.501267 -11.283074 -0.587474 -3.121261 12.727054 5.380309 -3.577186 19.623446 -12.390381 3.007811 -2.534148 -0.269341 13.416235 -37.23304 7.896714 13.426363 0.000268 -0.000234 0.001454 0.014108 0.029416 0.156369 -0.054282 -0.034134 0.134914 -0.036565 0.084001 0.179892 -32.006004 -74.298592 37.421856 9.022967 -4.328429 -76.087875 97.974724 -0.702154 -3.671548 19.670403 32.625057 32.729725 17.615498 -26.310053 52.396572 -19.481447 -14.415009 29.409248 -0.002914 -8.787724 0.004539 19.20088 -16.188461 3.835947 -0.620142 -1.798171 -3.891695 -4.806766 -11.061052 -2.916528 0.003662 -20.994812 -0.008458 -5.028139 -25.055193 -4.014948 0.001045 0.007192 -0.003704 -10.652735 -5.683422 -3.56074 10.588607 -17.941305 -3.103564 0.001164 -13.832055 -0.007794 -0.461717 -31.223507 -4.046722 -10.926071 -58.099442 7.15663 -14.000245 -7.147178 -2.863066 13.79488 -8.411292 -3.222109 0.359215 -34.234768 0.767231 -0.959114 -17.750534 2.617514 -0.002255 0.009793 0.006926 -17.362396 -20.101564 -4.184478 21.787973 -1.641683 3.854811 -0.013373 -6.336447 0.000975 -1.699595 -22.58082 -6.192574 -0.001644 0.005722 -0.001317 80.388222 -75.427193 112.236465 23.503654 -64.428413 8.703188 25.547659 -0.261395 0.02059 6.182779 3.956508 12.971148 22.179529 -20.37233 49.964607 -16.729925 -16.726393 28.510286 -0.009089 -12.682957 -0.001113 16.764242 -17.828508 2.254896 -0.111464 -1.52332 -4.282455 -5.032321 -5.614555 -2.958804 0.008334 -11.0349 -0.004331 -6.093895 -15.911829 -3.847711 -0.000918 1.5e-05 -0.000157 -10.281996 -5.683606 -4.345012 11.027466 -11.322248 -2.37807 -1.371593 -14.258134 -6.327158 -0.605753 -26.983473 -3.833164 -4.941557 -50.481739 -3.499543 -13.709621 -7.370616 -3.727585 18.14949 -14.080591 -3.253064 0.022982 -18.81826 -0.009175 -0.429214 -8.465901 2.553867 0.004277 0.011768 0.003359 -15.912282 -20.105896 -5.487816 30.416328 -7.215715 1.72954 0.00946 -8.173704 0.002104 -1.83957 -22.91703 -6.185892 -0.004347 0.009421 -0.001384 -177.903732 -1.960488 -19.033091 11.415581 -0.125548 0.430974 -84.692482 -11.444312 -6.635569 -2.661144 1.536254 2.217513 -1.000875 0.001613 -0.00025 -2.93202 -4.422791 11.369236 6.219912 -0.0434 0.465922 -77.181046 7.703891 -6.277268 -3.179804 0.615616 1.703165 -0.996098 0.000625 -0.00029 
0.0 0.0 0.0 0.0 -0.0 0.0 0.773821 99.788521 1.349231 88.686905 -3.605249 70.73246 -0.891059 1.148806 -0.614779 -11.312435 -0.57174 -3.136662 12.603057 5.406335 -3.710051 20.212547 -12.334507 2.977424 -2.627726 -0.438211 13.527083 -36.927883 7.502698 12.879034 -0.006687 -0.001151 -0.001891 0.044016 0.025076 0.122345 -0.083741 -0.022163 0.092838 -0.066126 0.064766 0.156424 -29.152306 -72.989777 33.758793 11.674761 -5.591792 -77.01535 91.61026 -1.089824 -3.422266 6.239049 39.02013 12.460875 17.631336 -26.294697 52.361652 -19.439541 -14.397347 29.384638 0.00149 -8.772408 -0.000276 18.451488 -18.039835 4.092393 -0.605805 -1.792164 -3.894633 -4.817151 -11.04583 -2.91647 -0.001844 -20.981527 0.005631 -5.037955 -25.057344 -4.030378 0.006437 0.00056 -0.003267 -10.634863 -5.681409 -3.559373 10.571667 -17.910116 -3.114846 -0.00107 -13.819929 0.013537 -0.506475 -31.174028 -4.024685 -10.218572 -56.827293 6.381509 -13.982886 -7.143312 -2.867477 13.765278 -8.386105 -3.213225 0.338518 -34.177834 0.791167 -0.949094 -17.74542 2.602026 -0.002404 0.000862 0.008915 -17.332197 -20.067268 -4.1812 21.72723 -1.639835 3.866235 0.002596 -6.330274 0.004258 -1.686858 -22.544512 -6.214645 0.000242 0.001439 0.00068 79.67701 -75.335327 111.973183 22.654421 -63.854477 9.771794 26.338388 -0.310106 0.035885 5.873047 3.813135 12.240371 22.194609 -20.36904 49.90773 -16.678965 -16.747421 28.45141 0.00142 -12.69151 -0.000275 16.54188 -17.75029 2.358956 -0.115216 -1.513075 -4.274426 -5.036597 -5.600962 -2.950436 -0.000968 -11.006351 0.001824 -6.10915 -15.873487 -3.838829 -0.00133 0.010845 -0.000639 -10.295149 -5.671109 -4.335042 11.033784 -11.292102 -2.371777 -1.377872 -14.226023 -6.314449 -0.623379 -26.904301 -3.82859 -4.819572 -50.114742 -3.595738 -13.721959 -7.357659 -3.716872 18.143023 -14.035679 -3.237575 0.004383 -18.773455 0.006261 -0.433397 -8.446401 2.540766 0.002166 -0.001547 0.011639 -15.925418 -20.063387 -5.466567 30.412474 -7.19136 1.739452 0.008436 -8.150513 0.001674 -1.874715 -22.785873 -6.131598 -0.004848 -0.00957 -0.008145 -177.643341 -1.730029 -19.240339 11.023237 -0.120949 0.400891 -84.255676 -11.069879 -6.66013 -2.757571 1.580452 2.234427 -0.991677 0.004984 0.001119 -2.716839 -4.660713 11.325669 6.187042 -0.001877 0.444268 -77.139275 7.485718 -6.162447 -3.206495 0.60683 1.70992 -0.997743 -0.000119 7.7e-05 
0.0 0.0 0.0 0.0 -0.0 0.0 0.896852 99.833382 1.485907 88.825935 -3.341178 70.99987 -0.906611 1.046809 -0.665886 -11.334821 -0.56708 -3.173993 12.494857 5.441121 -3.884969 20.70134 -12.378029 2.809414 -2.715242 -0.347076 13.573548 -36.605076 7.348056 12.922965 0.003384 0.000621 0.003147 0.05997 0.014717 0.072393 -0.092605 -0.029892 0.023271 -0.084343 0.056472 0.110735 -25.744892 -71.255821 29.078442 13.221204 -6.958243 -76.427635 84.962128 -1.687829 -3.840702 -13.007935 37.049446 -9.889731 17.591942 -26.284275 52.281906 -19.433901 -14.381899 29.362215 0.000423 -8.763285 -0.003171 18.103642 -17.704559 4.162067 -0.608619 -1.787589 -3.880507 -4.805066 -11.042474 -2.916304 -0.010437 -20.962126 -0.010065 -5.045471 -25.004351 -4.00137 0.0 -0.0 0.0 -10.619286 -5.68132 -3.535655 10.554173 -17.909575 -3.125311 -0.002361 -13.817297 0.020452 -0.497198 -31.152517 -4.016921 -10.065732 -57.186871 6.114036 -13.963387 -7.148808 -2.859631 13.7473 -8.392667 -3.196018 0.331827 -34.21241 0.766842 -0.975073 -17.728359 2.611268 0.002621 0.000475 0.003589 -17.329206 -20.076954 -4.173042 21.729723 -1.631933 3.839419 -0.002889 -6.341845 0.004857 -1.719807 -22.611801 -6.16221 0.001724 0.007879 -0.004621 80.224113 -75.389221 110.788391 22.063305 -63.64957 10.029649 26.92766 -0.368906 0.098358 5.704534 3.943847 11.6155 22.152256 -20.368706 49.909843 -16.671644 -16.743774 28.445934 0.000248 -12.671528 0.002503 16.499931 -17.947544 2.473307 -0.109918 -1.502843 -4.269871 -5.02665 -5.6113 -2.949841 -0.004742 -11.013294 0.005853 -6.105603 -15.883037 -3.829077 -0.000641 0.001339 0.000444 -10.272083 -5.661263 -4.331905 11.007028 -11.290034 -2.366475 -1.37826 -14.222135 -6.308547 -0.636271 -26.86982 -3.812185 -4.651021 -50.124626 -3.773618 -13.690362 -7.334229 -3.714803 18.11261 -14.034525 -3.238399 -0.017362 -18.765585 0.013668 -0.433149 -8.439094 2.551843 0.009077 0.002769 0.013401 -15.901024 -20.064377 -5.465931 30.374084 -7.179461 1.732571 -0.007661 -8.154062 0.001453 -1.852574 -22.829514 -6.156493 -0.00321 -0.011293 0.000724 -177.045425 -1.315901 -19.129768 10.281261 -0.078102 0.244405 -83.738708 -10.887897 -6.853283 -3.081765 1.608478 2.24939 -0.992064 -0.001936 0.000374 -2.368092 -5.017509 11.147345 6.110122 0.040797 0.41752 -77.13987 7.289469 -6.214427 -3.273624 0.533874 1.695652 -0.996108 3.8e-05 8.1e-05 
0.0 0.0 0.0 0.0 -0.0 0.0 0.972325 99.877678 1.723053 88.898636 -3.167985 71.313187 -0.93789 1.007966 -0.669779 -11.368114 -0.566777 -3.321177 12.327937 5.507763 -3.974883 20.928375 -12.559546 2.822732 -2.742833 -0.218074 13.29987 -36.258595 7.503397 13.298421 -0.003345 0.001087 0.000322 0.020976 8e-06 0.013991 -0.103657 -0.054291 -0.027356 -0.099475 0.050935 0.068319 -22.916891 -70.041573 25.259331 14.087164 -8.283475 -75.463943 81.216011 -2.573943 -4.514964 -24.923628 32.623508 -21.091452 17.615368 -26.345081 52.587975 -19.498537 -14.4113 29.492088 0.000299 -8.782274 0.004588 18.236029 -17.377552 4.343565 -0.621008 -1.805273 -3.912849 -4.806815 -11.046834 -2.925316 -0.011417 -20.98354 -0.009816 -5.037977 -25.067137 -4.054046 0.000383 0.003217 0.002005 -10.651025 -5.70208 -3.577912 10.575049 -17.930714 -3.111966 -0.008284 -13.82964 -0.013133 -0.498663 -31.19759 -4.064553 -10.223283 -58.247593 6.202963 -13.99369 -7.166461 -2.88623 13.774634 -8.397444 -3.226479 0.353539 -34.206558 0.759899 -0.974589 -17.724911 2.61911 0.000765 -0.019022 0.008744 -17.367779 -20.121889 -4.221031 21.776857 -1.626691 3.880225 -0.006175 -6.344122 -0.014582 -1.718234 -22.586073 -6.220492 -0.004181 -0.012455 0.004836 81.683624 -75.705048 109.360207 21.723343 -63.400959 10.077578 27.296829 -0.344214 0.124267 5.894096 4.225616 10.826685 22.192505 -20.395807 49.997673 -16.682676 -16.763596 28.479771 0.004658 -12.697042 -0.001656 16.53199 -18.101 2.475166 -0.092775 -1.509966 -4.278421 -5.04858 -5.610142 -2.953468 -0.003029 -11.011856 0.005713 -6.117141 -15.88883 -3.840517 0.000826 1.5e-05 0.000386 -10.279734 -5.667757 -4.338298 11.033511 -11.292669 -2.371202 -1.391958 -14.216861 -6.31605 -0.63798 -26.850401 -3.820311 -4.322819 -49.993668 -4.050242 -13.712961 -7.351252 -3.717309 18.146551 -14.042228 -3.242187 -0.008416 -18.781059 0.007627 -0.437005 -8.451452 2.558816 0.00777 -0.00397 -0.001359 -15.925407 -20.083399 -5.476182 30.42935 -7.181568 1.744445 -0.000868 -8.15951 0.006326 -1.880747 -22.848833 -6.165576 -0.000543 -0.001217 0.003871 -176.262711 -0.917475 -19.108074 9.203011 -0.04436 0.151061 -83.180832 -10.601408 -6.881372 -3.495049 1.643595 2.252808 -0.994742 -0.004595 -0.000945 -2.029677 -5.254573 10.925063 6.081377 0.061539 0.401958 -76.871902 7.183639 -6.163788 -3.393293 0.477572 1.684914 -0.990643 0.000216 8.7e-05 
0.0 0.0 0.0 0.0 -0.0 0.0 1.038814 99.936363 1.953763 88.89109 -3.045962 71.470284 -1.018765 1.037309 -0.654633 -11.375655 -0.577825 -3.482531 12.208453 5.62565 -3.974775 20.882166 -12.770064 2.861884 -2.746837 -0.130673 13.179722 -35.880665 7.514519 13.436945 0.0 -0.0 0.0 0.00043 -0.006835 0.000903 -0.116756 -0.064166 -0.034889 -0.09666 0.044861 0.049762 -23.253754 -69.91552 25.355806 15.157102 -8.458158 -75.353821 82.391884 -2.904757 -4.538241 -23.989445 33.224251 -19.792482 17.611519 -26.344385 52.559902 -19.447493 -14.37066 29.436047 -0.007043 -8.760666 0.009456 18.355474 -17.338823 4.392458 -0.609468 -1.796791 -3.88256 -4.797984 -11.040228 -2.937889 0.007263 -20.97646 -0.029632 -5.009389 -25.040274 -4.041387 -0.015522 -0.004654 0.008113 -10.619317 -5.683976 -3.53808 10.556953 -17.910124 -3.127131 0.005222 -13.808286 -0.002269 -0.486022 -31.183428 -4.046796 -10.412961 -58.483215 6.392432 -13.960194 -7.145154 -2.870465 13.742277 -8.393248 -3.213663 0.355821 -34.174934 0.763165 -0.953338 -17.707663 2.621964 -0.002923 0.000744 -0.002582 -17.32057 -20.078152 -4.204653 21.719913 -1.648623 3.853954 0.003534 -6.328173 0.018482 -1.679195 -22.572554 -6.209816 0.009378 0.003309 0.003955 83.788933 -76.024879 107.309113 21.888288 -63.375782 9.57989 27.614475 -0.115792 0.052153 6.148833 4.709593 10.468723 22.225601 -20.450012 50.079197 -16.692078 -16.768829 28.529806 0.001315 -12.695076 -0.002217 16.549988 -17.947866 2.485377 -0.103053 -1.510153 -4.285757 -5.042202 -5.61424 -2.958953 -0.002351 -11.014984 0.002271 -6.113366 -15.885484 -3.848983 -0.001055 0.003241 -0.000326 -10.287321 -5.679112 -4.353201 11.046324 -11.302847 -2.374856 -1.388587 -14.229469 -6.332082 -0.624701 -26.919647 -3.829901 -4.330767 -50.14325 -4.073831 -13.723362 -7.36338 -3.730663 18.168686 -14.054831 -3.241462 -0.016264 -18.805803 0.016192 -0.439328 -8.470708 2.570603 -0.0 0.000934 -0.002704 -15.93117 -20.085686 -5.495949 30.450653 -7.196857 1.745252 -0.003629 -8.16466 0.007273 -1.876154 -22.857361 -6.165868 0.004556 0.003299 0.00279 -175.737656 -0.705267 -19.234297 8.477866 -0.037591 0.132038 -82.599968 -10.367181 -6.726261 -3.830837 1.696673 2.259132 -0.996133 -0.001166 -0.000506 -1.860838 -5.359522 10.658338 6.273358 0.046801 0.44328 -76.802788 7.237947 -6.186064 -3.621584 0.49124 1.682051 -0.993604 0.000492 0.000158 
0.0 0.0 0.0 0.0 -0.0 0.0 1.156304 99.924049 2.095803 88.863991 -2.952016 71.521317 -1.097635 1.109578 -0.636646 -11.350242 -0.604862 -3.556701 12.103281 5.751452 -3.910091 20.648979 -13.044331 2.962229 -2.712845 -0.086279 13.208373 -35.41328 7.309248 13.305423 -8e-05 0.001724 0.003807 0.007148 -0.01249 -0.010715 -0.123994 -0.069794 -0.055053 -0.093662 0.038954 0.036198 -25.398487 -70.638954 27.75946 16.391155 -7.715679 -75.687172 86.752983 -2.418456 -3.973411 -16.259298 36.057804 -11.684768 17.631746 -26.312468 52.42321 -19.453089 -14.397607 29.418209 0.007046 -8.771581 0.014885 18.349426 -17.670296 4.61448 -0.607149 -1.797346 -3.897484 -4.810009 -11.048096 -2.921181 -0.001232 -20.984961 0.003376 -5.038283 -25.054316 -4.02131 0.010348 -0.000344 -0.005174 -10.631486 -5.695299 -3.570412 10.566945 -17.912731 -3.116942 -0.000427 -13.816882 0.002044 -0.508283 -31.190012 -4.049819 -10.587426 -58.686577 6.571617 -13.975467 -7.154774 -2.891674 13.755488 -8.40149 -3.200316 0.372167 -34.184414 0.77137 -0.963241 -17.740347 2.628846 0.000501 0.004095 -0.004066 -17.342049 -20.107126 -4.206038 21.761002 -1.643833 3.873689 -0.000434 -6.335839 0.006412 -1.693534 -22.596354 -6.197338 0.003603 0.000884 0.001619 84.919571 -76.166183 106.257782 22.072712 -63.094727 8.940467 27.979881 0.268611 0.039039 6.278268 5.453615 10.207613 22.192915 -20.367832 49.945053 -16.695148 -16.739651 28.472282 -0.000214 -12.696717 -0.001225 16.499199 -17.85771 2.508127 -0.107763 -1.521198 -4.274491 -5.035969 -5.607949 -2.951721 -0.002094 -11.018393 0.000123 -6.113611 -15.900556 -3.836535 0.003036 -0.003234 0.000134 -10.282883 -5.675184 -4.337867 11.02324 -11.317271 -2.372676 -1.376817 -14.245135 -6.321731 -0.625614 -26.938419 -3.822139 -4.511382 -50.240578 -4.043289 -13.713474 -7.358174 -3.717172 18.145761 -14.053373 -3.240117 0.003375 -18.785444 -0.004839 -0.428555 -8.464441 2.559196 -0.005545 -0.011397 -0.007307 -15.915652 -20.089506 -5.476027 30.389475 -7.18742 1.745097 0.005349 -8.147938 -0.002847 -1.851009 -22.814831 -6.161374 0.007274 0.000181 0.001708 -175.462814 -0.597865 -19.321363 8.170756 -0.042248 0.145845 -82.731865 -10.487014 -6.515233 -3.951626 1.730217 2.271747 -1.002176 -0.002174 -0.001433 -1.941808 -5.408446 10.480379 6.788589 0.01717 0.534246 -77.073105 7.365451 -6.385046 -3.70635 0.510194 1.670227 -0.998535 -0.000699 -5.8e-05 
0.0 0.0 0.0 0.0 -0.0 0.0 1.243111 99.851601 2.236716 88.792686 -2.986473 71.498047 -1.190409 1.219328 -0.609731 -11.363698 -0.602527 -3.501519 12.051461 5.888199 -3.815297 20.252527 -13.435252 3.044631 -2.700405 -0.135089 13.230377 -35.022022 7.010641 12.882686 0.00022 -0.002519 -0.001373 0.024916 -0.010452 0.013361 -0.142279 -0.080348 -0.031563 -0.110772 0.053107 0.051491 -29.287458 -71.818718 32.343468 17.43095 -5.687346 -76.304077 90.886169 -2.02562 -3.372402 -5.228935 38.058346 -0.000965 17.652458 -26.310061 52.374546 -19.445484 -14.400756 29.370186 -0.002391 -8.772092 -0.001166 18.300261 -18.114498 5.006827 -0.610932 -1.798848 -3.896365 -4.811985 -11.037089 -2.944349 0.002033 -20.970537 0.002384 -5.034191 -24.99773 -4.013175 -0.006331 0.010084 -0.007048 -10.638875 -5.686732 -3.566853 10.580816 -17.913742 -3.106585 0.000645 -13.811824 0.005687 -0.506904 -31.167059 -4.031539 -10.873137 -58.791996 6.899112 -13.99412 -7.148911 -2.882062 13.787814 -8.400356 -3.208939 0.360704 -34.19701 0.763383 -0.972164 -17.710073 2.648824 0.007381 0.007251 -0.004548 -17.350033 -20.094398 -4.218399 21.767021 -1.641948 3.878749 0.001108 -6.342037 0.006302 -1.709648 -22.596251 -6.170483 -0.001783 0.008408 -0.0 84.344994 -76.150528 106.527916 22.188845 -62.445278 8.164045 28.426413 0.546988 -0.012663 6.41271 6.678 9.725617 22.182648 -20.372589 49.953587 -16.69982 -16.765255 28.486252 -8.3e-05 -12.688644 0.002335 16.405123 -17.812305 2.546511 -0.093031 -1.518942 -4.281713 -5.042 -5.619373 -2.954328 0.004269 -11.007541 -0.002296 -6.10319 -15.887471 -3.843703 -0.001546 0.00089 -0.000449 -10.276234 -5.685481 -4.341002 11.026843 -11.291615 -2.373537 -1.375684 -14.229493 -6.320543 -0.606979 -26.922291 -3.833421 -4.739136 -50.296787 -3.876187 -13.694357 -7.369001 -3.72103 18.138891 -14.040364 -3.246504 0.008029 -18.779633 -0.00652 -0.432259 -8.459911 2.549192 -0.001345 0.000379 -0.001161 -15.919849 -20.090816 -5.477075 30.436771 -7.19535 1.731552 0.024684 -8.154533 -0.00388 -1.867359 -22.838552 -6.172025 0.006568 -0.005639 -0.002902 -175.332352 -0.545682 -19.507181 7.983708 -0.062911 0.231451 -82.862785 -10.545438 -6.209849 -3.653149 1.675564 2.265009 -0.993302 0.000875 0.00033 -2.195858 -5.379415 10.40843 7.464878 -0.030888 0.550105 -77.296654 7.665286 -6.564605 -3.686449 0.527743 1.665157 -0.994509 -0.000477 -0.000221 
0.0 0.0 0.0 0.0 -0.0 0.0 1.305122 99.75544 2.413415 88.799744 -2.957046 71.581261 -1.273465 1.286256 -0.542909 -11.459314 -0.594988 -3.482022 12.101702 5.981411 -3.797253 19.961651 -13.802231 3.097735 -2.722441 -0.180539 13.131591 -34.752552 6.781319 12.500509 0.003574 4.8e-05 -0.000514 0.025382 0.003278 0.062569 -0.113798 -0.072167 0.033526 -0.094446 0.074721 0.084881 -32.576466 -72.535011 36.023994 17.888897 -4.364485 -76.771538 93.54908 -1.914062 -3.105024 0.437227 37.64019 7.624042 17.637859 -26.300632 52.43314 -19.431921 -14.379486 29.382874 0.001636 -8.773189 0.017933 18.345646 -18.127092 5.39033 -0.607835 -1.784958 -3.891 -4.807753 -11.040342 -2.929754 -0.003127 -20.952248 0.003827 -4.999681 -25.011866 -4.040133 -0.0012 0.007424 0.00789 -10.6313 -5.676594 -3.564078 10.566619 -17.906933 -3.114406 -0.003698 -13.813262 0.02363 -0.510714 -31.138628 -4.026249 -11.051892 -58.988388 7.162614 -13.968253 -7.132865 -2.867722 13.759425 -8.401152 -3.220532 0.355725 -34.1824 0.766859 -0.952366 -17.71084 2.619852 0.002575 -0.01091 -0.0 -17.337074 -20.080765 -4.198158 21.742672 -1.631843 3.868055 0.009328 -6.340901 -0.015884 -1.687935 -22.584242 -6.195246 -0.005273 -0.010938 0.004153 83.843796 -76.356476 107.143188 22.468042 -61.904369 6.761872 28.74255 0.470884 -0.061112 6.690282 7.827144 9.216688 22.174606 -20.341671 49.899769 -16.711597 -16.758656 28.462759 0.003085 -12.699292 0.00029 16.347441 -17.848995 2.514178 -0.111458 -1.509994 -4.276688 -5.041867 -5.621376 -2.95202 -0.001617 -11.031114 0.000689 -6.110632 -15.92 -3.840214 -0.004296 0.001371 -0.000765 -10.286127 -5.669622 -4.336908 11.035646 -11.310956 -2.37985 -1.394624 -14.238624 -6.316362 -0.615874 -26.917782 -3.826761 -4.834799 -50.180714 -3.848544 -13.711237 -7.355454 -3.714655 18.144821 -14.059379 -3.254372 -0.010885 -18.789961 -0.010329 -0.418912 -8.447685 2.550334 0.005665 0.001191 -0.002316 -15.93095 -20.090393 -5.467012 30.416428 -7.195696 1.728902 0.021083 -8.161439 -0.001927 -1.858647 -22.871325 -6.172798 0.0 0.00514 0.003359 -175.201889 -0.420573 -19.418257 7.959083 -0.076004 0.312284 -83.196671 -10.767216 -6.037911 -3.41611 1.616049 2.24666 -0.992897 0.001355 0.00036 -2.327182 -5.442016 10.393122 8.039032 -0.062998 0.48477 -78.037659 7.831615 -6.7763 -3.607922 0.540829 1.678785 -0.992733 -0.000522 -0.000228 
0.0 0.0 0.0 0.0 -0.0 0.0 1.360369 99.724663 2.615808 88.839485 -2.884523 71.816254 -1.350485 1.311251 -0.536286 -11.484168 -0.565989 -3.434275 12.03935 6.023129 -3.873809 19.830088 -14.01634 3.099441 -2.722573 -0.137325 12.93609 -34.444923 6.672246 12.409928 0.000184 -0.000866 0.000113 0.01538 0.0024 0.070021 -0.079617 -0.065015 0.057042 -0.070299 0.066249 0.08402 -33.746571 -72.501114 37.218773 17.772093 -4.363072 -76.977501 94.793465 -1.855458 -3.147331 0.851563 36.723225 10.821902 17.643623 -26.279999 52.32354 -19.479481 -14.41789 29.364275 -0.003224 -8.776771 -0.009622 18.005396 -17.65732 5.834113 -0.609085 -1.801254 -3.892599 -4.79876 -11.037887 -2.944622 0.019693 -20.99003 0.002076 -5.01984 -25.024292 -4.031697 0.002388 -0.014016 -0.00122 -10.62466 -5.671536 -3.554708 10.581422 -17.914274 -3.133073 0.00556 -13.811625 0.007033 -0.478222 -31.170273 -4.04168 -11.381379 -58.930099 7.625107 -13.980538 -7.126127 -2.862277 13.78756 -8.411357 -3.229861 0.385227 -34.185764 0.763493 -0.934238 -17.717186 2.626235 0.003962 -0.002086 -0.008229 -17.333946 -20.075405 -4.195358 21.755325 -1.645125 3.834104 0.005173 -6.344295 0.008606 -1.696754 -22.55995 -6.16751 0.011424 -0.008506 -0.006729 84.33416 -76.670044 106.764519 22.439144 -61.804783 5.62361 28.867949 0.284427 -0.053547 6.74845 8.453332 8.913988 22.178082 -20.387878 49.952137 -16.68362 -16.750467 28.470615 -0.003199 -12.691007 0.003335 16.382439 -17.864861 2.421986 -0.113703 -1.50704 -4.272846 -5.030025 -5.622225 -2.955164 0.011114 -11.011762 -0.001686 -6.120614 -15.898911 -3.840907 0.001047 -0.001988 0.000775 -10.276539 -5.668909 -4.339161 11.028035 -11.297563 -2.374609 -1.388469 -14.229754 -6.31496 -0.622406 -26.895359 -3.824918 -4.772098 -49.926266 -3.944085 -13.705642 -7.354551 -3.718156 18.140575 -14.0404 -3.241208 0.009373 -18.774727 0.004376 -0.434339 -8.44674 2.550715 0.006852 -0.003483 0.001555 -15.933378 -20.09544 -5.471438 30.480024 -7.189332 1.733841 -0.004865 -8.165422 -0.000756 -1.869242 -22.846392 -6.179331 0.007364 -0.007459 -0.000925 -174.911072 -0.259827 -19.087332 7.739727 -0.077965 0.3598 -83.228668 -11.064215 -6.047788 -3.332153 1.610841 2.252693 -0.993464 0.00445 0.001334 -2.229221 -5.575309 10.321713 8.314394 -0.044188 0.432827 -78.42128 7.728697 -6.796631 -3.463519 0.542415 1.692259 -0.995701 -3.8e-05 -0.000154 
0.0 0.0 0.0 0.0 -0.0 0.0 1.366509 99.746658 2.798177 88.836266 -2.870546 72.015083 -1.435804 1.334273 -0.52507 -11.476178 -0.528696 -3.358097 11.878862 6.05285 -3.91682 19.751715 -14.048945 3.037921 -2.717628 -0.080378 12.739614 -34.203968 6.60724 12.418761 0.00348 0.0 -0.001882 0.001514 0.000202 0.059672 -0.059854 -0.054615 0.057089 -0.042809 0.05056 0.057404 -34.149876 -72.201263 37.463966 17.545826 -4.701005 -77.138748 95.498802 -2.076533 -3.278909 0.99148 36.042233 12.708331 17.620308 -26.254089 52.354027 -19.449934 -14.388697 29.376276 0.006475 -8.769573 -0.001583 17.703207 -17.365936 6.153117 -0.600508 -1.785291 -3.899979 -4.80937 -11.039918 -2.923634 -0.000714 -20.958729 0.001004 -5.010231 -25.021492 -4.030917 -0.008763 0.0 0.002587 -10.622711 -5.684137 -3.566646 10.547135 -17.904373 -3.106616 0.009254 -13.816224 -0.002747 -0.479512 -31.149355 -4.052143 -11.357245 -58.687801 7.744789 -13.976424 -7.152059 -2.874629 13.763961 -8.387639 -3.205832 0.348286 -34.178196 0.735506 -0.957083 -17.70265 2.608773 -0.007205 0.016501 0.008277 -17.348185 -20.090658 -4.190858 21.745928 -1.625307 3.84815 -0.002274 -6.342346 0.01799 -1.685327 -22.595703 -6.216968 -0.00555 -0.001642 0.006267 84.923653 -76.923721 106.092018 22.023939 -61.902287 5.297297 28.854486 0.103864 -0.043715 6.624842 8.78636 8.50133 22.183826 -20.362167 49.971695 -16.708057 -16.720884 28.489576 0.000881 -12.681232 -0.000976 16.475416 -17.837296 2.35567 -0.105984 -1.52045 -4.279733 -5.026766 -5.610556 -2.961637 -0.009539 -11.026054 -0.001637 -6.105873 -15.912779 -3.849985 0.000244 0.00163 0.001451 -10.279798 -5.683678 -4.345151 11.026863 -11.303539 -2.375747 -1.391135 -14.240862 -6.331762 -0.618785 -26.932468 -3.842103 -4.765486 -49.835934 -3.97546 -13.700705 -7.361475 -3.728901 18.123796 -14.061872 -3.240189 0.015253 -18.797165 -0.006401 -0.431224 -8.457943 2.556168 -0.00026 -0.011683 0.002401 -15.904145 -20.125011 -5.490076 30.376553 -7.182705 1.743255 0.003237 -8.166303 -0.002348 -1.863055 -22.863846 -6.182335 -0.000973 -0.007228 0.000183 -174.661499 -0.157296 -18.847431 7.402912 -0.07099 0.372311 -82.907524 -11.159749 -6.059208 -3.33576 1.643639 2.260012 -1.001614 -0.001325 -0.000896 -2.105624 -5.63181 10.200266 8.429793 -0.045843 0.427 -78.325806 7.617754 -6.73013 -3.41733 0.547895 1.702101 -0.995735 0.000954 -7.9e-05 
0.0 0.0 0.0 0.0 -0.0 0.0 1.346188 99.784134 2.975865 88.837624 -2.908196 72.291656 -1.537501 1.350925 -0.558378 -11.476161 -0.493952 -3.280917 11.716525 6.071345 -3.846547 19.632532 -13.954353 2.970547 -2.700047 -0.039812 12.530076 -33.930138 6.537028 12.300576 -0.003282 0.000261 0.000109 -0.018943 -0.003253 0.051857 -0.081162 -0.047412 0.052987 -0.066322 0.040753 0.053695 -34.741692 -72.044006 37.857521 17.424213 -5.052388 -77.199989 96.050423 -2.357675 -3.29088 2.311901 35.65789 14.473321 17.638369 -26.299803 52.41938 -19.477793 -14.399616 29.392931 -0.001826 -8.780148 0.001515 17.412468 -17.227112 6.345446 -0.606971 -1.795244 -3.897896 -4.811127 -11.045737 -2.926545 0.006457 -20.971615 -0.010394 -5.021163 -25.020758 -4.033241 0.008148 -0.00222 -0.000128 -10.64028 -5.68968 -3.559033 10.57948 -17.911156 -3.109024 0.006723 -13.818716 -0.011398 -0.489156 -31.16172 -4.024754 -11.378443 -58.55481 7.828454 -13.991811 -7.151038 -2.881202 13.786001 -8.399884 -3.215232 0.349955 -34.199638 0.756246 -0.964602 -17.740852 2.605438 0.012892 -0.009069 -0.002358 -17.358976 -20.105093 -4.218728 21.793339 -1.646642 3.877461 -0.012779 -6.333893 -0.002427 -1.68958 -22.593546 -6.188654 -0.012174 0.008098 0.00823 85.550041 -77.088013 105.353882 21.555668 -62.031521 5.424612 28.805721 0.079973 -0.036803 6.377181 8.909494 7.938331 22.157358 -20.377544 50.00071 -16.70723 -16.733921 28.489128 0.000994 -12.684772 0.001822 16.497084 -17.859226 2.382315 -0.106199 -1.497985 -4.275136 -5.040348 -5.615236 -2.953874 -0.002077 -11.03546 -0.000405 -6.108166 -15.901508 -3.839514 0.003422 2.7e-05 -0.001711 -10.273991 -5.683704 -4.344302 11.019888 -11.300821 -2.376053 -1.384759 -14.249859 -6.331637 -0.614771 -26.925123 -3.841293 -4.790208 -49.826431 -3.914764 -13.704067 -7.349868 -3.719761 18.132343 -14.057678 -3.251363 0.001903 -18.795553 -0.003517 -0.433523 -8.454166 2.559366 3.8e-05 -0.004388 -0.002194 -15.92161 -20.092197 -5.477989 30.406151 -7.192318 1.724175 -0.011117 -8.163656 -0.003058 -1.845145 -22.874008 -6.174749 -0.000546 0.006428 0.000907 -174.43808 -0.100542 -18.707945 6.976277 -0.068342 0.353744 -82.6474 -11.035686 -6.115358 -3.341099 1.672927 2.266201 -1.008174 0.002942 0.001109 -1.942505 -5.658279 9.851958 8.354163 -0.045949 0.461842 -78.246094 7.589926 -6.604775 -3.444282 0.555471 1.707889 -1.002017 0.000424 -0.00015 
0.0 0.0 0.0 0.0 -0.0 0.0 1.297586 99.80912 3.109536 88.857033 -2.96626 72.580566 -1.634329 1.352949 -0.553528 -11.497278 -0.462396 -3.211772 11.594848 6.075835 -3.709057 19.607897 -13.827085 2.956059 -2.689119 -0.099385 12.334608 -33.687614 6.426521 12.118903 -0.003413 -6e-05 -0.001937 -0.029413 -0.005142 0.043148 -0.102287 -0.041515 0.039655 -0.08921 0.025205 0.048223 -35.34399 -72.148972 38.344509 17.385006 -5.260078 -77.269768 96.324524 -2.711899 -3.262249 4.023153 35.607639 15.761683 17.607824 -26.263325 52.385719 -19.467947 -14.369325 29.403076 0.006482 -8.766029 0.000828 17.394926 -17.295593 6.372848 -0.612963 -1.79756 -3.903025 -4.82237 -11.064922 -2.916327 -0.012529 -20.998987 -0.026753 -5.038095 -25.094149 -4.077625 -0.007903 1e-06 0.008838 -10.63486 -5.700809 -3.554434 10.550683 -17.926817 -3.137502 -0.005061 -13.82096 -0.002283 -0.496411 -31.20166 -4.067878 -11.362908 -58.657063 7.757014 -13.981945 -7.157985 -2.868027 13.750174 -8.403715 -3.214901 0.343702 -34.195774 0.720856 -0.974962 -17.722643 2.624946 0.006929 -0.008861 0.001183 -17.36586 -20.138695 -4.20178 21.765831 -1.619038 3.874511 -0.004175 -6.34286 -0.005485 -1.719768 -22.604279 -6.193404 0.004285 0.010341 -0.006635 86.160362 -77.438217 105.336502 21.301798 -62.241814 5.693392 28.689753 0.025927 -0.034831 6.128387 9.007446 7.34007 22.16564 -20.300348 49.901814 -16.725784 -16.7698 28.496447 0.000893 -12.703059 0.00385 16.483664 -17.854742 2.389009 -0.097851 -1.51366 -4.280271 -5.05099 -5.619152 -2.948984 0.004471 -11.026952 -0.012147 -6.129809 -15.909872 -3.844945 0.00188 0.002264 6.2e-05 -10.282851 -5.695761 -4.33534 11.03888 -11.298364 -2.384571 -1.387867 -14.249682 -6.324829 -0.620121 -26.929157 -3.842595 -4.793397 -49.797852 -3.870812 -13.707739 -7.372259 -3.71266 18.145002 -14.051099 -3.260545 0.00546 -18.796101 -0.011112 -0.438832 -8.469604 2.550661 0.005377 0.004187 3e-05 -15.929094 -20.131781 -5.469393 30.434429 -7.176546 1.727312 -0.008863 -8.16162 -0.004038 -1.854794 -22.881193 -6.179996 0.000637 0.010922 0.005488 -174.290604 -0.075573 -18.649296 6.609435 -0.070252 0.338906 -82.505623 -10.73469 -6.131597 -3.321394 1.677107 2.261481 -1.001557 0.001164 -0.000319 -1.82692 -5.691107 9.428254 8.278666 -0.040287 0.513222 -78.146782 7.637709 -6.508431 -3.531019 0.575311 1.711337 -0.995435 -0.000813 -0.000103 
0.0 0.0 0.0 0.0 -0.0 0.0 1.243988 99.832298 3.208958 88.882774 -2.97777 72.853127 -1.699741 1.348995 -0.54658 -11.521849 -0.434628 -3.130747 11.497401 6.070013 -3.605093 19.595818 -13.742302 2.987358 -2.683281 -0.145309 12.146108 -33.408012 6.358933 11.927107 -0.0 0.000212 -5.5e-05 -0.012098 -0.006536 0.052196 -0.13001 -0.036875 0.028698 -0.115919 0.022343 0.063499 -35.655704 -72.086487 38.519451 17.463518 -5.640588 -77.051781 95.928581 -3.008474 -2.994536 4.721251 35.576962 16.265806 17.66675 -26.331036 52.433796 -19.506762 -14.397629 29.418438 -0.004047 -8.783486 -8.8e-05 17.441847 -17.417381 6.268561 -0.60192 -1.792381 -3.899507 -4.814834 -11.058283 -2.935146 0.014745 -20.982248 -0.001446 -4.997412 -25.034973 -4.02637 0.000303 0.002823 -0.00567 -10.645116 -5.686276 -3.563195 10.596765 -17.958344 -3.117444 0.010112 -13.834551 -0.014276 -0.48225 -31.23801 -4.032518 -11.404231 -58.920956 7.779692 -14.002232 -7.16521 -2.878842 13.801194 -8.413185 -3.223127 0.353338 -34.289761 0.76836 -0.956071 -17.760859 2.628372 -0.013315 0.000752 -0.000561 -17.365992 -20.12356 -4.207903 21.776398 -1.645718 3.86345 0.0032 -6.348495 0.002564 -1.689761 -22.613686 -6.191211 0.001346 -0.005392 -0.010785 85.837151 -77.244621 105.025536 21.078135 -62.254906 6.045192 28.519855 -0.00779 -0.026926 5.904141 8.920405 6.998552 22.229984 -20.445354 50.043495 -16.713562 -16.780054 28.531641 0.001249 -12.729712 0.002533 16.474245 -17.840431 2.407454 -0.091288 -1.504277 -4.289951 -5.059468 -5.630595 -2.947102 0.004942 -11.030814 0.00018 -6.118707 -15.917536 -3.845872 -0.003545 0.000353 0.000943 -10.285178 -5.683517 -4.344851 11.041251 -11.315169 -2.374196 -1.384275 -14.262644 -6.328895 -0.633695 -26.98213 -3.827923 -4.874001 -49.883102 -3.813345 -13.721276 -7.37528 -3.722282 18.176403 -14.057577 -3.242197 0.001279 -18.804304 0.006925 -0.431279 -8.483488 2.553964 5.9e-05 0.004637 0.003974 -15.934225 -20.121443 -5.477211 30.45118 -7.196509 1.742457 -0.001313 -8.177331 0.0027 -1.874447 -22.919983 -6.172728 0.005119 -0.0 0.00328 -174.139816 -0.061467 -18.567402 6.313562 -0.067058 0.308978 -82.252556 -10.427654 -6.157332 -3.344803 1.680309 2.261825 -0.990821 -0.00425 -0.000908 -1.692722 -5.71492 9.081685 8.214142 -0.04217 0.50582 -78.120148 7.683587 -6.490084 -3.612793 0.577197 1.707949 -0.999841 0.000405 5.5e-05 
0.0 0.0 0.0 0.0 -0.0 0.0 1.178712 99.844917 3.259781 88.892464 -2.951662 73.042595 -1.735514 1.348582 -0.514096 -11.524774 -0.416663 -3.068786 11.427026 6.063904 -3.484989 19.702782 -13.724686 2.96102 -2.679081 -0.151855 11.978504 -33.124191 6.308773 11.785336 0.003336 -0.001926 -0.006809 0.004898 -0.010683 0.036506 -0.160979 -0.038611 0.006246 -0.142378 0.011556 0.064881 -35.596893 -71.904655 38.340229 17.582787 -6.175008 -76.91848 94.884201 -3.339764 -2.766075 4.018134 35.367607 15.91743 17.642973 -26.30381 52.376297 -19.468283 -14.37574 29.381504 0.004248 -8.772092 0.001677 17.515184 -17.390377 6.155737 -0.596765 -1.788217 -3.886075 -4.82404 -11.068789 -2.93765 -0.002116 -20.995327 -0.005485 -5.030963 -25.046648 -4.029934 -0.002426 -0.011181 -0.00348 -10.639778 -5.700003 -3.54846 10.567859 -17.950422 -3.117615 -0.01027 -13.849771 -0.009936 -0.523893 -31.263729 -4.046186 -11.286529 -58.921871 7.576546 -13.984349 -7.153013 -2.878416 13.772857 -8.416188 -3.207185 0.353229 -34.243603 0.738319 -0.957763 -17.7586 2.611512 0.0 -2e-06 -0.002788 -17.363779 -20.130671 -4.192591 21.751833 -1.63012 3.877054 0.001166 -6.346181 -0.005674 -1.688233 -22.604263 -6.192347 -0.010942 -0.0081 0.003655 85.901459 -77.236931 104.76265 21.022495 -62.389938 6.374233 28.281549 -0.154602 -0.056966 5.72976 8.686889 6.886322 22.124563 -20.318867 49.897007 -16.672976 -16.727394 28.442057 0.00346 -12.670337 0.001803 16.331915 -17.756508 2.390105 -0.117081 -1.512154 -4.267403 -5.027688 -5.621024 -2.95378 -0.001888 -11.026565 -0.004371 -6.09906 -15.909716 -3.837977 -0.003425 0.00025 -0.0 -10.278708 -5.688911 -4.326035 11.022647 -11.293767 -2.382065 -1.388816 -14.243939 -6.318644 -0.630221 -26.952789 -3.841216 -4.771349 -49.744419 -3.909333 -13.692685 -7.360349 -3.708523 18.115261 -14.047229 -3.252698 -0.011257 -18.780487 -0.013011 -0.428242 -8.456131 2.536742 -0.001025 -0.005894 -0.000547 -15.921388 -20.102383 -5.458637 30.379538 -7.178777 1.725322 -0.001819 -8.160895 -0.006042 -1.851661 -22.84799 -6.160856 0.001332 0.0 -0.000616 -174.00589 -0.084194 -18.404062 6.109346 -0.056178 0.281437 -82.209633 -10.277762 -6.196901 -3.379988 1.676762 2.262815 -0.996754 0.002103 -0.000206 -1.563444 -5.720016 8.863981 8.171988 -0.032604 0.477191 -78.152077 7.691049 -6.523217 -3.699915 0.573061 1.707109 -0.995818 -0.000101 0.000135 
0.0 0.0 0.0 0.0 -0.0 0.0 1.07062 99.836792 3.288341 88.917999 -2.890374 73.140297 -1.75484 1.332548 -0.477055 -11.53474 -0.419514 -3.02795 11.411412 6.040453 -3.368302 19.938974 -13.751197 2.928265 -2.7046 -0.116591 11.864059 -32.878883 6.320051 11.750772 0.000155 4.5e-05 0.001841 0.001579 -0.013936 0.024703 -0.184786 -0.042468 -0.007064 -0.146031 0.009638 0.0532 -35.680283 -71.872993 38.183239 17.986422 -6.965996 -76.858727 93.409676 -3.560153 -2.63316 1.833022 34.865395 14.452974 17.622854 -26.302662 52.372009 -19.463894 -14.391665 29.404617 -0.001124 -8.77049 -0.010601 17.482143 -17.263977 6.055023 -0.610358 -1.79679 -3.879857 -4.804447 -11.049022 -2.957912 -0.006331 -20.98645 0.010048 -5.036115 -25.056919 -4.009098 0.00134 0.001979 -0.003369 -10.621863 -5.68142 -3.559709 10.556376 -17.923288 -3.112314 0.00319 -13.804088 0.000528 -0.511839 -31.171061 -4.017439 -11.216304 -58.552986 7.603799 -13.971871 -7.148369 -2.883035 13.756978 -8.403201 -3.214878 0.346753 -34.249485 0.766921 -0.983979 -17.752579 2.61937 0.005932 0.006927 0.003026 -17.333944 -20.095461 -4.198541 21.737749 -1.632746 3.859771 0.005264 -6.338675 -0.006652 -1.714987 -22.561958 -6.187741 0.002782 0.002819 0.005765 86.081017 -77.581215 104.769028 21.197187 -62.607311 6.736897 28.207663 -0.274736 -0.073132 5.578022 8.351766 6.775855 22.183558 -20.337444 49.909039 -16.711685 -16.774137 28.475039 0.003335 -12.705044 0.00515 16.331944 -17.820095 2.374194 -0.100106 -1.508087 -4.278256 -5.049047 -5.62566 -2.949128 0.010938 -11.024344 -0.005818 -6.135708 -15.913013 -3.839636 8.3e-05 0.001024 0.001427 -10.302681 -5.673901 -4.327298 11.051448 -11.308325 -2.386173 -1.394943 -14.241961 -6.316171 -0.621661 -26.930134 -3.83976 -4.712626 -49.726292 -3.971755 -13.723195 -7.373229 -3.704967 18.167391 -14.031855 -3.255906 -0.000987 -18.797777 -0.013911 -0.433927 -8.454723 2.549823 -0.000317 -0.005138 -0.002311 -15.949546 -20.105444 -5.46467 30.459141 -7.182709 1.734014 -0.017221 -8.16336 -0.000586 -1.853737 -22.876255 -6.175312 -1.7e-05 -0.00683 -0.000452 -173.854553 -0.093438 -18.22541 5.963411 -0.04373 0.262867 -82.067101 -10.282106 -6.265841 -3.459281 1.707256 2.271643 -0.996727 -0.001982 -0.002029 -1.439119 -5.724899 8.813785 8.138618 -0.001149 0.409368 -78.290588 7.651778 -6.560159 -3.739128 0.567197 1.706933 -0.999913 -3.8e-05 0.000342 
0.0 0.0 0.0 0.0 -0.0 0.0 0.923057 99.808029 3.274416 88.966446 -2.829843 73.197556 -1.784361 1.31082 -0.453694 -11.531621 -0.446497 -2.988887 11.409254 5.980644 -3.298052 20.15995 -13.75905 2.976975 -2.74595 -0.033229 11.677567 -32.589329 6.364119 11.686971 -0.003301 -0.001164 0.002036 -0.002221 -0.021234 -0.005997 -0.164654 -0.050705 -0.03971 -0.139444 0.004794 0.02211 -36.110439 -72.016098 38.459099 18.616903 -7.499427 -77.355232 92.008484 -3.747052 -2.707403 -1.084917 34.365299 12.541614 17.684422 -26.36009 52.439178 -19.479176 -14.415966 29.409124 0.00523 -8.793195 0.002172 17.387325 -17.098719 6.003616 -0.611843 -1.795113 -3.903547 -4.812876 -11.059423 -2.942536 -0.008339 -20.996838 0.007551 -5.03223 -25.066345 -4.028026 0.002357 0.007896 0.005328 -10.648203 -5.68823 -3.57467 10.581186 -17.935368 -3.111339 -0.010382 -13.823972 0.001588 -0.528532 -31.190859 -4.036177 -11.012758 -58.447884 7.416051 -14.006229 -7.161137 -2.874904 13.792488 -8.40347 -3.223273 0.340166 -34.247654 0.786654 -0.979826 -17.752468 2.63413 -0.001779 -0.000818 -0.000927 -17.373234 -20.138885 -4.216479 21.791855 -1.639391 3.889424 0.001637 -6.347295 -0.005068 -1.719968 -22.632029 -6.183697 -0.009024 0.0025 0.007115 86.643211 -77.947563 104.370476 21.494894 -62.908985 7.379973 28.158913 -0.310483 -0.075965 5.505433 7.968029 6.646866 22.181734 -20.402559 50.03614 -16.734055 -16.78541 28.547142 -0.000512 -12.718157 0.008424 16.275261 -17.857742 2.429639 -0.109174 -1.523569 -4.283424 -5.038525 -5.612156 -2.953026 -0.001157 -11.019493 -0.001044 -6.107175 -15.898287 -3.840932 7.7e-05 8.6e-05 0.0001 -10.299084 -5.689432 -4.341423 11.04747 -11.307348 -2.381885 -1.384874 -14.246092 -6.329746 -0.619521 -26.955748 -3.840232 -4.626387 -49.853569 -3.94188 -13.729757 -7.364776 -3.719896 18.189587 -14.070071 -3.26136 -0.000258 -18.810379 -0.007347 -0.432224 -8.458411 2.551428 -0.000672 -0.002104 0.002964 -15.940029 -20.115206 -5.483933 30.449352 -7.201257 1.726472 0.007616 -8.172678 -0.004128 -1.849082 -22.892094 -6.182969 0.000542 0.012612 -0.00142 -173.737137 -0.122286 -18.066929 5.885725 -0.035181 0.23406 -82.102432 -10.357913 -6.361692 -3.593632 1.735961 2.272276 -0.994684 0.004617 0.001163 -1.330086 -5.694142 8.840279 8.0777 0.010647 0.379038 -78.416916 7.618242 -6.643513 -3.718928 0.550101 1.702314 -1.004715 0.00011 -0.000443 
0.0 0.0 0.0 0.0 -0.0 0.0 0.728842 99.747238 3.201751 89.021774 -2.7226 73.185226 -1.766196 1.258877 -0.408953 -11.569816 -0.515102 -2.985691 11.497656 5.847174 -3.268278 20.371689 -13.71517 3.119053 -2.751581 0.01507 11.541865 -32.429867 6.47793 11.58737 0.0 -0.0 0.0 -0.00961 -0.025106 -0.032014 -0.150535 -0.074238 -0.066899 -0.107002 0.016191 -0.01109 -37.299202 -72.285095 39.724438 19.452349 -7.105996 -78.248421 90.975883 -3.604253 -2.792023 -3.753624 34.142044 10.826105 17.692726 -26.397383 52.523224 -19.491615 -14.421818 29.446352 -0.000948 -8.78778 -0.001043 16.989992 -16.8864 6.12668 -0.607955 -1.801068 -3.882935 -4.805889 -11.055858 -2.950424 0.004653 -20.997231 0.014459 -5.006786 -25.048281 -4.031757 -0.000666 -0.009286 -0.004148 -10.63967 -5.685304 -3.56608 10.596656 -17.949158 -3.100274 0.023978 -13.822812 -0.002463 -0.484805 -31.172508 -3.986399 -10.752177 -57.963184 7.314183 -13.995627 -7.143681 -2.873189 13.797482 -8.428637 -3.209822 0.372373 -34.271908 0.764253 -0.96331 -17.774105 2.642428 0.009836 -0.003546 -0.006115 -17.360018 -20.113525 -4.210675 21.785259 -1.647433 3.874482 -0.000315 -6.343855 0.009938 -1.692176 -22.591009 -6.176011 -0.004165 -0.0 -0.003158 85.981445 -78.235596 104.931488 21.961563 -62.976025 7.977042 28.200453 -0.335377 -0.120361 5.589152 7.624756 6.395431 22.223812 -20.386772 50.018784 -16.7367 -16.755535 28.518578 0.000583 -12.696497 -6.1e-05 16.200689 -17.886503 2.478864 -0.092827 -1.520149 -4.287787 -5.057245 -5.623362 -2.952688 0.001768 -11.039943 -0.003803 -6.123001 -15.934929 -3.845196 0.003449 -0.000697 3.5e-05 -10.29205 -5.69002 -4.347788 11.036185 -11.323055 -2.379034 -1.383225 -14.271283 -6.336906 -0.608036 -26.981411 -3.852257 -4.481426 -49.946423 -4.019047 -13.719326 -7.374624 -3.728632 18.152618 -14.069324 -3.245471 0.007771 -18.821285 -0.014265 -0.425429 -8.446393 2.55384 0.006291 -0.000251 0.001978 -15.946404 -20.139069 -5.490044 30.46122 -7.208175 1.748361 -3.1e-05 -8.172043 -0.007886 -1.842599 -22.8696 -6.193818 0.000896 -0.007236 0.001097 -173.612442 -0.156571 -17.901728 5.864865 -0.03147 0.203941 -82.175697 -10.442292 -6.470324 -3.740352 1.778105 2.273682 -0.997009 0.002048 0.000644 -1.269067 -5.653377 9.014185 8.14216 0.01782 0.363438 -78.791924 7.473056 -6.702472 -3.641613 0.528228 1.695792 -1.000026 0.000658 0.000277 
0.0 0.0 0.0 0.0 -0.0 0.0 0.548623 99.671692 3.039782 89.112953 -2.539726 73.135246 -1.664605 1.184233 -0.31503 -11.560734 -0.609145 -2.995529 11.571455 5.615835 -3.270645 20.373812 -13.613345 3.280262 -2.72492 0.023893 11.551249 -32.29002 6.675457 11.364714 -0.000241 -0.000368 9.2e-05 -0.006605 -0.028116 -0.049407 -0.091429 -0.09648 -0.075301 -0.036987 0.03409 -0.033262 -39.317989 -72.551918 42.173481 20.186686 -5.605499 -78.959541 91.117928 -3.475696 -2.861762 -4.797482 34.362686 10.585552 17.604589 -26.309296 52.442123 -19.438757 -14.389252 29.413181 0.002701 -8.768883 -0.016552 16.555672 -16.769779 6.448967 -0.607806 -1.795264 -3.881037 -4.804568 -11.031077 -2.927587 -0.001457 -20.947723 0.004237 -5.006119 -25.004534 -4.036259 -0.005857 0.003156 -0.0 -10.620046 -5.676798 -3.552888 10.549287 -17.88555 -3.098506 -0.003716 -13.79968 -0.005751 -0.524193 -31.120094 -4.01594 -10.31848 -57.424503 6.920309 -13.967275 -7.130361 -2.858629 13.758284 -8.388658 -3.209973 0.363419 -34.146683 0.758581 -0.975038 -17.685667 2.63023 -0.004376 0.001769 0.000145 -17.322599 -20.044054 -4.181883 21.710556 -1.639817 3.850401 0.006714 -6.329979 0.000228 -1.684264 -22.527317 -6.175641 -0.010108 0.010189 0.002145 84.324219 -78.090141 105.826065 22.949226 -62.803097 7.722934 28.162148 -0.307248 -0.18295 5.853679 7.363973 6.439999 22.179253 -20.406855 49.944576 -16.683559 -16.727156 28.46772 0.000954 -12.685109 0.001553 16.067722 -17.933527 2.535805 -0.100696 -1.505753 -4.280047 -5.038214 -5.602262 -2.949939 -0.002645 -11.000109 0.001881 -6.099753 -15.880733 -3.842864 0.002444 0.0028 0.001161 -10.275992 -5.66862 -4.345191 11.023446 -11.281632 -2.369322 -1.39115 -14.217304 -6.313417 -0.627393 -26.895502 -3.812704 -4.525881 -49.643394 -4.023866 -13.701819 -7.354253 -3.726167 18.126448 -14.026311 -3.233372 -0.003198 -18.75709 0.009137 -0.426636 -8.452413 2.56665 0.006103 0.001209 -0.001545 -15.916305 -20.075352 -5.480151 30.418312 -7.183772 1.739011 -0.005241 -8.155405 0.004654 -1.875597 -22.830469 -6.150917 0.001583 0.012354 0.006657 -173.525391 -0.1642 -17.740623 5.947524 -0.029758 0.198277 -82.487015 -10.561273 -6.540425 -3.836695 1.757903 2.257338 -0.997725 -0.000891 -0.000473 -1.212701 -5.63192 9.304217 8.252007 0.014808 0.421275 -79.337555 7.146808 -6.824477 -3.527416 0.522629 1.680356 -0.99555 8.3e-05 -5.4e-05 
0.0 0.0 0.0 0.0 -0.0 0.0 0.315769 99.629906 2.80864 89.212799 -2.471406 73.248856 -1.562067 1.083922 -0.307905 -11.549409 -0.668743 -2.89865 11.682513 5.302135 -3.217645 20.244492 -13.36473 3.346557 -2.655797 -0.081071 11.819636 -32.416595 6.822334 10.976733 -0.000319 0.001263 -0.001554 0.007882 -0.009164 0.016974 -0.041763 -0.086126 0.005377 0.007304 0.060598 0.024667 -42.272949 -73.935104 45.626648 20.426378 -3.494954 -79.464188 93.295715 -3.653665 -2.755161 -1.222833 35.415424 13.536699 17.710054 -26.381645 52.467339 -19.529575 -14.415501 29.455902 -0.007243 -8.792491 -0.006699 17.122747 -16.895367 6.413081 -0.607942 -1.803272 -3.904029 -4.817504 -11.076846 -2.920159 0.002746 -21.023401 -0.00748 -5.019727 -25.118322 -4.038796 -0.002588 -0.008654 -0.003473 -10.656184 -5.709134 -3.569662 10.601096 -17.980127 -3.114073 0.009634 -13.859185 -0.0067 -0.482269 -31.27807 -4.040901 -10.572241 -58.025059 7.226752 -14.007814 -7.164041 -2.878671 13.792578 -8.424484 -3.229115 0.33462 -34.311768 0.785493 -0.957088 -17.783316 2.623992 0.000108 0.0 -0.000314 -17.376261 -20.152903 -4.215476 21.793034 -1.653543 3.888574 0.004463 -6.362659 0.00106 -1.688837 -22.645445 -6.201216 -0.004998 -0.005814 0.005517 84.192459 -78.849686 107.427505 24.677553 -62.966305 6.455082 28.132328 -0.305968 -0.179062 5.880949 7.211029 7.06132 22.233673 -20.430162 50.0289 -16.710974 -16.790995 28.514565 0.001554 -12.724082 -0.004133 16.084965 -18.067646 2.583376 -0.112361 -1.518319 -4.283961 -5.039596 -5.620889 -2.956131 -0.007292 -11.030514 0.001953 -6.122064 -15.918471 -3.850491 -0.001478 0.00024 -0.000838 -10.306843 -5.688873 -4.340319 11.042006 -11.31164 -2.369783 -1.382233 -14.240016 -6.320595 -0.633089 -26.930431 -3.822526 -4.751333 -49.585312 -4.054365 -13.745138 -7.372524 -3.719727 18.179823 -14.052636 -3.240254 -0.009076 -18.781603 0.010432 -0.425909 -8.456288 2.555228 -0.00465 -0.002155 -0.003082 -15.970811 -20.116283 -5.475689 30.493349 -7.204905 1.754607 -0.015548 -8.174488 0.006972 -1.86204 -22.884706 -6.1638 0.000819 0.01142 -0.001071 -173.592163 -0.247999 -17.681652 6.049995 -0.012478 0.237959 -82.615883 -10.470288 -6.59972 -3.687041 1.688321 2.247424 -1.004228 0.001735 -0.000503 -1.304599 -5.558987 9.448825 8.417647 -0.001325 0.491905 -79.701378 6.905119 -6.912959 -3.411521 0.588587 1.684019 -0.993758 -0.00075 -0.000554 
0.0 0.0 0.0 0.0 -0.0 0.0 0.109147 99.674011 2.556646 89.264351 -2.596275 73.651268 -1.520143 0.980565 -0.337025 -11.503528 -0.671575 -2.77296 11.811048 4.952635 -3.025611 19.894506 -12.838794 3.204498 -2.610572 -0.252223 11.814563 -32.780552 6.918887 10.544803 0.006839 0.001839 0.005324 0.040773 0.015336 0.138581 0.001453 -0.068042 0.123665 0.03627 0.087733 0.135179 -43.349945 -74.332413 47.071289 20.94322 -1.730558 -78.926094 94.461525 -3.717613 -2.878033 10.790903 36.218079 22.092039 17.664446 -26.351549 52.417637 -19.47953 -14.422358 29.43235 -0.008938 -8.784706 0.003523 18.825974 -17.519936 5.526937 -0.607727 -1.790433 -3.889681 -4.80647 -11.046992 -2.945014 0.017277 -20.996202 0.00918 -5.008065 -25.017632 -4.014469 -0.006101 -0.000184 0.002353 -10.642717 -5.676361 -3.56948 10.592507 -17.937901 -3.106299 0.01004 -13.834229 0.003084 -0.507513 -31.183485 -3.995013 -11.710239 -59.624771 7.919143 -13.991408 -7.132226 -2.877701 13.782971 -8.409003 -3.23013 0.337457 -34.197552 0.808647 -0.966668 -17.746515 2.63762 0.00323 -0.008583 0.002768 -17.356323 -20.084713 -4.202315 21.783928 -1.661885 3.862758 0.01789 -6.339976 -0.011698 -1.708822 -22.590612 -6.156225 -0.007349 0.0 0.00377 82.702728 -78.393562 108.193642 25.817575 -62.618862 5.678598 28.343277 -0.382443 -0.193241 5.831104 7.321694 7.345775 22.205894 -20.399687 49.991604 -16.696503 -16.742374 28.481842 -0.001668 -12.689189 -0.003338 16.116302 -17.999432 2.600626 -0.102844 -1.5153 -4.277671 -5.039555 -5.614546 -2.959072 -0.002406 -11.032022 -0.001671 -6.10215 -15.904532 -3.848723 0.001017 0.003277 0.001163 -10.279375 -5.687027 -4.344278 11.030719 -11.308919 -2.371914 -1.378425 -14.246252 -6.327964 -0.624866 -26.968737 -3.832357 -5.157385 -49.999866 -3.48657 -13.704171 -7.365376 -3.726553 18.144045 -14.06074 -3.245143 -0.003487 -18.79184 0.004434 -0.43101 -8.454729 2.567899 0.004986 0.002305 0.002157 -15.922664 -20.120153 -5.484442 30.45035 -7.197449 1.739226 -0.008497 -8.168184 0.001135 -1.880589 -22.884991 -6.172871 0.003291 0.010141 -0.003562 -173.932556 -0.464003 -17.615749 6.056489 -0.04905 0.354523 -82.352921 -10.040612 -6.791787 -3.243623 1.600629 2.227021 -0.990341 0.004785 0.001914 -1.421893 -5.419107 8.964807 8.297408 -0.037012 0.459176 -79.504257 6.838082 -6.863111 -3.4217 0.662672 1.712261 -0.999884 -0.000827 -0.000648 
0.0 0.0 0.0 0.0 -0.0 0.0 -0.114091 99.826965 2.20072 89.268608 -2.890018 74.192604 -1.50982 0.894465 -0.444656 -11.409847 -0.61843 -2.589528 11.808406 4.690275 -2.95827 19.73827 -12.403763 3.103547 -2.563467 -0.292638 11.611189 -33.10183 6.841497 10.478332 -0.003409 -0.001578 -0.004842 0.023817 0.019519 0.157584 0.030497 -0.026512 0.161029 0.044819 0.063612 0.151866 -40.926113 -73.764572 44.503201 22.511675 -1.684352 -78.930168 92.572067 -3.467042 -2.209732 13.157196 36.941559 24.414839 17.644049 -26.400419 52.534672 -19.446192 -14.401264 29.442429 0.004855 -8.779467 0.00208 19.581146 -17.713463 4.850766 -0.607228 -1.800764 -3.888642 -4.818278 -11.053902 -2.931619 -0.003842 -20.99231 -0.003036 -5.057177 -25.021664 -4.030669 0.00873 -0.006712 -0.010391 -10.640567 -5.688428 -3.560155 10.556183 -17.914669 -3.098204 -0.005282 -13.826485 0.008035 -0.525148 -31.18899 -4.000764 -12.036705 -60.247448 8.048144 -13.988616 -7.150413 -2.882343 13.774341 -8.404524 -3.22367 0.308297 -34.246243 0.812781 -0.947383 -17.735155 2.623681 0.00434 -0.009111 0.001187 -17.370081 -20.117228 -4.187309 21.765575 -1.624396 3.873714 0.004995 -6.346932 -0.004352 -1.724579 -22.632133 -6.197638 0.000792 -0.002305 -0.008575 83.330879 -78.152359 107.016899 26.237589 -62.33791 5.715796 29.157364 -0.481371 -0.121796 6.151361 7.228828 6.94223 22.209461 -20.41115 49.97316 -16.668348 -16.731171 28.456436 0.002568 -12.684838 -0.001449 16.124409 -17.879114 2.572223 -0.101255 -1.526719 -4.285033 -5.037375 -5.599029 -2.948742 -0.004631 -11.015437 0.006457 -6.114742 -15.890789 -3.837726 6.7e-05 0.000286 -0.00068 -10.286847 -5.688581 -4.339898 11.033078 -11.282764 -2.368132 -1.389786 -14.22947 -6.316826 -0.636969 -26.920652 -3.820554 -5.076667 -50.041775 -3.400994 -13.714113 -7.371716 -3.728471 18.150017 -14.03197 -3.227113 -0.004995 -18.777191 0.004506 -0.434097 -8.459853 2.554069 -0.012013 0.004474 -0.002435 -15.923085 -20.093988 -5.479823 30.429167 -7.18354 1.751682 -0.017414 -8.165884 0.00515 -1.867942 -22.871998 -6.171963 0.011605 -0.0019 0.009638 -174.565643 -0.753657 -17.300032 6.166423 -0.051189 0.425292 -82.040764 -9.992382 -6.91904 -2.941646 1.61399 2.236084 -0.993451 0.002736 0.000866 -1.617215 -5.200161 8.505319 7.923633 -0.042951 0.455286 -78.893768 6.606578 -6.582201 -3.379389 0.635166 1.715563 -0.993423 0.000155 0.000554 
0.0 0.0 0.0 0.0 -0.0 0.0 -0.27504 99.962097 1.884452 89.268608 -3.245975 75.018051 -1.472112 0.76537 -0.545725 -11.377989 -0.574211 -2.472897 11.757786 4.55672 -3.143662 19.97267 -12.032769 2.944928 -2.612172 -0.264192 11.366261 -33.637123 6.443877 10.004725 0.000311 -1e-06 -0.001335 0.009386 0.014702 0.119601 0.026793 0.010896 0.119685 0.033541 0.013479 0.122858 -40.519615 -73.967659 43.539009 24.810337 -1.312457 -80.534546 85.860832 -3.405141 -2.105036 1.56278 39.823917 14.122133 17.618967 -26.314951 52.324875 -19.441523 -14.398544 29.389431 0.001993 -8.771138 0.002505 18.154604 -17.592302 5.229546 -0.610976 -1.798086 -3.888047 -4.80805 -11.04683 -2.932298 0.000772 -20.977331 0.022185 -5.026298 -25.039244 -4.027084 -0.007364 0.000744 -0.011369 -10.63791 -5.688783 -3.55651 10.566033 -17.916508 -3.091469 -0.00701 -13.813837 -0.006426 -0.526608 -31.176413 -4.005613 -11.173574 -59.205597 7.317901 -13.985707 -7.157239 -2.863744 13.774076 -8.390837 -3.210013 0.338023 -34.204548 0.785513 -0.966352 -17.743574 2.632135 0.003716 0.000298 -0.005727 -17.35144 -20.086805 -4.17034 21.746206 -1.631245 3.855195 0.000686 -6.32725 -0.002583 -1.714895 -22.540735 -6.170384 0.006376 0.004911 -0.009019 85.240128 -78.587837 105.383179 24.990377 -61.857281 8.112244 30.94478 -0.565872 -0.12821 6.693008 6.693267 6.318957 22.158566 -20.346701 49.92255 -16.712236 -16.719181 28.483198 -0.009208 -12.676725 0.003278 16.027912 -17.70393 2.596767 -0.094433 -1.529498 -4.27865 -5.035938 -5.601396 -2.954403 0.010097 -11.022272 -0.010495 -6.09337 -15.89075 -3.842661 0.000376 0.0 -0.001702 -10.268454 -5.683311 -4.338903 11.024512 -11.298611 -2.378123 -1.375998 -14.231782 -6.324435 -0.60052 -26.916258 -3.834131 -4.826297 -49.673386 -3.489723 -13.683254 -7.370886 -3.721311 18.122774 -14.050492 -3.25316 0.020762 -18.777523 -0.010425 -0.415877 -8.475386 2.541028 -0.00896 -0.000516 6e-05 -15.886308 -20.09211 -5.486602 30.374691 -7.207038 1.723088 0.005647 -8.164241 -0.004419 -1.846149 -22.860048 -6.152366 0.008106 0.01696 0.010909 -175.162857 -1.074513 -17.058746 6.026443 -0.085893 0.398592 -81.511185 -9.494947 -6.760928 -3.079129 1.685149 2.262301 -0.997241 -0.001201 -0.000849 -1.635929 -4.985227 8.035883 7.158138 0.014248 0.360959 -78.076759 6.107715 -6.018808 -3.440561 0.607716 1.715242 -1.000171 2.6e-05 0.000276 
0.0 0.0 0.0 0.0 -0.0 0.0 -0.420459 99.975319 1.668776 89.307182 -3.465543 75.83812 -1.438007 0.584001 -0.535947 -11.411452 -0.568377 -2.423525 11.782828 4.38684 -3.458384 20.248453 -11.526712 2.901472 -2.654456 -0.250969 10.916577 -34.00684 6.252543 9.758245 0.0 -0.0 0.0 0.004317 0.001402 0.0386 0.000369 0.00214 0.021031 0.021882 -0.002641 0.056324 -39.304012 -74.008362 41.67947 27.113008 0.153467 -82.455048 78.458107 -2.369849 -2.245134 -21.101912 42.11639 -7.134301 17.616442 -26.359093 52.548492 -19.473255 -14.410685 29.456348 -0.000147 -8.799332 -0.00303 17.132908 -16.696888 5.719713 -0.623713 -1.796754 -3.902363 -4.820775 -11.063501 -2.919363 -0.027201 -20.994684 -0.006833 -5.040936 -25.063681 -4.056565 0.007417 0.004609 -0.008063 -10.660539 -5.698316 -3.559891 10.560264 -17.920345 -3.112107 -0.006425 -13.816637 -0.001934 -0.518453 -31.206917 -4.083167 -10.258139 -58.219933 6.430298 -14.016397 -7.168671 -2.860481 13.77059 -8.388929 -3.232987 0.301997 -34.244392 0.768292 -0.971638 -17.754873 2.598319 0.001964 0.006916 -0.014866 -17.400368 -20.133785 -4.189507 21.782597 -1.617378 3.852226 -0.016339 -6.340641 -0.003957 -1.747874 -22.598244 -6.168121 0.000823 -0.003835 -0.00767 83.966553 -78.709244 106.223564 23.868826 -60.715698 10.440927 31.833433 -0.744047 -0.032972 6.717435 5.978637 6.395278 22.239946 -20.438774 50.051167 -16.694105 -16.767054 28.488276 0.002019 -12.71127 -0.000423 16.041397 -17.791449 2.568101 -0.0933 -1.506325 -4.278107 -5.051275 -5.600616 -2.9537 -0.005333 -11.020202 0.001393 -6.116629 -15.888084 -3.83609 -0.001285 -0.003656 -0.00423 -10.288524 -5.6748 -4.339422 11.034657 -11.287727 -2.369936 -1.399431 -14.229591 -6.322208 -0.638871 -26.925943 -3.817961 -4.500329 -49.005684 -3.981313 -13.713828 -7.355593 -3.722628 18.143337 -14.046286 -3.228292 0.003842 -18.7913 0.016702 -0.435523 -8.451118 2.557285 0.0 -0.005758 -0.00315 -15.941889 -20.089361 -5.481168 30.447321 -7.18575 1.749345 -0.005124 -8.157604 0.007365 -1.870737 -22.820526 -6.15724 0.00724 -0.006806 -0.0 -175.605606 -1.320892 -16.410915 6.022723 -0.055318 0.256522 -81.610077 -9.010922 -6.898802 -3.387208 1.723463 2.275803 -1.000422 -0.003121 -0.000606 -1.608287 -4.910242 7.645102 6.598304 0.1218 0.305806 -78.034889 5.846344 -5.888971 -3.329513 0.490986 1.681015 -0.998528 -0.000867 -0.000324 
0.0 0.0 0.0 0.0 -0.0 0.0 -0.676775 99.918739 1.519702 89.22657 -3.496267 76.709381 -1.303822 0.515119 -0.382942 -11.441944 -0.641335 -2.571127 11.837988 4.212991 -3.464052 20.33996 -11.234401 2.791628 -2.686223 -0.239253 10.470113 -34.224812 6.214692 9.272181 -0.000187 0.001293 -0.001835 0.017133 0.012153 0.033711 -0.008128 -0.026265 0.013783 0.005554 0.046933 0.062956 -40.373589 -74.504356 42.551319 28.801222 1.852134 -83.769135 75.583603 -2.258167 -2.428133 -30.500637 42.737106 -18.10709 17.727814 -26.361029 52.494644 -19.500916 -14.381782 29.445513 0.005346 -8.789076 -0.014438 17.054054 -16.613483 5.995416 -0.612905 -1.801872 -3.910447 -4.815923 -11.057048 -2.947622 0.001005 -20.98753 -0.004141 -5.013351 -25.045439 -4.021197 -0.003214 -0.006584 -0.006287 -10.642617 -5.704225 -3.57019 10.57018 -17.93742 -3.131684 0.002042 -13.848103 -0.017593 -0.498387 -31.221243 -4.06742 -10.214487 -58.899433 6.26187 -13.982265 -7.165972 -2.897478 13.754748 -8.399572 -3.211763 0.361248 -34.284237 0.744059 -0.962645 -17.771973 2.629314 0.018112 0.016261 -0.009758 -17.352053 -20.134851 -4.228455 21.762699 -1.637282 3.877514 -0.006065 -6.348298 -0.002213 -1.691717 -22.627369 -6.205159 0.002865 1.9e-05 -0.001124 83.680672 -79.358727 107.07917 23.872574 -60.032494 11.364222 31.140818 -0.800426 -0.100279 6.647347 5.547467 6.050306 22.226286 -20.424158 50.070347 -16.729548 -16.775715 28.517853 0.001592 -12.711573 0.002677 16.031601 -17.856457 2.672067 -0.098282 -1.501026 -4.276579 -5.048948 -5.628709 -2.955279 0.003422 -11.049847 -0.006163 -6.123339 -15.944353 -3.841215 0.002363 -0.006511 -0.003722 -10.284964 -5.680902 -4.342183 11.043286 -11.320256 -2.37939 -1.389236 -14.265778 -6.323568 -0.625333 -26.974117 -3.837081 -4.367219 -49.020756 -4.239521 -13.716539 -7.371542 -3.726545 18.162283 -14.068126 -3.239093 0.001521 -18.824335 -0.00665 -0.434218 -8.47765 2.567946 -2e-05 0.008072 -0.0 -15.932562 -20.117428 -5.484728 30.429445 -7.203369 1.744592 0.017405 -8.166221 -0.005776 -1.878003 -22.850456 -6.176323 0.004169 -0.012892 0.005382 -175.813828 -1.661412 -15.897155 6.072536 -0.054514 0.212921 -81.688766 -8.441498 -7.081964 -3.439893 1.72035 2.268273 -0.992697 -4.7e-05 -0.000304 -1.33408 -4.727731 7.222772 6.213105 0.133637 0.319572 -78.19635 5.603163 -5.891577 -3.121133 0.422841 1.658849 -0.993667 -0.000254 -0.000214 
0.0 0.0 0.0 0.0 -0.0 0.0 -0.82343 99.870468 1.382887 89.23558 -3.355395 77.532539 -1.279554 0.420085 -0.31919 -11.406631 -0.74339 -2.562382 11.98691 4.007487 -3.233883 20.454384 -10.988826 2.846051 -2.73663 -0.294391 10.008708 -34.569748 6.07557 8.608852 0.000449 0.000936 0.001778 0.016956 0.017427 0.031427 0.01652 -0.035957 0.007564 0.017849 0.069083 0.05176 -42.203316 -74.55793 44.459538 30.207352 2.978241 -84.31134 80.137993 -3.288634 -2.734045 -28.458176 43.962276 -15.050643 17.629248 -26.344372 52.506676 -19.467588 -14.420143 29.438614 -0.000134 -8.783358 -0.011944 17.715797 -17.34164 5.746444 -0.625189 -1.788842 -3.893959 -4.793606 -11.062533 -2.939968 -0.005347 -20.999029 -0.016043 -5.042066 -25.070398 -4.033426 0.008078 -0.000814 -0.001704 -10.645031 -5.695878 -3.579037 10.569495 -17.927101 -3.104011 -0.00058 -13.830772 -0.015271 -0.49867 -31.18923 -4.046074 -10.91713 -60.041996 6.820841 -13.99958 -7.155943 -2.88879 13.777658 -8.406064 -3.216856 0.359733 -34.272984 0.763693 -0.977716 -17.758556 2.632244 0.006035 0.00821 0.003805 -17.367538 -20.113667 -4.210941 21.76894 -1.641054 3.867337 0.001261 -6.350208 -0.004653 -1.69937 -22.61804 -6.203016 -0.007604 -0.001769 -0.0039 82.858376 -79.516151 108.28051 24.185711 -59.929905 10.663496 29.774954 -0.409094 -0.202444 6.821347 6.056846 6.092742 22.185316 -20.375458 49.959564 -16.696547 -16.760954 28.462339 -0.001209 -12.686336 0.005924 15.925413 -17.854836 2.730129 -0.103184 -1.51154 -4.283618 -5.046029 -5.620244 -2.950018 -0.002774 -11.023105 -0.007865 -6.117391 -15.904804 -3.849972 -0.002843 0.000894 -0.000384 -10.281943 -5.687339 -4.337337 11.017915 -11.302581 -2.381546 -1.377138 -14.246166 -6.322194 -0.62905 -26.915787 -3.835647 -4.352611 -48.985355 -4.379344 -13.717978 -7.357589 -3.716411 18.141998 -14.058664 -3.256206 -0.012744 -18.79398 0.009994 -0.416824 -8.462199 2.564551 -0.002816 -0.002689 -0.000458 -15.938081 -20.108406 -5.476473 30.427748 -7.184473 1.733648 0.004844 -8.168222 0.00896 -1.872648 -22.860926 -6.19052 -0.003458 0.006799 -0.005073 -176.26741 -1.917777 -15.198141 6.96513 -0.0677 0.262547 -82.183907 -8.221206 -7.224787 -3.372579 1.698195 2.270449 -1.001665 0.002976 0.000401 -1.145864 -4.649729 6.84216 6.384008 0.088475 0.348553 -78.765083 5.22856 -5.977555 -2.988953 0.478305 1.667766 -0.992225 -0.000254 -0.000155 
0.0 0.0 0.0 0.0 -0.0 0.0 -0.936122 99.846268 1.260501 89.291618 -3.235907 78.497841 -1.305191 0.316299 -0.347732 -11.377586 -0.796092 -2.423791 12.085738 3.815161 -3.069703 20.522867 -10.868976 2.884383 -2.738651 -0.329167 9.461221 -34.660866 5.802803 7.976934 0.0 -0.000684 -0.003399 -0.000593 0.014485 0.015946 -0.00371 -0.042836 0.010228 0.016533 0.068724 0.027142 -45.151989 -74.637245 47.811947 31.55736 3.962956 -84.590057 87.194489 -4.373019 -3.02418 -19.466141 44.244011 -4.933763 17.614536 -26.339455 52.42112 -19.439964 -14.376386 29.405062 0.003605 -8.763395 0.014932 18.3834 -18.344276 5.441447 -0.616529 -1.79442 -3.882908 -4.802961 -11.043186 -2.937827 -0.017967 -20.97488 -0.012272 -5.04562 -25.02499 -4.012117 -0.004211 0.001581 -0.005218 -10.620932 -5.682204 -3.567283 10.544139 -17.910023 -3.125814 -0.016051 -13.807367 0.02076 -0.537899 -31.142296 -4.03441 -11.506228 -60.506756 7.382721 -13.962871 -7.149515 -2.874546 13.741831 -8.391745 -3.215381 0.338701 -34.204357 0.776803 -0.999271 -17.732759 2.624979 -0.00067 0.002698 0.007324 -17.320547 -20.095522 -4.216274 21.710848 -1.631843 3.885727 -0.001713 -6.339702 -0.002764 -1.689005 -22.59943 -6.187663 0.00105 -0.003569 -0.000364 81.581398 -79.190834 109.338173 24.094725 -59.997139 9.70866 28.621622 0.071002 -0.219397 7.000341 7.136846 5.825665 22.165312 -20.333582 49.924809 -16.721373 -16.759623 28.497255 -0.004014 -12.69279 0.002847 15.809325 -17.813629 2.816062 -0.104823 -1.521359 -4.27838 -5.040534 -5.62079 -2.951418 -0.00102 -11.037583 -0.002089 -6.109601 -15.921082 -3.848735 -0.001581 -4e-05 0.004435 -10.284345 -5.681772 -4.336474 11.038303 -11.308831 -2.386382 -1.393067 -14.254483 -6.324373 -0.606362 -26.960842 -3.840504 -4.483432 -49.163311 -4.209275 -13.711499 -7.369455 -3.721815 18.135559 -14.051147 -3.240788 0.005078 -18.777199 -0.017449 -0.420743 -8.451388 2.550819 0.004438 0.001964 0.004457 -15.931527 -20.114828 -5.469175 30.448877 -7.185827 1.720266 0.004422 -8.170535 -0.003818 -1.863642 -22.903303 -6.18407 0.001803 -0.002602 0.0046 -176.619247 -2.027007 -14.422778 7.59605 -0.071537 0.292935 -82.318687 -8.11611 -7.026774 -3.220101 1.711998 2.289901 -0.995268 -0.001899 0.001509 -1.137346 -4.641455 6.445856 6.950501 0.048838 0.355841 -78.984512 4.728592 -6.022365 -2.972086 0.528317 1.675453 -0.993494 -0.000665 -0.000362 
0.0 0.0 0.0 0.0 -0.0 0.0 -1.022186 99.797493 1.21048 89.359505 -3.086729 79.554848 -1.366005 0.267381 -0.369925 -11.381487 -0.779669 -2.24652 12.180456 3.595375 -3.093691 20.705109 -10.949459 2.98917 -2.744058 -0.345084 8.750239 -34.699749 5.497227 7.260906 0.0 -0.000199 -0.001691 -0.000373 0.009799 0.018284 -0.009197 -0.064607 0.014447 0.006057 0.077608 0.022765 -49.155449 -74.9384 52.328102 33.317043 5.039093 -84.748611 93.74379 -4.640778 -2.973686 -9.836637 43.042 4.93454 17.665417 -26.356159 52.520016 -19.469679 -14.398404 29.464491 0.003048 -8.783364 -0.008239 18.489119 -19.082735 5.584746 -0.609043 -1.788393 -3.886214 -4.80959 -11.054785 -2.941296 -0.004369 -20.975641 -0.002059 -5.011508 -25.025017 -4.062093 -0.002216 -0.004146 0.000206 -10.647552 -5.684193 -3.581468 10.573485 -17.923326 -3.105366 -0.00551 -13.820419 0.010873 -0.507783 -31.157658 -4.016613 -11.717312 -60.406181 7.831041 -14.002965 -7.15242 -2.87807 13.78831 -8.39862 -3.218108 0.332308 -34.224987 0.777199 -0.967597 -17.746315 2.619664 -0.006958 0.005659 0.0012 -17.367985 -20.108156 -4.204306 21.778172 -1.641441 3.8746 0.00375 -6.332985 -0.009314 -1.699486 -22.577282 -6.184703 0.006287 0.005613 0.000636 81.136497 -79.401657 110.673248 23.923298 -60.311413 8.758587 28.065153 0.339731 -0.221338 7.091098 8.361201 5.598079 22.192684 -20.366179 49.942406 -16.699881 -16.733301 28.474001 0.001183 -12.698689 -0.005189 15.827243 -17.741873 2.805193 -0.1059 -1.519702 -4.281269 -5.033059 -5.618464 -2.950138 -0.004743 -11.022818 -0.004022 -6.11506 -15.905554 -3.845391 -0.00207 0.00041 0.000664 -10.284015 -5.697855 -4.340816 11.027529 -11.304965 -2.375744 -1.385146 -14.254118 -6.326759 -0.617491 -26.951426 -3.832708 -4.629641 -49.270542 -3.954866 -13.710083 -7.384906 -3.721862 18.145866 -14.038005 -3.237631 0.005719 -18.778568 -0.010719 -0.443064 -8.457097 2.568355 0.0 0.001649 0.000765 -15.931065 -20.119913 -5.475165 30.44062 -7.186836 1.740272 -0.022558 -8.164631 0.001982 -1.840991 -22.85004 -6.17425 -0.007636 -0.004927 -0.004794 -177.148758 -2.201281 -13.768784 8.576103 -0.080701 0.334775 -82.919594 -7.82293 -6.885734 -3.086189 1.691898 2.281869 -0.999487 0.007714 0.00121 -1.226859 -4.588884 5.883272 7.79613 0.006092 0.388789 -79.778366 4.239523 -5.849988 -3.053357 0.507825 1.673318 -1.005353 -0.000477 -7.3e-05 
0.0 0.0 0.0 0.0 -0.0 0.0 -1.156872 99.789497 1.14256 89.416412 -2.906355 80.528336 -1.404303 0.23503 -0.307778 -11.397565 -0.773373 -2.211887 12.27599 3.358481 -3.103264 20.945499 -11.044957 3.00913 -2.751823 -0.370168 8.124019 -34.543633 5.204021 6.51199 -2.4e-05 0.000264 -4e-06 -0.000384 0.009198 0.021801 -0.022587 -0.068433 0.026764 0.015961 0.07766 0.017703 -52.6828 -75.070183 56.091721 34.894848 5.469949 -84.66272 98.126137 -4.424297 -2.938299 -5.841999 41.579605 9.52174 17.64889 -26.321667 52.436626 -19.450878 -14.401683 29.427576 0.002935 -8.782355 -0.000325 18.157154 -19.147009 5.887471 -0.608754 -1.796494 -3.88976 -4.808266 -11.037508 -2.933554 0.001004 -20.959791 -0.016576 -5.040287 -25.021015 -4.018575 0.001253 0.007824 0.001068 -10.637357 -5.680005 -3.579286 10.559204 -17.91559 -3.116131 -0.010281 -13.811416 0.014855 -0.504153 -31.188799 -4.025641 -11.586043 -59.932949 7.812062 -13.988281 -7.153405 -2.897434 13.758719 -8.391888 -3.202762 0.302842 -34.174862 0.783951 -0.981229 -17.702885 2.611511 0.010307 -0.003952 0.003413 -17.339199 -20.088699 -4.226744 21.736631 -1.646205 3.894409 0.001634 -6.333108 -0.015481 -1.695893 -22.558729 -6.208963 -0.007269 -0.001611 0.008316 80.624489 -79.279945 111.305832 23.411072 -60.644211 8.531213 27.954319 0.442966 -0.211223 7.159529 9.099751 5.384264 22.139051 -20.267927 49.839909 -16.718918 -16.754276 28.434399 -0.001604 -12.695379 0.006067 15.909809 -17.790632 2.732932 -0.090152 -1.521761 -4.280517 -5.05926 -5.605891 -2.942532 0.008051 -11.020531 -0.010225 -6.107066 -15.902885 -3.845608 -0.003422 0.002843 0.000478 -10.275826 -5.674541 -4.321692 11.032651 -11.301212 -2.39443 -1.376528 -14.238444 -6.311546 -0.602145 -26.912329 -3.857796 -4.6149 -49.274757 -3.89658 -13.709316 -7.361484 -3.692124 18.166222 -14.042187 -3.274623 0.001888 -18.780272 -0.014381 -0.411628 -8.46438 2.556771 -0.005107 0.008709 0.001793 -15.931386 -20.098518 -5.451558 30.47234 -7.18976 1.708178 0.003909 -8.157861 -0.003979 -1.844832 -22.84269 -6.195137 0.008352 -0.003163 0.003283 -177.184296 -2.248476 -13.110465 8.730004 -0.072939 0.350691 -82.682152 -7.49141 -6.78617 -3.138557 1.666342 2.259905 -0.990772 -0.004137 3.1e-05 -1.017506 -4.592606 5.500805 8.154428 -0.008186 0.376159 -80.019844 3.736031 -5.704731 -3.133769 0.479676 1.667479 -0.99228 -0.000541 -0.000146 
0.0 0.0 0.0 0.0 -0.0 0.0 -1.336812 99.776146 1.134645 89.479774 -2.668103 81.469963 -1.407458 0.225037 -0.284135 -11.405797 -0.764552 -2.100718 12.330944 3.153464 -3.182518 21.219582 -11.108232 2.986116 -2.762378 -0.401988 7.524928 -34.459358 4.906427 5.854928 -2.6e-05 -0.00016 -0.001696 0.002904 0.009156 0.021942 -0.019305 -0.069656 0.026721 0.029197 0.078458 0.016452 -55.416706 -74.825249 58.905327 36.199421 5.30336 -84.169487 101.108299 -4.073098 -2.676702 -4.692823 40.458569 11.369842 17.623552 -26.288103 52.38908 -19.392591 -14.389394 29.345987 0.004644 -8.768571 0.018513 17.859514 -18.938904 6.096111 -0.605716 -1.791676 -3.899172 -4.802665 -11.01405 -2.94079 -0.019934 -20.927595 0.01652 -5.027337 -24.986015 -4.040417 0.009502 0.004102 -0.009283 -10.622707 -5.686705 -3.572169 10.551207 -17.874569 -3.100705 -0.010992 -13.782113 0.007543 -0.50784 -31.110563 -4.022531 -11.466857 -59.180126 7.759275 -13.969359 -7.143156 -2.874361 13.755291 -8.36562 -3.212321 0.328176 -34.104191 0.775805 -0.996793 -17.686834 2.647376 0.001372 0.014279 -0.006564 -17.328636 -20.073439 -4.220782 21.732481 -1.616198 3.874321 -0.004347 -6.328971 0.015779 -1.710009 -22.536402 -6.173161 -0.002016 -0.007718 0.015492 78.633545 -78.671837 112.537544 22.771326 -60.673458 8.710169 28.035238 0.465334 -0.141083 7.140837 9.486695 5.389667 22.21661 -20.422062 49.988434 -16.653696 -16.729248 28.448786 0.005457 -12.680725 -0.005593 15.930269 -17.858601 2.686091 -0.110438 -1.494762 -4.282206 -5.029548 -5.618139 -2.939526 -0.011323 -11.016047 0.00513 -6.114468 -15.894004 -3.835596 0.002361 0.00209 -0.0077 -10.290701 -5.662695 -4.340007 11.034936 -11.294513 -2.359975 -1.398582 -14.220908 -6.313496 -0.633418 -26.913746 -3.804561 -4.699237 -49.27309 -3.842171 -13.720993 -7.350781 -3.721154 18.149113 -14.041222 -3.223366 -0.009867 -18.787151 0.016208 -0.433025 -8.458956 2.564758 0.003039 -0.00276 -0.001834 -15.928876 -20.07387 -5.470087 30.402023 -7.188822 1.7444 0.005723 -8.161487 0.015041 -1.883245 -22.84164 -6.139415 0.00015 -0.00068 -0.003292 -177.075226 -2.295265 -12.40948 8.751597 -0.059479 0.364021 -82.586082 -7.225417 -6.768153 -3.190025 1.642323 2.243704 -1.001572 0.000667 -0.00075 -0.728049 -4.565068 5.234434 8.462508 -0.016847 0.366366 -80.25222 3.133448 -5.653374 -3.157733 0.46883 1.663821 -1.003097 -0.000399 0.000102 
0.0 0.0 0.0 0.0 -0.0 0.0 -1.518431 99.743782 1.10038 89.513725 -2.436438 82.391403 -1.392274 0.220022 -0.259355 -11.415222 -0.765838 -2.026954 12.404889 2.967273 -3.186865 21.515177 -11.094264 2.92974 -2.809533 -0.454475 6.890411 -34.378738 4.616005 5.102341 3.6e-05 -0.000252 -0.001915 0.016277 0.014518 0.042372 0.031291 -0.060686 0.050672 0.056913 0.081759 0.03604 -59.424736 -75.477402 63.006905 37.063942 4.670648 -83.536865 103.421661 -3.678911 -2.36078 -4.47439 39.870037 12.032625 17.641609 -26.385147 52.549988 -19.456717 -14.394295 29.451609 -0.001715 -8.776841 -0.007415 17.789392 -18.719675 6.12525 -0.603219 -1.784579 -3.892578 -4.812163 -11.051312 -2.929722 0.003503 -20.978506 0.005606 -5.017715 -25.04047 -4.048385 0.002401 -0.001264 0.002797 -10.640388 -5.686622 -3.588838 10.576352 -17.920105 -3.076376 0.008877 -13.822921 -0.006985 -0.505476 -31.188225 -4.026756 -11.332764 -58.98835 7.715605 -13.991916 -7.14138 -2.895528 13.78847 -8.405231 -3.198852 0.324948 -34.199528 0.803156 -0.981467 -17.724804 2.632034 0.003968 -0.010669 0.00142 -17.340746 -20.083158 -4.232478 21.761591 -1.657713 3.893699 -0.003792 -6.332275 0.001663 -1.699356 -22.573135 -6.179927 -0.004102 -0.008729 0.007607 78.824539 -79.0476 113.432823 22.365 -61.125523 8.859591 28.282488 0.393279 -0.088511 7.104319 9.778719 5.750162 22.181784 -20.425627 50.046711 -16.706974 -16.731815 28.513865 -0.00376 -12.696243 0.002339 15.940398 -17.92997 2.621441 -0.097103 -1.510469 -4.281225 -5.044765 -5.607204 -2.952868 0.004438 -11.043168 0.000902 -6.106831 -15.921232 -3.848757 0.001053 -0.001711 0.005128 -10.273631 -5.668082 -4.345987 11.014776 -11.312988 -2.366963 -1.374367 -14.241405 -6.329127 -0.62573 -26.909649 -3.828374 -4.593249 -49.390804 -3.931536 -13.69895 -7.354505 -3.727617 18.141853 -14.069643 -3.243298 0.00039 -18.812443 0.003369 -0.430842 -8.446949 2.547148 -0.002966 0.002695 0.001789 -15.917828 -20.090006 -5.483943 30.421755 -7.210193 1.735116 0.000147 -8.169497 -0.004403 -1.881652 -22.863155 -6.125534 0.00405 -0.004163 0.003253 -177.288757 -2.435467 -11.723273 9.28828 -0.059389 0.38643 -82.834831 -7.042853 -6.817136 -3.132669 1.618719 2.236984 -0.987342 0.001093 0.000662 -0.567722 -4.478106 5.049886 9.068154 -0.018036 0.337519 -80.787712 2.459549 -5.653194 -3.148734 0.509996 1.676468 -0.993574 -0.000138 -7e-05 
0.0 0.0 0.0 0.0 -0.0 0.0 -1.743574 99.736275 1.077582 89.521416 -2.271377 83.25119 -1.371381 0.212305 -0.220888 -11.441557 -0.752307 -1.945824 12.477769 2.762509 -3.156135 21.795565 -10.928183 2.846781 -2.824764 -0.524098 6.192427 -34.437809 4.278781 4.253581 0.002508 -4.3e-05 7.3e-05 0.028265 0.022936 0.07371 0.029823 -0.056349 0.088926 0.052466 0.093346 0.063461 -62.421959 -75.678207 66.130722 37.558949 3.69046 -82.892006 105.111473 -3.371169 -2.113719 -4.499002 39.514523 11.992522 17.627975 -26.33968 52.402874 -19.447506 -14.386491 29.383938 -0.001799 -8.770482 -0.004828 17.814253 -18.678404 6.100242 -0.605285 -1.801306 -3.866906 -4.801723 -11.041409 -2.952538 0.000605 -20.963488 0.01145 -5.023573 -25.016354 -4.020607 0.002299 -0.001612 0.004621 -10.627551 -5.694771 -3.557138 10.576747 -17.911259 -3.110251 0.001287 -13.810078 0.032958 -0.492177 -31.135422 -4.010665 -11.394396 -58.622051 7.831391 -13.973185 -7.150969 -2.858017 13.761528 -8.389254 -3.228874 0.328674 -34.158482 0.801444 -0.976355 -17.710037 2.62189 0.00654 1e-06 -0.009555 -17.335005 -20.10187 -4.218919 21.737013 -1.637706 3.902117 0.005167 -6.335891 -0.001566 -1.695291 -22.561771 -6.201565 -0.005499 -0.005996 0.022018 77.884193 -78.757195 114.384583 22.038546 -61.221138 8.661385 28.582178 0.263749 -0.081785 7.078132 10.062137 6.197008 22.184258 -20.326393 49.90448 -16.729179 -16.748476 28.481998 -0.002864 -12.694335 -0.00048 15.859872 -17.948114 2.584328 -0.105215 -1.497224 -4.266011 -5.021534 -5.623039 -2.953674 -0.002421 -11.018631 -0.007218 -6.101783 -15.889813 -3.833042 -0.002911 -0.000394 -0.000438 -10.277299 -5.653677 -4.329504 11.01968 -11.318552 -2.384197 -1.368902 -14.243745 -6.312592 -0.61595 -26.910868 -3.844653 -4.486813 -49.281761 -3.987621 -13.703946 -7.348694 -3.713954 18.149866 -14.060151 -3.245956 0.006266 -18.797293 -0.012322 -0.418419 -8.480863 2.541249 -0.002298 0.007566 0.001362 -15.912997 -20.088827 -5.475462 30.416243 -7.19745 1.738152 -0.006375 -8.158651 -0.00807 -1.860484 -22.855616 -6.159091 0.007363 -0.0 0.000314 -177.321686 -2.609862 -11.134178 9.462484 -0.055769 0.393193 -82.705406 -6.805159 -6.917673 -3.001672 1.593792 2.226521 -0.999497 -8.7e-05 -0.00022 -0.285781 -4.354578 4.830312 9.229121 -0.012525 0.29309 -80.902351 1.899892 -5.609461 -3.117836 0.570528 1.698673 -0.996087 -0.000163 0.000184 
0.0 0.0 0.0 0.0 -0.0 0.0 -2.006456 99.76088 1.028657 89.484001 -2.193086 84.036842 -1.368358 0.212706 -0.249033 -11.425166 -0.711093 -1.80129 12.492826 2.563748 -3.138762 22.045902 -10.637305 2.753941 -2.836514 -0.574793 5.451432 -34.444565 3.949197 3.476113 0.000523 -8.5e-05 -0.002288 0.021874 0.025744 0.085118 0.052675 -0.05089 0.09999 0.059375 0.093072 0.072317 -64.80278 -75.776489 68.640892 38.034405 2.165026 -82.367477 106.502052 -3.013654 -1.984855 -4.784161 39.237312 11.471157 17.634686 -26.298508 52.390354 -19.433586 -14.381834 29.385065 0.000497 -8.765206 0.028099 17.809458 -18.739645 6.055057 -0.597487 -1.787194 -3.88437 -4.811651 -11.043313 -2.949632 0.002053 -20.973951 0.015609 -5.013852 -25.022875 -4.031901 0.005253 -0.007861 -0.009167 -10.614186 -5.673053 -3.562563 10.559004 -17.906435 -3.120313 -0.000623 -13.810485 0.015872 -0.512343 -31.138779 -4.023923 -11.317623 -58.61079 7.681314 -13.959956 -7.137755 -2.872069 13.759693 -8.392147 -3.238124 0.345782 -34.191444 0.804222 -0.944118 -17.729404 2.625999 0.001093 0.004937 -0.00549 -17.313171 -20.070087 -4.207811 21.726938 -1.643439 3.858346 -0.010991 -6.330616 -0.00436 -1.686806 -22.573215 -6.177608 -0.003272 0.000119 -0.002955 76.803253 -78.434303 115.259773 21.817833 -61.501228 8.225014 28.886353 0.192079 -0.07157 7.031331 10.239533 6.58624 22.170677 -20.356339 49.935436 -16.694527 -16.744539 28.470531 0.000377 -12.682911 -0.007885 15.783196 -17.881983 2.572327 -0.11062 -1.514525 -4.27076 -5.029133 -5.620682 -2.95332 -0.002786 -11.023435 -0.012261 -6.115946 -15.89752 -3.835983 0.004073 -0.003038 0.003388 -10.286193 -5.680368 -4.331398 11.042677 -11.313972 -2.378726 -1.388677 -14.255231 -6.316925 -0.627768 -26.940031 -3.825222 -4.46862 -49.375526 -3.971511 -13.709488 -7.370172 -3.712426 18.15517 -14.056022 -3.256293 0.001525 -18.801771 0.00077 -0.434566 -8.449245 2.547388 -0.002814 0.0 0.004462 -15.9109 -20.113403 -5.462132 30.416878 -7.194058 1.715654 -0.001665 -8.16811 -0.009086 -1.865254 -22.895046 -6.179107 0.003989 0.008121 0.003192 -177.262146 -2.80163 -10.692547 9.338042 -0.063132 0.399019 -82.489029 -6.547014 -6.984432 -2.922892 1.562195 2.221411 -0.994957 -0.001261 0.000318 0.128769 -4.16993 4.519877 8.856935 -0.001166 0.256035 -80.785751 1.404237 -5.583363 -3.103342 0.608382 1.715293 -0.993664 9.2e-05 6.8e-05 
0.0 0.0 0.0 0.0 -0.0 0.0 -2.259192 99.814949 0.962046 89.455887 -2.145302 84.715973 -1.324468 0.213421 -0.236997 -11.400873 -0.681492 -1.716655 12.471537 2.363855 -3.118636 22.300562 -10.293587 2.655406 -2.859311 -0.595572 4.796277 -34.608742 3.644316 2.8184 0.000537 -0.000255 0.000549 0.012341 0.021877 0.069067 0.049491 -0.054382 0.083278 0.06391 0.091304 0.053322 -66.507072 -75.704796 70.509285 38.676708 0.297529 -82.023338 107.84272 -2.599208 -2.104568 -5.320602 39.002018 10.454464 17.610388 -26.340445 52.48539 -19.432783 -14.386184 29.444 0.009275 -8.769614 -0.002586 17.74921 -18.846003 6.163181 -0.603546 -1.794393 -3.868192 -4.822351 -11.062361 -2.951757 -0.011321 -20.981268 -0.024566 -5.048882 -25.048853 -4.048792 -0.001926 0.00402 0.008039 -10.629497 -5.688063 -3.560016 10.550599 -17.916864 -3.117134 -0.013543 -13.823106 0.000217 -0.539166 -31.178343 -4.018955 -11.378206 -58.737812 7.617718 -13.972327 -7.155771 -2.883805 13.75731 -8.395517 -3.209799 0.321129 -34.210567 0.783416 -0.963852 -17.726109 2.617232 0.010392 0.013097 -0.003016 -17.333879 -20.113001 -4.217495 21.725302 -1.627478 3.878868 -0.007711 -6.343073 -0.007503 -1.706264 -22.61824 -6.202672 -0.001161 0.002464 0.008969 75.538857 -78.311432 116.537292 21.681545 -61.780769 7.618914 29.199106 0.1296 -0.040856 6.990325 10.231008 6.690435 22.191734 -20.367039 49.940193 -16.684155 -16.727034 28.462593 0.00516 -12.683864 0.002797 15.736754 -17.861023 2.544509 -0.103564 -1.525732 -4.282371 -5.043593 -5.603261 -2.952049 -0.001601 -11.030852 0.005266 -6.12034 -15.913996 -3.84887 0.003763 -0.001784 0.003067 -10.283332 -5.697886 -4.339097 11.028311 -11.288707 -2.365543 -1.396152 -14.228647 -6.322395 -0.623386 -26.901136 -3.827572 -4.380194 -49.26889 -3.983815 -13.708128 -7.379039 -3.72153 18.134356 -14.026073 -3.228361 -0.015749 -18.757975 -0.003711 -0.429364 -8.442119 2.56595 0.00626 -0.002707 -0.002819 -15.921117 -20.104382 -5.482548 30.407372 -7.194711 1.755254 -0.006148 -8.159575 -0.001433 -1.852019 -22.865232 -6.171551 0.0053 -0.0053 -0.000272 -177.133835 -2.981762 -10.402885 8.826622 -0.061616 0.39211 -82.128036 -6.329875 -7.044804 -2.942814 1.584672 2.223505 -0.991425 -0.003129 -0.00072 0.659311 -3.981796 4.244739 8.045519 0.013566 0.228196 -80.52121 1.025829 -5.52826 -3.096163 0.603023 1.716718 -1.002961 0.00011 -0.000121 
0.0 0.0 0.0 0.0 -0.0 0.0 -2.506449 99.850983 0.915659 89.407043 -2.145821 85.282616 -1.286163 0.210302 -0.234625 -11.328354 -0.665856 -1.622023 12.405145 2.169173 -3.124852 22.468512 -9.897414 2.576016 -2.840324 -0.583821 4.165024 -34.633759 3.381663 2.304837 0.002937 0.000367 0.000803 0.008754 0.013909 0.027838 0.04623 -0.068864 0.040977 0.058308 0.08527 0.013862 -69.071327 -75.956421 73.305 39.213978 -1.97123 -81.517189 109.384514 -1.960456 -2.293011 -5.535385 38.660294 9.337248 17.630695 -26.271845 52.323441 -19.473848 -14.408567 29.38904 -0.002887 -8.775121 0.006247 17.664598 -18.868303 6.229003 -0.601055 -1.790898 -3.885675 -4.804484 -11.03934 -2.935474 0.000346 -20.955797 0.005946 -5.027405 -25.026785 -4.024441 -0.005453 -0.005054 -0.001919 -10.635233 -5.68104 -3.561316 10.585111 -17.931913 -3.111356 -0.001182 -13.823522 0.006683 -0.500638 -31.217363 -4.043587 -11.408758 -58.894032 7.696725 -13.975029 -7.14227 -2.850374 13.780789 -8.400203 -3.23637 0.372702 -34.190941 0.771785 -0.958711 -17.702917 2.619405 0.0085 -0.008019 0.002935 -17.34465 -20.082977 -4.17981 21.764685 -1.647223 3.850166 -0.001598 -6.332827 0.002697 -1.67628 -22.556934 -6.19222 0.00587 0.002388 -0.009548 75.013725 -78.424835 117.385353 21.507256 -62.161572 7.250967 29.474371 0.145388 -0.071519 6.883784 10.062984 6.694931 22.117575 -20.296368 49.806099 -16.699808 -16.73551 28.440266 0.003201 -12.682949 -0.002107 15.742056 -17.907415 2.518583 -0.113064 -1.518784 -4.272309 -5.02531 -5.616683 -2.945426 -0.005285 -11.016783 -0.003368 -6.102631 -15.897158 -3.83419 -0.002061 0.001603 -0.000172 -10.285003 -5.678615 -4.319572 11.023314 -11.294291 -2.385929 -1.379879 -14.226447 -6.31073 -0.627603 -26.90943 -3.829255 -4.262242 -49.378365 -4.09097 -13.701309 -7.364742 -3.705575 18.121355 -14.037669 -3.249302 0.002737 -18.763386 -0.011586 -0.433393 -8.447978 2.540261 0.003598 0.004915 -0.001403 -15.927344 -20.09251 -5.46012 30.418962 -7.179465 1.733084 -0.006184 -8.145233 -0.014337 -1.843776 -22.832422 -6.189206 -0.001566 0.003627 -0.000473 -177.12587 -3.173594 -10.148186 8.49524 -0.055959 0.362992 -81.816376 -6.068636 -7.029578 -2.985085 1.591057 2.229822 -1.002675 0.005181 0.000282 0.949108 -3.785075 3.981889 7.580497 0.029774 0.211515 -80.288528 0.715592 -5.471463 -3.097786 0.57365 1.70604 -0.993556 0.000215 -8.6e-05 
0.0 0.0 0.0 0.0 -0.0 0.0 -2.702811 99.870697 0.819074 89.408371 -2.100778 85.750572 -1.224129 0.208007 -0.203499 -11.289814 -0.671119 -1.551875 12.395997 1.97527 -3.102334 22.602282 -9.434318 2.528474 -2.85359 -0.611847 3.67795 -34.794598 3.152349 1.824702 -2.2e-05 0.000319 9.6e-05 -0.000356 0.0119 0.000525 0.029743 -0.080625 0.008424 0.051358 0.097834 -0.009462 -71.463058 -76.171562 75.981552 39.869282 -4.561237 -81.183258 111.701538 -1.345259 -2.397096 -4.755557 38.259678 8.642268 17.614048 -26.294046 52.393887 -19.497845 -14.416052 29.405949 -0.002551 -8.779266 0.003738 17.641445 -18.912947 6.278115 -0.608471 -1.796151 -3.889661 -4.802216 -11.058066 -2.936824 0.01131 -21.001516 -0.00316 -5.017676 -25.083788 -4.041053 -0.009615 -0.003018 0.015869 -10.632053 -5.687627 -3.557618 10.59271 -17.953472 -3.123781 0.013158 -13.847735 0.00504 -0.474122 -31.27253 -4.030934 -11.290886 -59.113117 7.535022 -13.97849 -7.153511 -2.866371 13.777623 -8.412557 -3.218596 0.368009 -34.269726 0.747818 -0.959732 -17.753548 2.603925 -0.006194 -0.003295 0.014808 -17.335152 -20.103901 -4.203497 21.759871 -1.654996 3.874281 0.004197 -6.340615 -0.016885 -1.680785 -22.600414 -6.202397 0.003034 0.000615 0.001717 73.415436 -78.274155 119.036964 21.436378 -62.36018 6.965633 29.681335 0.181427 -0.081994 6.77269 9.825746 6.707435 22.164551 -20.333994 49.919468 -16.713659 -16.731329 28.446667 -0.007251 -12.678735 0.013819 15.674477 -17.933256 2.536449 -0.085594 -1.509474 -4.273541 -5.039687 -5.617628 -2.959294 -0.009545 -11.031666 -0.003243 -6.119983 -15.922915 -3.846437 0.005621 -0.001967 0.000492 -10.265877 -5.673027 -4.33307 11.02295 -11.318727 -2.383757 -1.386213 -14.252618 -6.319853 -0.620429 -26.96147 -3.83158 -4.290597 -49.450161 -4.090034 -13.69257 -7.353507 -3.725196 18.135326 -14.05862 -3.246329 -0.012708 -18.790771 -0.001297 -0.426296 -8.466836 2.557262 -0.005405 0.007435 -0.00213 -15.903879 -20.106384 -5.478816 30.393171 -7.197642 1.733105 0.002253 -8.169222 -0.006938 -1.840063 -22.882626 -6.174249 0.008715 -0.006302 0.008906 -177.21788 -3.356662 -9.897142 8.479705 -0.053121 0.342563 -81.623367 -5.90522 -7.133308 -3.042211 1.605383 2.233304 -0.996189 0.004536 0.001241 1.060652 -3.58985 3.823556 7.486739 0.045013 0.193706 -80.209106 0.415768 -5.400576 -3.124148 0.5533 1.696518 -1.00016 0.000226 0.000147 
0.0 0.0 0.0 0.0 -0.0 0.0 -2.927409 99.888931 0.744131 89.406898 -2.061277 86.1548 -1.164322 0.211027 -0.154112 -11.269047 -0.677824 -1.522812 12.422346 1.776004 -3.080574 22.712955 -8.932467 2.522699 -2.868465 -0.653354 3.243358 -35.03241 2.924785 1.403042 -3.4e-05 -0.000289 -4.4e-05 -0.003681 0.013986 -0.00709 -0.010436 -0.089515 8.2e-05 0.011854 0.107925 -0.010554 -73.696358 -76.243561 78.576698 40.474678 -7.453879 -80.562752 114.476814 -0.761365 -2.301433 -2.949094 37.514618 8.104449 17.641363 -26.336796 52.458794 -19.437668 -14.374269 29.42535 0.009378 -8.772966 0.003432 17.631372 -18.926054 6.176104 -0.600669 -1.788034 -3.891172 -4.817391 -11.059653 -2.949783 -0.014212 -21.001717 0.004988 -5.043474 -25.069317 -4.022209 0.007964 0.00218 -0.01201 -10.635303 -5.691246 -3.582275 10.558744 -17.918571 -3.101105 -0.011463 -13.821888 -4e-05 -0.525503 -31.196739 -4.024074 -11.286125 -58.757118 7.293979 -13.976173 -7.151316 -2.883039 13.761912 -8.4028 -3.211366 0.342317 -34.254089 0.778203 -0.972325 -17.719397 2.606574 0.004446 -0.009023 0.002199 -17.34013 -20.110712 -4.210153 21.733395 -1.629035 3.877207 -0.011961 -6.336654 -0.006853 -1.686619 -22.619452 -6.215863 0.004999 -0.00735 0.00856 71.690361 -78.144257 120.984917 21.459314 -62.375275 6.498103 29.871788 0.192241 -0.135456 6.707684 9.645544 6.936665 22.206501 -20.378325 49.940689 -16.673483 -16.739618 28.446226 0.005312 -12.696604 0.0055 15.62346 -17.994322 2.582271 -0.090004 -1.514036 -4.273148 -5.036779 -5.604898 -2.960127 -0.017493 -11.02 0.003626 -6.122319 -15.893697 -3.827056 -0.000606 -0.001352 -0.002812 -10.266322 -5.66935 -4.332959 11.012437 -11.304091 -2.366672 -1.380179 -14.229707 -6.313355 -0.66039 -26.922276 -3.810227 -4.317073 -49.436619 -4.088319 -13.701331 -7.352444 -3.71941 18.138023 -14.056836 -3.231357 -0.011018 -18.794283 0.010969 -0.42951 -8.459427 2.573598 0.002828 -0.00433 -0.005915 -15.924158 -20.105658 -5.472741 30.435886 -7.18482 1.761534 -0.004186 -8.163432 -0.000432 -1.881329 -22.865454 -6.164898 -0.007838 0.011556 -0.005144 -177.216293 -3.557195 -9.647383 8.346096 -0.047324 0.336612 -81.478745 -5.839982 -7.338722 -3.052066 1.594007 2.233667 -1.001253 0.005054 0.001007 1.133588 -3.424718 3.722132 7.462656 0.049546 0.161904 -80.175095 0.127292 -5.314535 -3.127886 0.561946 1.692939 -1.009288 3.6e-05 -4.3e-05 
0.0 0.0 0.0 0.0 -0.0 0.0 -3.114919 99.891747 0.661791 89.430847 -2.010448 86.508324 -1.117217 0.218306 -0.134319 -11.235065 -0.676666 -1.478619 12.461415 1.588778 -3.100937 22.684553 -8.427917 2.54697 -2.849218 -0.677842 2.850367 -35.282608 2.695516 1.006147 0.000365 0.000751 -0.00015 -0.007327 0.021934 0.016062 -0.011429 -0.08193 0.029554 0.028428 0.115179 0.006279 -76.348022 -76.294418 81.628304 41.130337 -10.946183 -79.95903 117.42614 -0.176979 -2.084826 -0.419165 36.739674 7.496826 17.612259 -26.362398 52.544781 -19.407225 -14.367023 29.404297 0.010606 -8.766433 0.01298 17.548256 -19.010773 6.099123 -0.612931 -1.79248 -3.880715 -4.819316 -11.062106 -2.946065 -0.036913 -20.988306 0.01054 -5.05306 -25.083452 -4.047596 -0.004904 -0.005823 -0.004911 -10.636184 -5.702879 -3.58445 10.52122 -17.914518 -3.06302 -0.019993 -13.820227 -0.013424 -0.553116 -31.211168 -4.039902 -11.126741 -58.540459 6.997486 -13.994674 -7.171525 -2.881455 13.755059 -8.381268 -3.21811 0.268036 -34.228584 0.806384 -0.99868 -17.729809 2.614176 0.002276 0.004289 -0.002488 -17.370779 -20.129286 -4.211963 21.743685 -1.60665 3.893373 -0.012381 -6.326521 -0.015119 -1.726095 -22.593143 -6.184246 0.006864 -0.002383 -0.006496 69.893059 -77.802597 122.646523 21.435499 -62.400547 5.999745 30.066967 0.281319 -0.178854 6.748512 9.521778 7.323374 22.243942 -20.441975 50.01366 -16.692862 -16.758652 28.500914 0.002222 -12.69972 -0.009584 15.629903 -18.03961 2.617153 -0.09509 -1.516035 -4.284039 -5.049513 -5.60459 -2.958843 0.003442 -11.027044 0.000157 -6.135128 -15.911887 -3.843236 0.000215 -0.000444 -0.00348 -10.279639 -5.677777 -4.356347 11.022531 -11.305708 -2.355736 -1.382422 -14.238937 -6.323081 -0.638149 -26.947449 -3.83302 -4.340391 -49.425213 -4.086507 -13.710616 -7.35753 -3.731903 18.151054 -14.045214 -3.218974 -0.005478 -18.779757 0.005898 -0.438959 -8.460889 2.582704 -0.002322 0.008801 -0.002621 -15.921869 -20.102177 -5.481682 30.41559 -7.18778 1.747047 0.015508 -8.174039 0.007683 -1.881097 -22.847809 -6.153672 -0.00168 -0.003151 -0.005382 -177.293579 -3.677302 -9.475724 8.387993 -0.050838 0.337911 -81.322266 -5.746924 -7.50164 -3.00606 1.572526 2.233798 -0.992471 -0.008773 -0.000851 1.064682 -3.290967 3.668147 7.721969 0.03253 0.131783 -80.251785 -0.149085 -5.246141 -3.120674 0.575923 1.695684 -0.995948 0.000163 -2.3e-05 
0.0 0.0 0.0 0.0 -0.0 0.0 -3.276878 99.92733 0.553725 89.427132 -1.939319 86.796097 -1.062607 0.241714 -0.119698 -11.212817 -0.666765 -1.453496 12.518937 1.417713 -3.141703 22.590584 -7.908937 2.521815 -2.834119 -0.690465 2.5497 -35.460361 2.45722 0.668526 -0.00029 -0.000831 -0.000265 -0.015658 0.026301 0.05336 -0.034076 -0.070847 0.064509 0.003452 0.115942 0.045124 -80.615746 -76.93071 86.359306 41.61768 -15.236241 -78.994339 119.994278 0.424469 -1.852882 2.07047 35.928288 6.252981 17.639078 -26.324512 52.395386 -19.496071 -14.409593 29.401533 -0.011377 -8.776874 0.014273 17.409866 -19.129269 5.941641 -0.602826 -1.796194 -3.8766 -4.792803 -11.049031 -2.927743 0.022649 -20.979445 -0.025983 -5.002451 -25.049368 -4.01686 0.003123 0.01352 -0.00408 -10.627037 -5.678863 -3.549763 10.595185 -17.942904 -3.117357 0.011457 -13.836902 -0.020153 -0.491323 -31.227041 -4.005295 -11.113646 -58.290691 6.974842 -13.975353 -7.13649 -2.842036 13.792058 -8.414788 -3.242197 0.379233 -34.202827 0.771215 -0.931544 -17.73144 2.627585 -0.004035 -0.004101 0.000842 -17.32781 -20.081835 -4.194489 21.753351 -1.660777 3.863653 0.002637 -6.343467 -0.004678 -1.671237 -22.612532 -6.184669 0.014236 -0.010072 -0.017381 69.387238 -77.933975 123.714996 21.352272 -62.73156 5.417579 30.354242 0.337012 -0.212803 6.794676 9.552133 7.694566 22.17173 -20.296648 49.870499 -16.753643 -16.74188 28.469389 -0.003638 -12.690337 0.002634 15.655647 -18.032839 2.610499 -0.096853 -1.517509 -4.281569 -5.032256 -5.617565 -2.949541 -0.00578 -11.035898 -0.005735 -6.10539 -15.913531 -3.845868 -0.001088 -0.00366 -0.00435 -10.276117 -5.701275 -4.329686 11.028681 -11.306255 -2.387144 -1.370575 -14.260921 -6.334915 -0.618934 -26.964634 -3.845237 -4.258617 -49.564209 -4.142236 -13.709934 -7.374156 -3.713759 18.160194 -14.080173 -3.275036 0.017625 -18.822563 -0.016405 -0.42731 -8.454534 2.54325 0.00598 -0.00598 -0.000798 -15.918839 -20.123337 -5.470933 30.44462 -7.203403 1.724056 -0.002534 -8.163741 -0.017808 -1.844537 -22.874672 -6.205746 -0.001784 0.001272 -0.0 -177.141296 -3.74967 -9.365009 8.012098 -0.042593 0.348664 -80.924377 -5.686994 -7.623812 -2.963721 1.558835 2.234834 -0.991517 0.006876 0.001874 1.266939 -3.193306 3.65265 7.479103 0.021678 0.101128 -80.128471 -0.374151 -5.170722 -3.073688 0.591796 1.700667 -0.991905 -7.6e-05 2.8e-05 
0.0 0.0 0.0 0.0 -0.0 0.0 -3.431554 99.94799 0.456614 89.446167 -1.837433 87.053497 -1.01819 0.278556 -0.161949 -11.177275 -0.626979 -1.376413 12.577673 1.259309 -3.228218 22.480425 -7.383716 2.507446 -2.841092 -0.689441 2.297719 -35.729065 2.219958 0.358917 0.000208 -0.000715 0.000179 -0.012516 0.032685 0.090173 -0.035441 -0.056883 0.101781 0.01392 0.116695 0.086618 -83.102623 -76.759781 89.387344 42.031418 -19.889147 -77.694328 121.92601 0.599668 -1.614213 4.555815 34.885571 4.224113 17.653128 -26.296587 52.380886 -19.458483 -14.390734 29.377941 0.0031 -8.779483 -0.012323 17.327196 -19.29999 5.685376 -0.606008 -1.797146 -3.898986 -4.812133 -11.044419 -2.912138 -0.00865 -20.967848 0.003152 -5.01416 -25.017265 -4.04436 0.001066 -0.008381 0.004686 -10.627411 -5.694592 -3.547271 10.561486 -17.913769 -3.121041 -0.006972 -13.81552 0.001457 -0.506108 -31.182024 -4.021697 -10.882199 -57.88826 6.66483 -13.981139 -7.164582 -2.85151 13.770395 -8.380251 -3.226811 0.348102 -34.188595 0.756774 -0.98797 -17.712505 2.62347 0.009289 0.004645 -0.009661 -17.347599 -20.102829 -4.196921 21.749043 -1.631676 3.886925 -0.003985 -6.33742 -0.005308 -1.706007 -22.606834 -6.204592 6.3e-05 -0.001947 0.001904 67.565002 -77.403755 125.239075 21.054693 -62.723061 4.804314 30.748993 0.489937 -0.196529 6.781568 9.52403 7.988524 22.192787 -20.34519 49.96352 -16.685482 -16.771957 28.478508 0.008957 -12.693628 -0.000458 15.675349 -18.001913 2.652726 -0.086751 -1.49779 -4.273272 -5.06134 -5.62183 -2.947563 -0.004748 -11.002825 -0.004337 -6.123331 -15.885044 -3.843398 -0.001722 -0.002194 -0.003397 -10.278996 -5.675769 -4.331735 11.02495 -11.283874 -2.371863 -1.400747 -14.227862 -6.319457 -0.6231 -26.896942 -3.834825 -4.310624 -49.539375 -4.069732 -13.711175 -7.363379 -3.709207 18.135868 -14.032427 -3.23655 0.012337 -18.769312 -0.002742 -0.44008 -8.439474 2.553685 0.00301 0.000565 -0.011364 -15.930416 -20.086491 -5.467524 30.42098 -7.176621 1.734589 0.009716 -8.151475 0.008401 -1.875921 -22.806396 -6.175624 0.004169 -0.007245 0.00865 -177.039536 -3.81613 -9.241502 7.800329 -0.038848 0.342338 -80.842896 -5.625172 -7.74433 -2.926924 1.557935 2.2349 -0.997334 -0.004733 -0.001408 1.401415 -3.092514 3.644377 7.42241 0.009409 0.084478 -80.02253 -0.618511 -5.098754 -3.029312 0.593061 1.697668 -0.991697 -0.000179 -3.4e-05 
0.0 0.0 0.0 0.0 -0.0 0.0 -3.564711 99.985619 0.372084 89.454056 -1.727103 87.285553 -0.954849 0.318427 -0.149293 -11.183637 -0.591866 -1.370838 12.706231 1.130102 -3.246018 22.259159 -6.781488 2.460357 -2.843922 -0.703582 2.103008 -35.990143 1.943397 -0.013127 -8.4e-05 -0.000396 0.0001 0.007079 0.041748 0.122033 -0.029903 -0.045236 0.12847 0.023668 0.119844 0.122416 -87.152283 -77.072403 94.186134 42.23193 -25.16358 -75.636787 122.503143 0.548072 -1.296527 6.699684 33.233318 0.969707 17.652699 -26.348553 52.505966 -19.50399 -14.434026 29.43856 0.002782 -8.798327 0.003387 17.096415 -19.433151 5.351713 -0.609048 -1.798999 -3.897909 -4.820901 -11.059073 -2.949436 -0.003223 -20.990328 0.008019 -5.020605 -25.050503 -4.0335 0.004679 -0.009658 -0.003731 -10.652506 -5.697473 -3.579532 10.590057 -17.945461 -3.116315 -0.002629 -13.835033 -0.013866 -0.496923 -31.193689 -4.034588 -10.595852 -57.623009 6.200557 -14.003689 -7.160866 -2.894379 13.785917 -8.408706 -3.199459 0.360934 -34.215187 0.757461 -0.961558 -17.735716 2.615831 0.004183 -0.000241 -8.5e-05 -17.37324 -20.130075 -4.217554 21.780603 -1.632477 3.874401 -0.000309 -6.351801 0.004577 -1.702122 -22.593794 -6.193982 0.005661 -0.011479 -0.007268 66.734406 -77.322174 126.48658 20.757233 -63.158165 4.286401 31.322281 0.533708 -0.162725 6.785776 9.545529 8.304826 22.199574 -20.417278 50.031841 -16.720486 -16.774141 28.517515 0.006801 -12.71082 -0.001292 15.710134 -17.99085 2.716412 -0.101778 -1.521291 -4.283275 -5.057696 -5.61654 -2.953333 -0.001646 -11.034081 -0.004743 -6.120566 -15.929509 -3.840536 -0.001388 0.000768 0.002025 -10.289871 -5.698095 -4.346603 11.032134 -11.309337 -2.375773 -1.379105 -14.262883 -6.325829 -0.658641 -26.970932 -3.831524 -4.36658 -49.742794 -3.93348 -13.718078 -7.378743 -3.717285 18.137413 -14.049895 -3.251442 0.002055 -18.803438 0.001342 -0.434535 -8.466626 2.56916 -0.005925 -0.005925 -0.005186 -15.936506 -20.12603 -5.48467 30.43935 -7.191759 1.730892 -0.010493 -8.172293 0.007329 -1.861639 -22.889538 -6.192151 0.005002 -0.008477 0.008595 -176.796295 -3.862248 -9.115767 7.384215 -0.031902 0.336999 -80.424599 -5.630433 -7.775681 -2.957038 1.555422 2.234233 -1.001029 0.004225 0.000999 1.718084 -3.014303 3.701643 7.059669 0.001395 0.037116 -79.924316 -0.861988 -5.012375 -3.054276 0.593289 1.698445 -0.998352 0.000226 -0.000394 
0.0 0.0 0.0 0.0 -0.0 0.0 -3.660812 100.014076 0.310996 89.436401 -1.581607 87.46814 -0.903686 0.357069 -0.133326 -11.17107 -0.565845 -1.389308 12.839541 1.037636 -3.204219 21.954126 -6.091255 2.384045 -2.834345 -0.706055 1.899622 -36.103321 1.630071 -0.400591 -0.003381 -2.8e-05 -0.000345 0.031 0.04563 0.13318 -0.013296 -0.035398 0.134182 0.03092 0.120065 0.140555 -91.461121 -77.195068 99.395233 41.73645 -31.072283 -71.867516 121.149406 0.308908 -0.884978 8.139185 29.723467 -3.270808 17.654926 -26.331387 52.442852 -19.497423 -14.416389 29.427891 -0.007273 -8.782041 0.003453 16.601328 -19.108227 5.061779 -0.608229 -1.796064 -3.897084 -4.801694 -11.060168 -2.948881 0.022679 -20.994139 -0.004358 -4.992699 -25.040176 -4.02538 -0.006711 -0.015504 0.003604 -10.643176 -5.692186 -3.585957 10.594137 -17.954504 -3.108158 0.006526 -13.835209 -0.002435 -0.465631 -31.247355 -4.030515 -10.44832 -57.374081 6.057418 -13.997299 -7.154011 -2.887406 13.790977 -8.41558 -3.220069 0.372957 -34.249683 0.7541 -0.955007 -17.731873 2.62025 -0.005205 0.00078 0.002014 -17.358238 -20.120064 -4.2109 21.785986 -1.652051 3.848565 -0.002821 -6.343036 0.026048 -1.669513 -22.613432 -6.217295 0.000229 0.000557 0.003195 65.992203 -77.116837 127.535645 20.124203 -63.391239 4.296053 32.106144 0.513016 -0.127433 6.723173 9.417562 8.636738 22.233639 -20.426821 50.023399 -16.729641 -16.755892 28.527588 -0.001703 -12.712156 -0.003767 15.62034 -17.930235 2.779412 -0.101335 -1.519974 -4.28533 -5.044505 -5.622561 -2.952913 0.00904 -11.042859 -0.002748 -6.11926 -15.920802 -3.845586 -0.000597 0.003393 -0.000203 -10.3027 -5.694245 -4.349308 11.055859 -11.319635 -2.373919 -1.378511 -14.259884 -6.331028 -0.624493 -26.969418 -3.81984 -4.388388 -49.771606 -3.77385 -13.729938 -7.387477 -3.725284 18.1688 -14.070056 -3.245125 0.008567 -18.811104 -0.008525 -0.420613 -8.46423 2.558564 -0.008785 -0.000567 -0.005317 -15.958316 -20.150433 -5.48889 30.482424 -7.204254 1.748159 0.014481 -8.170872 -0.000446 -1.876313 -22.902235 -6.171484 0.002252 -0.0 0.008937 -176.550171 -3.884927 -8.916445 7.073436 -0.031714 0.34293 -80.202255 -5.675482 -7.760552 -3.109795 1.551103 2.22692 -1.002443 -0.001795 -6.4e-05 2.059631 -2.94575 3.723247 6.730212 0.000811 0.000623 -79.601349 -1.117776 -4.917694 -3.116525 0.569924 1.690892 -1.000305 -0.000204 -1e-05 
0.0 0.0 0.0 0.0 -0.0 0.0 -3.770371 100.002876 0.283452 89.39994 -1.393178 87.595329 -0.822434 0.415337 -0.124932 -11.13623 -0.544228 -1.371922 12.94165 0.96816 -3.131071 21.667757 -5.378996 2.328527 -2.849209 -0.718312 1.717411 -36.188393 1.271329 -0.76266 -0.003513 0.000873 -0.000331 0.045026 0.052167 0.127318 0.02741 -0.023069 0.123272 0.086336 0.120429 0.134582 -95.954964 -76.789253 104.733032 40.381001 -36.949749 -66.105774 117.887154 0.005663 -0.514429 8.666399 24.375391 -6.213969 17.631079 -26.315474 52.379799 -19.424225 -14.38032 29.378195 -0.003852 -8.754069 0.003833 16.201326 -18.522297 5.10721 -0.604515 -1.793581 -3.876463 -4.792193 -11.04027 -2.941963 0.00787 -20.96722 0.001678 -5.018167 -25.015671 -4.016989 -0.003716 -0.000965 -0.004681 -10.609697 -5.678629 -3.554232 10.565656 -17.907057 -3.105974 0.003207 -13.814251 -0.010174 -0.531644 -31.148491 -4.001559 -10.272472 -57.204586 5.871522 -13.954841 -7.137302 -2.872668 13.754412 -8.388073 -3.211079 0.344947 -34.147915 0.77824 -0.96853 -17.706964 2.617139 0.005164 0.000915 -0.001714 -17.297041 -20.074352 -4.205063 21.71694 -1.64424 3.859308 0.007144 -6.337698 0.006557 -1.703623 -22.580942 -6.189931 0.012779 0.001597 -0.00056 65.129288 -76.657715 128.238007 19.447687 -63.611042 4.746969 32.859772 0.421205 -0.089648 6.740287 8.94334 9.019357 22.132063 -20.32399 49.871704 -16.667036 -16.726706 28.432859 -0.004565 -12.676195 0.003989 15.484882 -17.86842 2.792926 -0.100282 -1.511472 -4.283778 -5.036281 -5.61105 -2.950165 -0.000827 -11.016708 -0.001389 -6.092756 -15.889153 -3.819044 0.003599 0.003376 -0.002815 -10.263955 -5.675762 -4.339315 11.013448 -11.300091 -2.380961 -1.378178 -14.227056 -6.307787 -0.620258 -26.911304 -3.825784 -4.319583 -49.661884 -3.765036 -13.687223 -7.352153 -3.720832 18.11565 -14.049095 -3.240343 -0.00564 -18.760717 -0.008609 -0.425237 -8.438086 2.545879 -0.006294 -0.001291 -0.003147 -15.901381 -20.099836 -5.475439 30.389898 -7.185078 1.728028 -0.012731 -8.155789 0.007647 -1.837006 -22.853928 -6.158154 -0.005834 0.007762 -0.008354 -176.385666 -3.968416 -8.707569 7.098473 -0.021412 0.33307 -80.130371 -5.793569 -7.74424 -3.353299 1.562669 2.220867 -0.993788 0.00362 0.000148 2.291286 -2.868892 3.742661 6.714711 0.007174 -0.018922 -79.528885 -1.313602 -4.867488 -3.227705 0.545616 1.681912 -0.996005 -0.000142 0.000159 
0.0 0.0 0.0 0.0 -0.0 0.0 -3.822362 99.972626 0.227818 89.387901 -1.18053 87.752396 -0.752054 0.488944 -0.142047 -11.096962 -0.526633 -1.287435 13.043195 0.900306 -3.051377 21.497866 -4.75704 2.341647 -2.848126 -0.741584 1.428571 -36.151138 0.989435 -0.993816 -2.4e-05 -0.000969 0.000147 0.062794 0.047053 0.10424 0.089054 -0.021506 0.101813 0.121235 0.113088 0.110687 -100.743591 -76.303886 110.370636 38.454315 -41.841118 -58.985256 113.037094 -0.136558 -0.361843 9.177782 19.011208 -4.477695 17.647518 -26.3323 52.413097 -19.453697 -14.3802 29.404173 0.007336 -8.769093 -0.007759 16.306377 -18.383009 5.440895 -0.597008 -1.802965 -3.906519 -4.808682 -11.025222 -2.932713 0.00444 -20.951265 0.008008 -5.009072 -25.007071 -4.017983 0.004802 0.00258 -0.003574 -10.614932 -5.696293 -3.575574 10.570157 -17.904829 -3.113621 -0.013359 -13.815727 0.0101 -0.477857 -31.155758 -4.057895 -10.447637 -58.120411 6.125395 -13.956532 -7.149439 -2.886907 13.753166 -8.396611 -3.215138 0.345168 -34.151962 0.770327 -0.976669 -17.722668 2.631445 -0.013562 0.008513 -0.005955 -17.321499 -20.091192 -4.211792 21.733917 -1.640288 3.864845 0.010345 -6.334929 -0.00251 -1.695513 -22.59885 -6.191124 0.010962 0.001417 0.002741 64.368523 -76.390327 129.126404 19.076822 -63.779221 5.400414 33.391491 0.361195 -0.038517 6.813627 8.185364 9.73036 22.184731 -20.35392 49.880226 -16.713024 -16.750004 28.461588 0.004994 -12.703318 -0.004915 15.585556 -17.967903 2.737166 -0.095096 -1.509889 -4.268655 -5.04517 -5.609375 -2.94568 -0.001848 -11.026383 -0.003474 -6.114601 -15.901372 -3.826344 0.001924 0.000743 0.003712 -10.286575 -5.668804 -4.323474 11.037095 -11.310843 -2.381324 -1.400087 -14.23837 -6.314918 -0.624121 -26.927841 -3.827449 -4.218368 -49.825691 -3.885086 -13.708849 -7.357963 -3.705613 18.149218 -14.056731 -3.249429 -0.013674 -18.794682 0.000659 -0.426054 -8.45021 2.558758 0.010558 -0.007131 0.000614 -15.942716 -20.104923 -5.448211 30.459665 -7.191463 1.7266 -0.004843 -8.164557 -0.001718 -1.846879 -22.862631 -6.194419 0.004515 0.003572 0.001662 -176.358276 -4.063666 -8.431375 7.420299 -0.020567 0.316477 -80.376213 -5.901547 -7.732327 -3.52117 1.554123 2.213391 -0.991954 0.002823 0.002319 2.440976 -2.787596 3.568578 6.91411 -0.00381 0.004788 -79.733688 -1.346484 -4.873302 -3.34318 0.530357 1.67231 -0.991903 1e-05 0.000115 
0.0 0.0 0.0 0.0 -0.0 0.0 -3.884937 99.932045 0.194575 89.363014 -0.972669 87.922188 -0.681527 0.556797 -0.156505 -11.047665 -0.498009 -1.157812 13.14083 0.815956 -2.986338 21.375782 -4.305051 2.437131 -2.833345 -0.742269 1.058138 -36.115696 0.780207 -1.163367 -0.003117 0.000174 -0.00017 0.063065 0.047517 0.103212 0.10269 -0.020278 0.09893 0.121589 0.112267 0.111738 -104.925919 -75.619583 115.433464 36.049778 -45.448193 -50.483799 107.30619 0.044577 -0.343258 10.422272 14.666453 2.662646 17.614912 -26.316389 52.466175 -19.471212 -14.387718 29.43107 -0.003636 -8.792983 -0.000607 16.615835 -18.180326 5.710985 -0.5894 -1.805222 -3.897131 -4.797278 -11.04248 -2.955458 0.007905 -20.954027 -0.025429 -5.01622 -25.02355 -4.044331 -0.001402 -0.001952 -0.009023 -10.623276 -5.68846 -3.559685 10.606632 -17.90724 -3.141089 -0.012309 -13.828708 -0.010253 -0.489868 -31.134851 -4.042397 -10.713511 -59.074738 6.489333 -13.97513 -7.156017 -2.868449 13.78851 -8.387906 -3.231483 0.373692 -34.197433 0.737953 -0.95428 -17.705959 2.597682 6.8e-05 -0.006414 0.015293 -17.321877 -20.100107 -4.206203 21.768932 -1.639023 3.858581 0.005724 -6.338671 -0.002047 -1.687134 -22.597292 -6.225494 -0.011185 0.012552 -0.004909 63.636963 -76.119576 129.797592 18.976963 -63.971916 6.046245 33.417103 0.307351 -0.009273 6.75983 7.267334 10.873016 22.218914 -20.43825 50.02705 -16.693819 -16.742315 28.50448 0.000181 -12.687167 -0.00175 15.707098 -18.02565 2.672417 -0.089427 -1.510141 -4.275009 -5.041747 -5.608703 -2.946442 0.00852 -11.002805 -0.002141 -6.101222 -15.888268 -3.838036 -0.006044 0.006125 0.005909 -10.277496 -5.675296 -4.336957 11.017076 -11.292235 -2.366329 -1.379921 -14.214988 -6.31371 -0.635048 -26.901255 -3.807095 -4.209518 -49.828915 -3.910983 -13.696777 -7.346075 -3.711365 18.131039 -14.044187 -3.232375 -0.011452 -18.766563 0.016112 -0.436192 -8.454499 2.559468 0.002983 0.001282 0.003979 -15.906351 -20.081541 -5.465012 30.398659 -7.186581 1.744379 -0.001022 -8.158014 -0.00061 -1.870987 -22.836636 -6.133335 0.012927 0.015538 0.004071 -176.34407 -4.150477 -8.078219 7.791152 -0.028261 0.292816 -80.359123 -5.948412 -7.715459 -3.557496 1.533887 2.206904 -0.995886 -0.000577 0.000825 2.493759 -2.693287 3.261383 7.291404 -0.021444 0.03675 -80.043228 -1.277904 -4.91567 -3.446203 0.555297 1.678568 -1.000071 0.000333 0.000181 
0.0 0.0 0.0 0.0 -0.0 0.0 -3.924157 99.921875 0.180627 89.385414 -0.734194 88.120407 -0.630898 0.603957 -0.1512 -11.045508 -0.465831 -1.055003 13.319552 0.725457 -2.915864 21.333471 -4.079167 2.491701 -2.801913 -0.738461 0.758676 -36.125576 0.621391 -1.385593 -0.010365 -0.000553 -0.000357 0.076125 0.051226 0.13394 0.122425 -0.011172 0.132577 0.138454 0.113058 0.139952 -108.131302 -75.186317 119.411789 33.690605 -47.928841 -41.323071 101.4673 0.180896 -0.461464 12.365483 11.850833 11.954521 17.656538 -26.381907 52.566582 -19.503702 -14.423835 29.487122 -0.001901 -8.792038 0.005071 16.827814 -17.855709 5.738447 -0.604776 -1.79812 -3.897071 -4.792593 -11.045082 -2.965276 -0.005171 -20.987808 0.022448 -5.025642 -25.0436 -4.040183 0.007725 0.0 -0.005102 -10.642423 -5.694185 -3.567347 10.600779 -17.931793 -3.119943 0.00333 -13.842692 0.008849 -0.485079 -31.22575 -4.053998 -11.089181 -59.732151 6.933575 -13.991827 -7.151253 -2.890571 13.799915 -8.403775 -3.23586 0.335502 -34.243332 0.821769 -0.945427 -17.747339 2.607678 -0.00786 -0.000152 0.005444 -17.350225 -20.110807 -4.233166 21.798529 -1.650534 3.8778 -0.005631 -6.350763 0.012843 -1.706294 -22.597773 -6.217118 0.003017 -0.003555 0.010855 64.100456 -76.468643 129.984314 19.258587 -64.646317 6.320867 33.121799 0.224581 -0.05454 6.553557 6.509069 12.313766 22.208178 -20.399893 49.991722 -16.696669 -16.739538 28.493422 0.00134 -12.697486 -0.007159 15.844319 -18.130247 2.588246 -0.101371 -1.513332 -4.277979 -5.043309 -5.617756 -2.963847 0.004969 -11.032105 0.003451 -6.124972 -15.905487 -3.824635 0.002144 0.0 -0.003623 -10.281372 -5.676133 -4.352977 11.028841 -11.31432 -2.370402 -1.401216 -14.255622 -6.318168 -0.637273 -26.965521 -3.828976 -4.251082 -50.01067 -4.023232 -13.69909 -7.361555 -3.724231 18.128885 -14.059896 -3.246644 -0.007904 -18.79397 0.007242 -0.421615 -8.452695 2.541327 -0.001802 0.005321 -0.004532 -15.901961 -20.095062 -5.477798 30.397522 -7.198131 1.735053 -0.002825 -8.154224 0.002643 -1.856123 -22.820972 -6.164224 -0.002888 0.004243 -0.007442 -176.129913 -4.160375 -7.791717 7.76914 -0.04499 0.294973 -80.546715 -5.973235 -7.800151 -3.571799 1.514729 2.19842 -0.995561 -0.00099 0.000606 2.816818 -2.700199 2.964296 7.247872 -0.036839 0.067088 -80.202988 -1.198169 -5.048735 -3.510437 0.606293 1.694117 -1.004751 0.000162 -9.3e-05 
0.0 0.0 0.0 0.0 -0.0 0.0 -3.913007 99.940186 0.130317 89.401505 -0.579784 88.354424 -0.623778 0.626027 -0.146606 -11.045262 -0.437133 -0.969588 13.466028 0.6286 -2.832936 21.252382 -4.002433 2.46945 -2.757065 -0.729678 0.585701 -36.075424 0.520526 -1.639098 0.0 0.001456 0.000228 0.079201 0.053183 0.152737 0.142346 0.005332 0.152176 0.147554 0.100597 0.158034 -109.948845 -74.166801 121.986275 31.64118 -49.278111 -32.235611 95.536858 0.179876 -0.531998 14.678763 10.98945 19.325951 17.66814 -26.327019 52.393909 -19.457079 -14.388147 29.400755 0.001556 -8.779458 0.004807 16.630774 -17.675632 5.663533 -0.612963 -1.795461 -3.898572 -4.807384 -11.04022 -2.90977 -0.001687 -20.967194 -0.012615 -5.032999 -25.01457 -4.03141 0.0 0.004542 0.010621 -10.629928 -5.682672 -3.569954 10.561324 -17.902178 -3.102091 -0.001876 -13.806988 0.011394 -0.518513 -31.111679 -3.993374 -11.089219 -59.518337 7.013257 -13.981946 -7.139512 -2.879912 13.76831 -8.397535 -3.207906 0.33368 -34.183155 0.783344 -0.973536 -17.72934 2.628411 -0.004515 0.003948 0.004658 -17.348791 -20.083036 -4.207478 21.762833 -1.642975 3.881203 -0.00289 -6.33199 -0.003765 -1.703787 -22.603491 -6.197865 -0.004759 0.007134 0.009856 63.777596 -76.173698 129.793839 19.645214 -64.998116 6.008761 32.366646 0.133655 -0.105758 6.178527 5.946314 13.794374 22.20747 -20.386705 49.997406 -16.667252 -16.743279 28.467533 0.005325 -12.681187 -0.00253 15.887258 -18.087025 2.560197 -0.109944 -1.511979 -4.288316 -5.033769 -5.607728 -2.933288 -0.002811 -11.006881 -0.005357 -6.104034 -15.872787 -3.852206 0.001969 -0.006724 -0.002213 -10.291206 -5.678789 -4.33563 11.03395 -11.275962 -2.368558 -1.402322 -14.219949 -6.320611 -0.640496 -26.881544 -3.825902 -4.239093 -49.790325 -4.062614 -13.709693 -7.352116 -3.716752 18.11504 -14.016768 -3.243482 -0.016408 -18.764299 0.018752 -0.432589 -8.450312 2.571719 -0.010456 0.008199 -0.007855 -15.934756 -20.087946 -5.478276 30.39341 -7.172592 1.758949 -0.001006 -8.153028 0.011123 -1.852725 -22.811363 -6.148042 -0.007037 0.003182 0.008312 -175.870865 -4.1229 -7.56005 7.456289 -0.041947 0.29481 -80.366615 -5.945093 -7.832674 -3.601434 1.501976 2.199633 -0.997941 -0.000512 -0.000644 3.182712 -2.696831 2.66516 6.873387 -0.043352 0.091217 -79.887924 -1.150061 -5.09355 -3.570885 0.647545 1.705526 -1.005377 -4.2e-05 7.2e-05 
0.0 0.0 0.0 0.0 -0.0 0.0 -3.940046 99.946274 0.060254 89.418907 -0.49443 88.652992 -0.656666 0.613188 -0.142611 -11.050586 -0.409594 -0.86411 13.577592 0.52061 -2.802711 21.194761 -4.020686 2.449628 -2.708846 -0.721611 0.438099 -36.01284 0.520833 -1.876269 0.0 -0.0 0.0 0.075864 0.046441 0.148876 0.149616 0.016109 0.148501 0.167616 0.074037 0.154208 -110.957054 -73.528603 123.614006 30.378721 -50.081722 -24.206554 89.528809 0.199893 -0.514957 17.041809 11.528399 24.178434 17.592272 -26.297592 52.380211 -19.394962 -14.368152 29.376009 0.01485 -8.75933 -0.000253 16.202984 -17.671703 5.742736 -0.621078 -1.791872 -3.895064 -4.814093 -11.038038 -2.911441 -0.029586 -20.928101 0.002806 -5.036811 -24.989347 -4.046737 0.014228 0.009624 -0.004503 -10.625937 -5.700167 -3.557798 10.529083 -17.872818 -3.122539 -0.02573 -13.797806 0.012051 -0.547378 -31.117765 -4.004478 -11.072898 -59.185974 6.992864 -13.968536 -7.161956 -2.869595 13.735841 -8.374873 -3.217948 0.298956 -34.177872 0.791121 -0.973676 -17.725811 2.624083 -0.001089 -0.001503 -0.001585 -17.345619 -20.096798 -4.195944 21.724186 -1.614058 3.878735 -0.003936 -6.328976 -0.004512 -1.732892 -22.553793 -6.180417 -0.003883 0.001188 -0.005048 64.188309 -76.217613 129.177368 20.352467 -65.670662 5.320722 31.25527 0.060117 -0.129771 5.751302 5.577549 15.034425 22.147812 -20.28882 49.784706 -16.688887 -16.718691 28.399933 0.000812 -12.671681 -0.00899 15.912157 -18.006018 2.568429 -0.096105 -1.512669 -4.274226 -5.044437 -5.61209 -2.93525 0.004778 -11.002904 -0.000649 -6.108822 -15.872306 -3.830297 -0.001604 9.7e-05 -0.000401 -10.26055 -5.670385 -4.32126 11.00458 -11.28124 -2.372727 -1.389669 -14.20921 -6.301972 -0.612781 -26.848152 -3.832366 -4.189213 -49.597496 -4.028896 -13.690898 -7.35249 -3.70135 18.120995 -14.032497 -3.249771 -0.011042 -18.770609 0.010991 -0.427532 -8.450062 2.539551 0.010403 -0.012556 0.000795 -15.899951 -20.071903 -5.453685 30.368137 -7.170951 1.730627 0.001941 -8.155927 -0.001323 -1.841089 -22.831545 -6.168121 0.007329 -0.017641 -0.001681 -175.818329 -4.131546 -7.383784 7.335602 -0.043559 0.302024 -80.162323 -5.831853 -7.875408 -3.663857 1.500706 2.20003 -0.994073 0.000779 0.00123 3.303385 -2.680563 2.355728 6.801019 -0.046196 0.109945 -79.786285 -1.144995 -5.067604 -3.670834 0.654079 1.708277 -0.998415 -7.9e-05 0.000123 
0.0 0.0 0.0 0.0 -0.0 0.0 -3.972727 99.977821 0.017784 89.467834 -0.442659 89.058769 -0.686855 0.580542 -0.144504 -11.093846 -0.396765 -0.772816 13.688616 0.384776 -2.797157 21.241781 -4.086782 2.455721 -2.668351 -0.693925 0.254025 -36.117523 0.562471 -2.054534 1.7e-05 -0.000648 -3e-05 0.065621 0.035977 0.129563 0.153669 0.020384 0.134126 0.15063 0.054609 0.133471 -112.358696 -73.54966 125.517853 29.838467 -50.680283 -17.219339 83.577621 0.021182 -0.415983 19.07777 12.853664 27.351307 17.644886 -26.411949 52.583858 -19.473238 -14.407176 29.466888 0.005075 -8.778713 -0.010155 15.728107 -17.759842 5.997401 -0.608423 -1.799473 -3.872425 -4.811104 -11.063039 -2.961844 -0.012609 -21.007109 0.00327 -5.030055 -25.070381 -4.042059 0.002475 0.010764 -0.003057 -10.642239 -5.691816 -3.563802 10.574615 -17.945328 -3.103059 0.001204 -13.842983 -0.003179 -0.491047 -31.216772 -4.025592 -11.416262 -59.212994 7.417496 -13.999127 -7.157771 -2.876331 13.78276 -8.411521 -3.20666 0.350769 -34.23016 0.765841 -0.973985 -17.758726 2.626546 -0.016375 0.001193 0.010708 -17.360453 -20.115559 -4.200536 21.766796 -1.640762 3.855746 -0.007262 -6.348592 0.016178 -1.698258 -22.615265 -6.193305 0.001233 0.000861 0.003051 65.334152 -77.019066 129.015015 21.37948 -66.815331 4.431913 30.151598 -0.033858 -0.120352 5.353613 5.301483 16.155069 22.223211 -20.410797 50.037743 -16.732958 -16.77556 28.504477 -0.005355 -12.707717 0.007853 15.945576 -18.004269 2.563192 -0.109627 -1.508368 -4.274637 -5.042497 -5.62521 -2.964394 -0.003034 -11.035442 0.007711 -6.123816 -15.911732 -3.849634 -0.000487 -0.000669 0.006532 -10.297748 -5.678681 -4.349998 11.050681 -11.325674 -2.370227 -1.39184 -14.256719 -6.339824 -0.623094 -26.980289 -3.821977 -4.19946 -49.716633 -4.05991 -13.72777 -7.367615 -3.710725 18.169224 -14.062116 -3.264011 -0.013672 -18.79339 0.003398 -0.422853 -8.4884 2.560235 -0.003793 -0.003818 -0.003091 -15.944518 -20.117548 -5.468541 30.476267 -7.197035 1.725413 -0.00441 -8.179114 -0.004288 -1.859586 -22.882504 -6.190804 0.004305 0.000184 0.000451 -175.641098 -4.119471 -7.254732 6.888971 -0.048112 0.297264 -79.862045 -5.605183 -7.899888 -3.704255 1.496975 2.196998 -0.994622 -0.00157 0.000952 3.571423 -2.659289 2.025516 6.417305 -0.045521 0.114849 -79.696121 -1.21705 -5.02009 -3.787883 0.631724 1.701385 -0.999043 0.000467 0.000123 
0.0 0.0 0.0 0.0 -0.0 0.0 -3.999725 99.988441 -0.037761 89.487816 -0.398859 89.434631 -0.715713 0.542019 -0.149286 -11.112581 -0.386952 -0.691844 13.716631 0.21769 -2.794594 21.332468 -4.159301 2.479108 -2.632346 -0.636787 -0.028714 -36.002052 0.625919 -2.131974 0.003218 0.000849 -8.7e-05 0.052499 0.029528 0.099399 0.146888 0.017839 0.101539 0.147131 0.03527 0.103327 -113.444351 -72.912964 127.131966 29.54549 -50.675541 -11.201734 77.676704 0.029658 -0.210821 20.765741 14.41635 29.163109 17.638897 -26.32795 52.421112 -19.456327 -14.389421 29.391172 0.00841 -8.770314 -0.006736 15.402905 -17.851625 6.195045 -0.612809 -1.80012 -3.878564 -4.810771 -11.062038 -2.926349 -0.012858 -21.000702 -0.014084 -5.042546 -25.067007 -4.033981 0.013821 0.004871 -0.006017 -10.647545 -5.698752 -3.53255 10.578404 -17.938644 -3.133041 -0.000253 -13.84515 -0.018753 -0.508217 -31.244045 -4.046817 -11.354762 -59.045898 7.380626 -13.996217 -7.157905 -2.846497 13.784719 -8.401387 -3.243913 0.348047 -34.296459 0.754322 -0.959201 -17.747185 2.630495 0.009799 0.002058 -0.002647 -17.37273 -20.132832 -4.184551 21.778484 -1.62796 3.867329 -0.002289 -6.351478 -0.001437 -1.693078 -22.625267 -6.211919 0.002311 -0.003265 0.011124 65.225357 -76.805489 128.459381 22.221741 -67.334358 3.493153 29.039927 -0.084318 -0.073424 4.901751 5.027488 16.907015 22.21048 -20.335606 49.908226 -16.682777 -16.775656 28.43738 0.013888 -12.709395 -0.013633 15.888798 -17.96806 2.505224 -0.093446 -1.504554 -4.281859 -5.054513 -5.6178 -2.935087 -0.005733 -11.016517 -0.011365 -6.132274 -15.893811 -3.832006 0.002306 -0.00582 -0.000273 -10.293532 -5.683993 -4.343082 11.038246 -11.284754 -2.369572 -1.40608 -14.23322 -6.312956 -0.64052 -26.87657 -3.831957 -4.089864 -49.369549 -4.202857 -13.719717 -7.366211 -3.719784 18.156553 -14.039076 -3.231858 -0.009112 -18.781286 -0.014761 -0.439481 -8.457685 2.560309 -0.00041 0.007435 0.000951 -15.956348 -20.097946 -5.470293 30.460623 -7.174448 1.759017 0.005725 -8.15895 0.017184 -1.885576 -22.860178 -6.171292 0.005625 -0.00808 -0.008483 -175.632278 -4.144572 -7.117297 6.746271 -0.05514 0.284003 -79.703102 -5.328886 -7.864339 -3.71779 1.511749 2.198829 -0.997642 -0.008052 -0.001605 3.668615 -2.655242 1.726101 6.324129 -0.03304 0.110756 -79.594475 -1.33326 -4.978909 -3.912018 0.603658 1.688058 -0.99891 0.000297 -9.3e-05 
0.0 0.0 0.0 0.0 -0.0 0.0 -4.049144 99.977547 -0.087966 89.495857 -0.291548 89.764061 -0.740368 0.519878 -0.166653 -11.134374 -0.389663 -0.646195 13.755335 0.052729 -2.762032 21.603535 -4.264879 2.484515 -2.620421 -0.573303 -0.299529 -35.829144 0.683523 -2.169496 -2.3e-05 -0.00011 0.00094 0.042381 0.020895 0.081826 0.123541 0.006363 0.076004 0.147459 0.030665 0.089101 -114.551628 -72.877357 128.683533 29.651682 -50.829643 -6.160444 72.270943 0.178132 -0.069186 22.131901 15.829619 29.994154 17.567471 -26.331013 52.495304 -19.434397 -14.377367 29.396219 0.004172 -8.764458 0.013008 15.219267 -17.960363 6.34566 -0.609003 -1.792179 -3.885825 -4.796876 -11.032305 -2.932336 -0.001537 -20.944231 -0.001141 -5.007764 -25.020132 -4.025105 -0.006284 0.00185 0.016502 -10.616073 -5.678538 -3.556324 10.558352 -17.913446 -3.120551 -0.009079 -13.81494 0.009653 -0.490199 -31.164143 -4.02358 -11.452392 -58.780678 7.488987 -13.954613 -7.140138 -2.871018 13.738286 -8.387696 -3.211671 0.330824 -34.172852 0.762635 -0.967163 -17.705503 2.615954 -0.000117 0.002027 0.000482 -17.303537 -20.071156 -4.219971 21.72246 -1.640664 3.864546 -0.006929 -6.334499 0.008039 -1.694156 -22.553856 -6.174843 0.005171 -0.014005 -0.015119 66.333763 -77.12899 127.587769 23.054075 -68.175644 2.855902 28.272507 -0.106836 -0.020008 4.534281 4.803659 17.34276 22.236231 -20.414175 50.008991 -16.719704 -16.751783 28.504538 0.001265 -12.696435 -0.001184 15.887623 -17.932806 2.494289 -0.097335 -1.506841 -4.279852 -5.053735 -5.619289 -2.948727 0.003311 -11.024042 0.003463 -6.121465 -15.90247 -3.852184 0.002684 4.1e-05 -0.004827 -10.289105 -5.671817 -4.351486 11.037832 -11.316719 -2.362185 -1.392108 -14.248383 -6.32392 -0.618118 -26.964815 -3.833073 -4.129075 -49.536812 -4.150529 -13.726637 -7.373918 -3.735882 18.164085 -14.056084 -3.231926 -0.003757 -18.791052 -0.001484 -0.431658 -8.473587 2.567812 -0.003938 0.006003 -0.004349 -15.938504 -20.105965 -5.490128 30.451063 -7.203053 1.756035 0.004724 -8.173122 0.010662 -1.87143 -22.851681 -6.184069 -0.000878 -0.010402 0.004617 -175.657745 -4.204049 -6.907945 6.842826 -0.056857 0.252498 -79.709595 -5.109639 -7.830894 -3.72572 1.498709 2.19588 -0.994527 0.003608 0.000926 3.758716 -2.611924 1.503544 6.426116 -0.021242 0.093208 -79.793098 -1.481175 -4.978941 -3.997428 0.591433 1.682129 -0.992329 3.9e-05 0.000225 
0.0 0.0 0.0 0.0 -0.0 0.0 -4.063269 99.941849 -0.114407 89.490601 -0.109112 89.97628 -0.767118 0.515633 -0.170953 -11.169066 -0.398599 -0.614774 13.836852 -0.101246 -2.731352 22.05777 -4.401483 2.49118 -2.604999 -0.538848 -0.485716 -35.53059 0.747921 -2.24262 -2.4e-05 6.3e-05 -2.7e-05 0.035161 0.023206 0.086445 0.123401 0.002711 0.081855 0.14033 0.041942 0.095618 -115.98941 -72.563332 130.566986 29.739317 -50.818436 -1.721551 67.501717 0.307169 0.049584 23.376579 17.062897 30.317499 17.668299 -26.359303 52.443485 -19.463104 -14.391211 29.385544 -0.002982 -8.771559 0.00613 15.186328 -18.093975 6.447353 -0.609903 -1.79239 -3.87231 -4.790987 -11.034238 -2.950952 0.016064 -20.993906 0.016271 -5.001247 -25.042711 -4.006151 -0.002909 -0.003418 0.0034 -10.630489 -5.67212 -3.570451 10.5961 -17.935102 -3.119092 0.004771 -13.800204 0.027362 -0.477357 -31.164537 -3.984591 -11.74794 -58.95874 7.792116 -13.974882 -7.12246 -2.869387 13.778726 -8.41347 -3.229133 0.378639 -34.174038 0.784756 -0.957711 -17.726099 2.629205 0.000294 -0.002117 0.003529 -17.327538 -20.072527 -4.201525 21.767731 -1.668343 3.84825 -0.000951 -6.329803 0.027641 -1.674697 -22.594437 -6.189837 -0.008246 -0.013104 -0.002256 66.797752 -77.199379 127.065155 23.575434 -68.719849 2.514257 27.93141 -0.110964 0.003128 4.198106 4.638256 17.538132 22.196373 -20.400862 50.007721 -16.739782 -16.749889 28.507679 -0.006557 -12.688414 0.001342 15.862194 -17.894281 2.571697 -0.097484 -1.512003 -4.288909 -5.041848 -5.616723 -2.95526 0.00481 -11.039448 -0.002976 -6.106988 -15.922766 -3.835949 0.001807 0.004622 0.000247 -10.276312 -5.680456 -4.348893 11.023697 -11.31711 -2.372245 -1.386434 -14.262406 -6.317324 -0.623559 -26.970129 -3.85377 -4.173751 -49.520687 -4.139768 -13.7047 -7.359099 -3.733078 18.137291 -14.066514 -3.242473 -0.002002 -18.796522 0.011257 -0.429328 -8.454373 2.560362 -0.007847 0.008209 -0.003223 -15.913497 -20.111969 -5.489003 30.428862 -7.194995 1.731351 -0.001508 -8.170572 -0.002291 -1.864516 -22.905613 -6.177253 0.006208 -0.00533 -0.014456 -175.720245 -4.268997 -6.695439 7.256904 -0.061017 0.245804 -80.015701 -5.039991 -7.81821 -3.759705 1.504284 2.194557 -0.997721 0.001073 0.001538 3.837175 -2.571905 1.432664 6.722891 -0.016229 0.067595 -79.946938 -1.615147 -4.991636 -4.037501 0.594917 1.678543 -1.004995 -0.000255 -5.7e-05 
0.0 0.0 0.0 0.0 -0.0 0.0 -4.079696 99.901703 -0.098172 89.470909 0.129173 90.027084 -0.798612 0.528225 -0.150025 -11.21427 -0.411995 -0.609176 13.935287 -0.258023 -2.677855 22.713654 -4.542563 2.498399 -2.606069 -0.515653 -0.599508 -35.166996 0.816857 -2.365657 0.000451 -0.000763 0.000178 0.055238 0.023959 0.100178 0.116251 -0.003772 0.09437 0.116416 0.054868 0.109683 -117.387146 -72.298164 132.451706 29.873919 -50.822777 2.164572 63.093285 0.407714 0.081832 24.59626 18.206739 30.402863 17.618547 -26.325045 52.443825 -19.433098 -14.393373 29.390457 0.009812 -8.772916 -0.014661 15.279383 -18.220913 6.509486 -0.61372 -1.801343 -3.897774 -4.813824 -11.037291 -2.924052 -0.004606 -20.935946 -0.009096 -5.041481 -25.012201 -4.036093 0.005376 -0.003114 -0.007674 -10.640233 -5.701555 -3.569569 10.561519 -17.884768 -3.111427 8e-05 -13.804845 -0.002413 -0.518533 -31.150198 -4.025212 -11.714429 -59.26664 7.650755 -13.985644 -7.15864 -2.861805 13.770109 -8.371287 -3.228959 0.326914 -34.169758 0.762955 -0.971158 -17.72537 2.617247 0.010612 -0.007914 -0.000419 -17.355795 -20.106407 -4.202337 21.75346 -1.622684 3.866085 -0.000885 -6.34431 -0.012566 -1.718451 -22.55521 -6.178568 0.008642 0.001608 0.004511 67.533211 -77.406288 126.583473 23.832649 -69.264282 2.517367 27.987324 -0.159623 -0.00129 3.942124 4.520346 17.686268 22.1745 -20.385824 49.988548 -16.714211 -16.745903 28.503702 0.002173 -12.686236 -0.000565 15.837793 -17.890783 2.595258 -0.100319 -1.513779 -4.268624 -5.04603 -5.62242 -2.972357 -0.00048 -11.037112 0.004817 -6.11217 -15.919204 -3.83874 0.001397 0.001119 -0.005316 -10.288981 -5.686569 -4.325541 11.035956 -11.309184 -2.388144 -1.379415 -14.256975 -6.322941 -0.611109 -26.923424 -3.840832 -4.287454 -49.470024 -4.05173 -13.720849 -7.371763 -3.714866 18.162384 -14.061198 -3.252663 -0.005478 -18.811468 -0.016065 -0.445002 -8.452969 2.569751 -0.000362 -0.005419 0.003251 -15.942724 -20.115156 -5.46021 30.446669 -7.187891 1.723091 -0.012425 -8.165846 -0.009794 -1.866897 -22.870115 -6.18341 0.00747 -0.001592 0.007055 -175.641098 -4.328348 -6.469439 7.620517 -0.048687 0.234788 -80.165161 -5.081838 -7.797323 -3.7973 1.516606 2.194267 -0.996919 0.004254 0.000293 3.991251 -2.527476 1.495586 6.996487 -0.015748 0.060174 -80.168602 -1.729963 -4.969276 -4.070031 0.611593 1.682035 -0.997791 0.000113 -2.1e-05 
0.0 0.0 0.0 0.0 -0.0 0.0 -4.107294 99.860168 -0.05967 89.445808 0.37735 90.004417 -0.832396 0.549259 -0.124686 -11.264346 -0.420157 -0.593964 14.011398 -0.408158 -2.655852 23.364618 -4.625713 2.515269 -2.599915 -0.514757 -0.69607 -34.649426 0.918202 -2.4505 -6.6e-05 -0.001661 0.000885 0.057603 0.021806 0.106927 0.122874 -0.010678 0.10315 0.119286 0.051751 0.116497 -118.628159 -71.879646 134.129761 29.91617 -50.882217 5.549135 58.666061 0.356129 0.087518 25.607502 19.265781 30.338762 17.595325 -26.321106 52.488056 -19.457518 -14.406751 29.443525 -0.003949 -8.781215 9.4e-05 15.411656 -18.32011 6.594693 -0.610333 -1.797798 -3.898822 -4.816535 -11.041059 -2.923493 -0.025531 -20.964672 -0.007761 -5.02204 -25.058458 -4.037331 -0.000312 -0.00112 -0.004335 -10.625191 -5.693813 -3.579433 10.541339 -17.897343 -3.080142 -0.007559 -13.835011 -0.002197 -0.483247 -31.162479 -4.043306 -11.937178 -59.664005 7.841571 -13.979297 -7.155547 -2.868304 13.768304 -8.381958 -3.222178 0.312346 -34.189381 0.771489 -0.974014 -17.706234 2.604349 0.008773 -0.006695 -0.003486 -17.345222 -20.089796 -4.199882 21.748983 -1.630321 3.877514 -0.002366 -6.335706 -0.004962 -1.712037 -22.555128 -6.191833 0.005357 0.000328 -0.001078 68.230537 -77.526062 125.90197 24.038183 -69.679222 2.710327 28.185177 -0.240075 0.008345 3.640187 4.383768 17.877983 22.195406 -20.375086 49.938343 -16.722141 -16.757803 28.471088 -0.008921 -12.704478 0.002377 15.861139 -17.900316 2.614185 -0.094183 -1.511995 -4.285527 -5.041698 -5.617689 -2.949128 0.003111 -11.036632 0.012621 -6.107286 -15.913335 -3.84589 -0.001976 0.0 0.006079 -10.285367 -5.67866 -4.330574 11.050359 -11.323104 -2.374966 -1.366784 -14.255552 -6.325349 -0.614287 -26.95332 -3.834882 -4.304424 -49.487274 -4.013941 -13.703148 -7.358257 -3.71504 18.16646 -14.085464 -3.250211 0.011833 -18.809574 -0.005856 -0.428242 -8.483824 2.549036 0.006025 0.002474 -0.006806 -15.915453 -20.103218 -5.46717 30.440712 -7.217107 1.740873 -0.002595 -8.156279 -0.019065 -1.856277 -22.881655 -6.16199 -0.003881 0.016481 -0.006127 -175.507202 -4.391062 -6.279939 7.959544 -0.029736 0.245162 -80.449799 -5.199909 -7.830235 -3.827558 1.535993 2.198693 -0.985811 0.00067 4.8e-05 4.155474 -2.477215 1.664652 7.25853 -0.018446 0.03929 -80.43074 -1.822672 -4.940937 -4.099723 0.638867 1.68794 -0.998103 0.000289 -0.000119 
0.0 0.0 0.0 0.0 -0.0 0.0 -4.112353 99.829033 -0.029995 89.41153 0.592917 89.930969 -0.877497 0.572052 -0.115987 -11.300368 -0.410591 -0.554065 14.065948 -0.55834 -2.662655 23.991955 -4.656538 2.541474 -2.619979 -0.52175 -0.780359 -34.107914 1.033858 -2.525073 0.000671 -0.00015 -0.000524 0.061927 0.020445 0.111929 0.126212 -0.016574 0.10706 0.110191 0.053093 0.120367 -119.908905 -71.432755 135.810104 30.00095 -51.087536 8.479847 54.465584 0.333062 0.132797 26.459293 20.229088 30.235912 17.710348 -26.370621 52.411331 -19.478325 -14.414344 29.403528 -0.010652 -8.774048 -0.015971 15.525725 -18.389811 6.590992 -0.604718 -1.793223 -3.889574 -4.813231 -11.066368 -2.932741 0.004463 -20.984547 0.005321 -4.997221 -25.037359 -4.018925 -0.007465 -0.000934 0.0 -10.633231 -5.680716 -3.568804 10.591678 -17.947926 -3.119215 0.002009 -13.81742 0.014855 -0.508568 -31.215157 -4.015069 -12.138412 -59.99968 8.112098 -13.989851 -7.150912 -2.882366 13.783505 -8.417564 -3.201422 0.374274 -34.265301 0.76103 -0.976316 -17.753262 2.62875 0.011312 -0.0 0.000468 -17.343578 -20.093294 -4.210169 21.759714 -1.670841 3.882187 0.009436 -6.336187 0.000443 -1.657467 -22.61351 -6.202132 -0.012414 -3.8e-05 -0.0021 68.363701 -77.494904 125.669266 23.899658 -69.59938 3.28362 28.651566 -0.285175 0.005695 3.391608 4.2507 18.060034 22.224579 -20.398407 50.021309 -16.673443 -16.761845 28.491295 0.008052 -12.70014 0.00474 15.86854 -17.923185 2.608073 -0.097475 -1.507646 -4.285563 -5.051292 -5.612958 -2.958169 -0.004095 -11.015525 0.009275 -6.112942 -15.887236 -3.857582 0.001039 0.001917 -0.005187 -10.289801 -5.668713 -4.342218 11.038207 -11.30386 -2.379969 -1.394669 -14.232261 -6.331064 -0.630185 -26.937424 -3.834786 -4.348452 -49.504894 -4.005623 -13.712383 -7.351878 -3.723811 18.143444 -14.046305 -3.255452 -0.001736 -18.78421 0.00155 -0.442759 -8.459148 2.555437 -0.004093 -0.000167 -0.001752 -15.926971 -20.092957 -5.491663 30.421721 -7.17858 1.738413 -0.004936 -8.170696 0.0126 -1.870092 -22.853542 -6.163598 -0.006771 0.006989 0.003493 -175.36734 -4.438756 -6.122245 8.227642 -0.019665 0.235501 -80.662071 -5.314542 -7.861208 -3.852671 1.543032 2.200117 -0.997925 0.005029 0.000736 4.338069 -2.435255 1.817775 7.396498 -0.019882 0.046584 -80.451485 -1.847234 -4.930777 -4.149197 0.659791 1.691893 -0.990699 -0.000235 0.000138 
0.0 0.0 0.0 0.0 -0.0 0.0 -4.044774 99.796928 0.024236 89.370514 0.757982 89.819489 -0.943942 0.597095 -0.117846 -11.310142 -0.385795 -0.501321 14.083816 -0.71182 -2.67838 24.476467 -4.66 2.531883 -2.628598 -0.511957 -0.843275 -33.489544 1.155066 -2.600091 0.000859 -0.000289 -0.000514 0.067796 0.018053 0.11856 0.132842 -0.014081 0.112982 0.119571 0.049802 0.129777 -120.766953 -70.846802 137.016647 29.996809 -51.433086 10.846901 50.314983 0.260303 0.081843 27.030394 21.098085 29.933458 17.644726 -26.339293 52.372192 -19.453978 -14.411059 29.387117 -0.004486 -8.774816 -0.003417 15.62534 -18.470779 6.548642 -0.602641 -1.792422 -3.879541 -4.800275 -11.037035 -2.950117 0.014403 -20.932058 0.020621 -5.002083 -24.973734 -4.018397 0.001842 0.005668 0.000424 -10.63313 -5.678627 -3.551739 10.606431 -17.90966 -3.130799 0.005305 -13.806245 0.003377 -0.524367 -31.157097 -4.001534 -12.217239 -60.099621 8.162286 -13.972006 -7.135762 -2.887458 13.775951 -8.395764 -3.201387 0.339368 -34.17625 0.786324 -0.969121 -17.718046 2.627569 0.000123 -0.000971 0.000865 -17.340038 -20.069851 -4.18827 21.76829 -1.658386 3.865475 -0.000275 -6.303586 -0.01056 -1.685505 -22.539221 -6.171437 -0.004663 0.004778 -0.000922 68.689529 -77.429672 125.05896 23.812498 -69.707375 4.029144 29.179054 -0.321795 0.005433 3.146442 4.149076 18.190632 22.21768 -20.434925 50.053959 -16.689598 -16.751366 28.488258 -0.001601 -12.690788 0.005256 15.859061 -17.949469 2.634403 -0.099727 -1.508699 -4.28262 -5.033106 -5.60993 -2.947424 0.002332 -11.027662 -4.4e-05 -6.100097 -15.888646 -3.844884 -0.001094 -0.003958 0.01198 -10.273769 -5.667435 -4.338402 11.023045 -11.308153 -2.381261 -1.377815 -14.235238 -6.313481 -0.64029 -26.914343 -3.803146 -4.377645 -49.512306 -3.90673 -13.69943 -7.357428 -3.732886 18.124687 -14.052478 -3.220986 0.00054 -18.779549 0.011115 -0.440798 -8.460599 2.550512 0.010206 -0.006896 -0.011127 -15.909783 -20.089333 -5.477188 30.417007 -7.199536 1.731525 -0.009476 -8.156622 -0.007741 -1.851148 -22.852596 -6.148604 -0.000472 -0.003254 -0.004153 -175.320206 -4.456377 -6.039245 8.606426 -0.023229 0.22426 -80.919624 -5.425511 -7.859784 -3.915816 1.547824 2.198989 -0.996242 -0.005202 -0.000964 4.492474 -2.425492 1.95431 7.476578 -0.019088 0.051839 -80.562035 -1.805592 -4.970398 -4.197077 0.677002 1.700233 -0.998919 0.00023 -4e-06 
0.0 0.0 0.0 0.0 -0.0 0.0 -4.022834 99.785789 0.038864 89.329842 0.8784 89.67868 -1.000667 0.633228 -0.124048 -11.328732 -0.362128 -0.460468 14.100699 -0.873855 -2.688369 24.916756 -4.66614 2.524373 -2.643558 -0.505884 -0.895575 -32.945671 1.288236 -2.689909 5.7e-05 5.6e-05 -0.000289 0.067506 0.012512 0.125138 0.106259 -0.017532 0.115605 0.099655 0.04405 0.143031 -121.535156 -70.381088 138.08168 29.946056 -51.933762 12.761806 46.50293 0.260651 0.036356 27.24362 21.950342 29.458401 17.598156 -26.297981 52.463703 -19.482811 -14.404616 29.41744 9.1e-05 -8.783036 0.007035 15.691557 -18.521244 6.461237 -0.608117 -1.800273 -3.892956 -4.807803 -11.009373 -2.934511 0.013418 -20.969336 -0.015524 -5.000638 -24.970205 -4.009358 0.006874 -0.00349 -0.002092 -10.623306 -5.67671 -3.557125 10.587399 -17.895267 -3.142713 -0.005208 -13.833669 0.010655 -0.478912 -31.131643 -4.0439 -12.271039 -60.296646 8.267662 -13.965318 -7.129346 -2.869861 13.76011 -8.378407 -3.218612 0.37521 -34.13213 0.749128 -0.964331 -17.680523 2.616742 -0.008357 0.000118 0.000625 -17.324604 -20.063553 -4.210724 21.742558 -1.642256 3.857238 -0.005367 -6.312328 -0.008569 -1.684116 -22.547499 -6.19495 0.005444 0.004083 -0.001813 68.889786 -77.43615 124.619629 23.478706 -69.570992 4.925019 29.762474 -0.317615 0.028577 2.901023 4.104398 18.271484 22.17642 -20.362757 49.901989 -16.695917 -16.732147 28.454844 -0.004581 -12.684581 -0.003304 15.889266 -17.98131 2.661273 -0.104838 -1.501887 -4.273489 -5.028821 -5.611732 -2.94374 0.002425 -11.02151 0.008565 -6.108896 -15.899987 -3.83995 -0.001141 0.006492 0.000297 -10.263957 -5.666257 -4.325734 11.013642 -11.289847 -2.383075 -1.383604 -14.22154 -6.304622 -0.635652 -26.888395 -3.812182 -4.36629 -49.431328 -3.889937 -13.688251 -7.346007 -3.716866 18.118885 -14.033349 -3.241976 -0.000949 -18.767036 0.012561 -0.430121 -8.463305 2.557893 0.002061 -0.006377 0.007233 -15.905938 -20.064676 -5.465356 30.410362 -7.19812 1.740095 0.002978 -8.153984 -0.023278 -1.863189 -22.841187 -6.162298 -0.000809 0.000513 0.001387 -175.193558 -4.470334 -5.985574 8.701592 -0.030208 0.206736 -81.150322 -5.531172 -7.915434 -3.958701 1.560841 2.193075 -1.000187 -0.003128 -0.001436 4.648694 -2.408343 2.057811 7.419913 -0.018673 0.055238 -80.592117 -1.733042 -5.027319 -4.232495 0.68817 1.703154 -1.002904 0.000244 3e-05 
0.0 0.0 0.0 0.0 -0.0 0.0 -3.965082 99.791336 0.053504 89.301651 0.95057 89.528458 -1.041702 0.669031 -0.100583 -11.36585 -0.347877 -0.458504 14.136317 -1.02505 -2.693689 25.260406 -4.67217 2.536378 -2.640614 -0.52006 -0.90202 -32.546673 1.410804 -2.807832 0.00343 -0.001993 -0.001134 0.070669 0.011524 0.134324 0.098266 -0.015125 0.119522 0.08437 0.038169 0.154403 -122.367455 -70.201424 139.124649 29.845404 -52.59037 14.213649 43.157562 0.294498 0.031036 27.286942 22.798649 28.780836 17.668661 -26.383821 52.486622 -19.463097 -14.445207 29.456694 -0.017166 -8.771852 0.00496 15.820307 -18.561655 6.379629 -0.616586 -1.80392 -3.88077 -4.794773 -11.044578 -2.949099 -0.007193 -20.983522 0.034728 -5.019177 -25.052549 -4.042333 0.002941 -0.001442 0.004473 -10.656457 -5.681937 -3.545594 10.604828 -17.918234 -3.124394 -0.009839 -13.842648 0.001477 -0.529185 -31.208429 -4.037602 -12.409719 -60.576855 8.323976 -13.999293 -7.15287 -2.870633 13.777857 -8.389174 -3.21185 0.355136 -34.254002 0.805171 -0.956624 -17.745424 2.632032 0.019027 0.000705 -0.000837 -17.367479 -20.097853 -4.19918 21.780943 -1.640918 3.858464 0.004487 -6.363137 0.005629 -1.709146 -22.616795 -6.171852 0.015832 0.004352 -0.011013 69.400246 -77.908676 124.715675 23.307598 -69.679092 5.815839 30.404642 -0.279749 0.041746 2.730829 4.113546 18.324827 22.207617 -20.433441 50.012913 -16.705761 -16.75827 28.518703 0.001671 -12.692847 -0.004263 15.926608 -18.028725 2.665198 -0.102572 -1.508108 -4.281743 -5.042383 -5.617163 -2.957076 -0.006292 -11.024088 -0.008648 -6.129415 -15.90183 -3.821246 0.000192 0.002546 0.006962 -10.280532 -5.6706 -4.343583 11.02016 -11.311254 -2.365492 -1.399115 -14.247056 -6.321106 -0.659511 -26.934443 -3.810991 -4.357886 -49.540878 -3.988449 -13.712404 -7.357473 -3.722053 18.143858 -14.060979 -3.244265 -0.010692 -18.793476 0.003571 -0.441717 -8.46402 2.570664 -0.000371 0.001691 -0.001407 -15.928119 -20.104485 -5.486877 30.42194 -7.195446 1.745836 -0.000278 -8.170509 0.004662 -1.882256 -22.871014 -6.162456 0.015849 -0.016484 -0.003243 -174.987961 -4.438578 -5.977763 8.531731 -0.033641 0.208076 -81.015839 -5.618662 -7.936059 -3.96825 1.564753 2.18867 -0.999211 -0.005805 -0.001099 4.850139 -2.425016 2.145403 7.157654 -0.0118 0.060838 -80.356537 -1.641254 -5.089076 -4.23789 0.688524 1.704083 -0.99733 -2e-05 0.000111 
0.0 0.0 0.0 0.0 -0.0 0.0 -3.905762 99.785637 0.027858 89.283234 0.962602 89.378815 -1.08526 0.704831 -0.123652 -11.364659 -0.315507 -0.401632 14.099985 -1.150916 -2.714348 25.37549 -4.671336 2.553621 -2.640278 -0.533916 -0.929177 -32.176735 1.537144 -2.860001 0.002024 0.000863 0.001422 0.076382 0.007469 0.126854 0.090092 -0.018743 0.112627 0.086566 0.032593 0.148816 -122.929825 -69.943123 139.844635 29.782406 -53.249371 15.060591 39.91851 0.329982 -0.073177 27.084751 23.632732 27.993181 17.660374 -26.378834 52.56992 -19.506809 -14.426716 29.475365 0.004322 -8.779272 -0.006649 15.89201 -18.546682 6.286978 -0.618781 -1.789978 -3.897031 -4.797565 -11.064921 -2.941508 0.02139 -21.019753 -0.017349 -5.018343 -25.064453 -4.04717 0.000834 0.002985 0.000706 -10.655585 -5.690404 -3.57299 10.602975 -17.966566 -3.120883 0.019176 -13.840366 0.001554 -0.477243 -31.249458 -4.041986 -12.449142 -60.654968 8.486279 -13.994537 -7.153379 -2.890213 13.786558 -8.413793 -3.214789 0.386076 -34.24744 0.746116 -0.990614 -17.745262 2.636288 0.015157 -0.001322 0.002124 -17.357708 -20.104084 -4.208755 21.784586 -1.651694 3.840681 -0.002227 -6.346955 0.00346 -1.691639 -22.588696 -6.184552 0.001057 -0.005398 -0.002834 69.901573 -78.261055 124.537079 23.152601 -69.805626 6.55763 30.9793 -0.17199 0.061007 2.557076 4.137339 18.208124 22.227575 -20.4116 50.030434 -16.730516 -16.780634 28.560724 0.001791 -12.707332 -0.017489 15.964029 -18.034536 2.705503 -0.100832 -1.51655 -4.299515 -5.045178 -5.61871 -2.965865 0.002387 -11.034139 0.018895 -6.102004 -15.922699 -3.859762 -0.001434 0.003369 0.006183 -10.297326 -5.687477 -4.349838 11.050574 -11.334267 -2.382955 -1.374053 -14.262033 -6.328918 -0.601542 -26.984394 -3.83819 -4.354138 -49.659988 -3.878313 -13.721012 -7.368123 -3.733303 18.169531 -14.070619 -3.266729 0.002745 -18.799078 0.00505 -0.438072 -8.457972 2.581871 0.008582 -0.005794 -0.006752 -15.930833 -20.135088 -5.50702 30.44775 -7.204613 1.7344 0.003523 -8.178351 0.009312 -1.867748 -22.898846 -6.174946 -0.000994 0.01139 -0.0 -175.061584 -4.412765 -5.959684 8.728654 -0.04214 0.191085 -81.170319 -5.691079 -7.950961 -4.010187 1.566426 2.187251 -0.993133 0.000439 0.001412 4.796501 -2.454408 2.198833 7.226309 -0.008601 0.08054 -80.41449 -1.574143 -5.156588 -4.234212 0.683194 1.702068 -0.997331 -5.4e-05 6.5e-05 
0.0 0.0 0.0 0.0 -0.0 0.0 -3.842484 99.789589 0.026976 89.277367 0.927304 89.207771 -1.118556 0.740504 -0.11581 -11.37271 -0.286419 -0.379742 14.077646 -1.256459 -2.699112 25.35709 -4.664294 2.564668 -2.647842 -0.538244 -0.928257 -31.911133 1.627291 -2.921126 0.003499 -0.000226 -0.000593 0.076904 0.004048 0.108906 0.074791 -0.023462 0.091478 0.068969 0.025398 0.133681 -123.544556 -69.466064 140.710724 29.641375 -53.656418 15.332875 36.759174 0.397236 -0.071127 26.609346 24.605652 26.761118 17.663374 -26.289719 52.453262 -19.45957 -14.387239 29.420856 0.006155 -8.775225 -0.00331 15.977418 -18.522524 6.234272 -0.616502 -1.792208 -3.891594 -4.828784 -11.053555 -2.933414 -0.023178 -20.981359 0.010084 -5.029256 -25.052126 -4.069787 -0.005925 0.00035 0.000143 -10.652814 -5.695404 -3.551476 10.550156 -17.897413 -3.110646 -0.009819 -13.817717 -0.012731 -0.519692 -31.143852 -4.04389 -12.309683 -60.36401 8.266887 -14.010038 -7.168601 -2.879317 13.772114 -8.393731 -3.204631 0.341281 -34.16761 0.737436 -0.970226 -17.714968 2.612295 0.003085 0.001357 -0.00479 -17.391552 -20.13098 -4.204563 21.775566 -1.602241 3.873095 0.002867 -6.349175 -0.001916 -1.71222 -22.591856 -6.236854 0.002602 0.001206 0.006213 69.081314 -77.984444 124.713966 22.800688 -69.239838 6.975217 31.399097 -0.073613 0.065138 2.431384 4.167367 17.927208 22.170816 -20.38695 49.960644 -16.677284 -16.733549 28.479033 0.002826 -12.684724 -0.0215 15.934186 -18.00997 2.695874 -0.125834 -1.51493 -4.272745 -5.03386 -5.621928 -2.939947 -0.009857 -11.028303 -0.013568 -6.121644 -15.924871 -3.836739 -0.002857 0.007588 -0.000526 -10.300863 -5.685923 -4.337759 11.023911 -11.312896 -2.366704 -1.382392 -14.257783 -6.314339 -0.625413 -26.95718 -3.830526 -4.347809 -49.579941 -3.951914 -13.725266 -7.36505 -3.714248 18.135448 -14.057437 -3.239273 0.008359 -18.78698 -3.4e-05 -0.434024 -8.451887 2.563432 -0.002483 -0.004154 0.006817 -15.943895 -20.110035 -5.45965 30.428238 -7.195348 1.729531 -0.01121 -8.171324 0.00083 -1.862638 -22.885429 -6.153944 -0.003501 0.01087 0.001649 -175.049789 -4.359132 -5.990912 8.684092 -0.040188 0.185078 -81.157005 -5.770394 -8.005116 -4.033989 1.578919 2.192797 -0.995439 -0.007673 -0.001469 4.747895 -2.505538 2.265256 7.180973 -0.003439 0.085878 -80.328629 -1.467793 -5.208739 -4.218567 0.668921 1.696542 -0.990689 -0.000254 -2.3e-05 
0.0 0.0 0.0 0.0 -0.0 0.0 -3.767397 99.799828 0.015993 89.288834 0.842712 89.068916 -1.148898 0.778724 -0.12539 -11.350616 -0.253695 -0.333154 14.011114 -1.332161 -2.693709 25.163876 -4.685732 2.570259 -2.659551 -0.520078 -0.930526 -31.726553 1.671701 -2.95592 0.0035 0.000671 3e-06 0.068687 0.000572 0.083503 0.063283 -0.024441 0.063153 0.059478 0.024841 0.110263 -123.951035 -69.308693 141.233749 29.865191 -54.444248 14.884308 33.630028 0.38374 -0.129936 25.699734 25.528467 25.162161 17.63629 -26.361322 52.534088 -19.488417 -14.440828 29.477095 -0.010944 -8.76897 0.021666 15.995422 -18.497332 6.21287 -0.60195 -1.793848 -3.913455 -4.800797 -11.045856 -2.925682 0.00402 -20.994772 -0.004636 -5.004111 -25.050001 -4.02201 0.002915 0.000454 0.010413 -10.632027 -5.694675 -3.598382 10.589867 -17.919556 -3.105061 0.000243 -13.841615 -0.015288 -0.490806 -31.201374 -4.038525 -12.243623 -60.363049 8.299624 -13.986989 -7.159036 -2.908666 13.789861 -8.403223 -3.210807 0.32915 -34.27776 0.808014 -0.938541 -17.767693 2.617454 -0.008632 -0.001309 0.006195 -17.344193 -20.108747 -4.212471 21.77191 -1.63932 3.853647 -0.002593 -6.346275 0.010945 -1.691107 -22.571543 -6.196309 0.003773 0.005728 -0.006998 69.463898 -78.257492 124.525772 22.861229 -69.327797 7.029085 31.704218 0.031596 0.072171 2.248095 4.24309 17.59931 22.222124 -20.36804 49.993423 -16.720587 -16.769928 28.521698 0.002572 -12.721425 -0.000224 15.943286 -18.017429 2.703188 -0.104422 -1.518973 -4.29346 -5.043732 -5.617358 -2.940234 -0.003865 -11.035439 -0.00822 -6.116899 -15.92189 -3.870248 -0.000979 3.1e-05 0.012609 -10.301349 -5.6896 -4.347131 11.052387 -11.318624 -2.365081 -1.404147 -14.258258 -6.338638 -0.628326 -26.985468 -3.855642 -4.287713 -49.611526 -4.034991 -13.739383 -7.377754 -3.719646 18.185942 -14.062598 -3.267004 -0.007139 -18.81251 0.001474 -0.43396 -8.475397 2.537525 -0.005527 0.003126 0.020205 -15.953391 -20.137522 -5.485616 30.466404 -7.198365 1.751416 0.006182 -8.157762 -0.009447 -1.859542 -22.888819 -6.17233 -0.001517 0.007573 -0.012192 -175.085999 -4.28307 -6.010449 8.59897 -0.043561 0.189433 -81.047775 -5.837731 -8.073781 -4.0748 1.582316 2.194679 -1.006762 -9e-06 -0.001508 4.643898 -2.581046 2.273671 7.128798 -0.00557 0.110609 -80.338158 -1.381106 -5.273207 -4.188982 0.64693 1.692021 -1.001019 9.4e-05 5.8e-05 
0.0 0.0 0.0 0.0 -0.0 0.0 -3.662903 99.80854 -0.005097 89.317497 0.724658 88.976517 -1.153201 0.818239 -0.117998 -11.340429 -0.228087 -0.318915 13.940439 -1.378761 -2.647979 24.841089 -4.723614 2.579007 -2.642213 -0.502293 -0.900234 -31.654184 1.686448 -3.0205 0.001397 0.000106 -3.6e-05 0.05681 0.000822 0.06658 0.051306 -0.023591 0.045264 0.054349 0.02293 0.092683 -124.458168 -69.04097 141.843109 29.92366 -54.95359 14.341625 30.914167 0.435053 -0.130811 24.722168 26.136826 23.400543 17.670269 -26.375443 52.562923 -19.469015 -14.394569 29.461601 0.004831 -8.778557 -0.01528 15.910783 -18.454487 6.204435 -0.6142 -1.781754 -3.891262 -4.802511 -11.050358 -2.940955 0.022909 -20.961905 0.007988 -5.000021 -25.019976 -4.044261 3.9e-05 0.004363 0.009531 -10.63689 -5.675756 -3.567717 10.586557 -17.903622 -3.12477 0.013282 -13.802559 0.010558 -0.480798 -31.109217 -4.024099 -12.204782 -59.860645 8.310743 -13.977186 -7.129658 -2.888711 13.779482 -8.406946 -3.207652 0.380343 -34.198883 0.78396 -0.959495 -17.721519 2.63528 0.008012 -0.008261 -0.005958 -17.330433 -20.059849 -4.229346 21.750324 -1.665152 3.87656 0.001006 -6.342392 0.008375 -1.671208 -22.555922 -6.159757 0.001861 -0.003296 -0.004069 68.775017 -78.099922 124.745224 22.76825 -69.074654 6.917068 31.817791 0.121353 0.105716 2.072132 4.295445 17.155527 22.206223 -20.41938 50.009232 -16.686548 -16.733973 28.474928 -0.000555 -12.677744 0.016112 15.82525 -17.938959 2.716778 -0.101486 -1.504298 -4.280502 -5.037968 -5.607666 -2.96601 0.000615 -11.015859 0.015028 -6.109443 -15.881702 -3.841518 -0.001679 0.006714 4e-05 -10.275644 -5.665457 -4.346282 11.018827 -11.298998 -2.361384 -1.383644 -14.220388 -6.318035 -0.636053 -26.892038 -3.810406 -4.274126 -49.42823 -3.991812 -13.694665 -7.354612 -3.731658 18.122641 -14.038748 -3.243084 -0.004289 -18.766048 0.028608 -0.423833 -8.468871 2.557228 0.001182 0.015238 -0.006451 -15.918052 -20.081482 -5.491494 30.412117 -7.189226 1.74604 -0.004648 -8.170415 0.007356 -1.864605 -22.877769 -6.170596 0.001994 0.002654 -0.001383 -175.228424 -4.179386 -6.008709 8.62973 -0.041329 0.175762 -81.210686 -5.891484 -8.136306 -4.120722 1.591759 2.197294 -0.999677 0.002431 -0.00085 4.464542 -2.683119 2.299925 7.156003 -0.009244 0.123521 -80.189201 -1.316318 -5.347588 -4.171599 0.633238 1.68565 -0.996648 -0.000419 -4.7e-05 
0.0 0.0 0.0 0.0 -0.0 0.0 -3.562656 99.825577 -0.022794 89.333565 0.588892 88.892548 -1.13543 0.855895 -0.114833 -11.31445 -0.207786 -0.301458 13.869178 -1.389538 -2.61534 24.415375 -4.765341 2.584528 -2.638701 -0.497906 -0.834797 -31.658409 1.700101 -3.12023 0.002202 2.2e-05 0.000673 0.048706 0.001775 0.063288 0.055585 -0.016497 0.048241 0.064512 0.016891 0.083486 -124.593269 -68.74485 142.037781 29.930279 -55.400162 13.925258 28.799435 0.532595 -0.094226 23.643217 26.580656 21.586241 17.624708 -26.258139 52.379974 -19.431755 -14.377081 29.370924 0.003701 -8.761548 -0.008272 15.89949 -18.442322 6.19121 -0.604495 -1.778739 -3.884133 -4.821729 -11.066826 -2.950199 -0.004199 -20.960665 -0.001681 -5.023655 -25.028116 -4.036401 3e-05 0.001982 0.003775 -10.635919 -5.679455 -3.555079 10.553193 -17.910639 -3.125645 0.011805 -13.79754 -0.012011 -0.505645 -31.150469 -4.038976 -11.919428 -59.867817 8.055166 -13.987182 -7.146556 -2.867397 13.765571 -8.386509 -3.229758 0.332528 -34.15213 0.773306 -0.952544 -17.701159 2.597226 -0.006831 0.001563 0.004829 -17.350832 -20.097841 -4.204155 21.762295 -1.62392 3.866265 -0.02067 -6.348981 0.010612 -1.709356 -22.57102 -6.212032 -0.004641 0.002554 0.007766 68.387962 -77.989532 124.667152 22.68759 -68.837234 6.80995 31.783489 0.193509 0.073298 1.918407 4.323237 16.711102 22.184719 -20.395508 49.942547 -16.695745 -16.735388 28.472128 -0.005945 -12.679336 0.005549 15.76195 -17.910017 2.742969 -0.10804 -1.52587 -4.268515 -5.030885 -5.601489 -2.969517 0.003197 -11.021273 0.004628 -6.107481 -15.890718 -3.824926 0.003637 -0.007106 0.000205 -10.285086 -5.680401 -4.332802 11.032845 -11.305974 -2.377259 -1.373609 -14.232703 -6.315291 -0.603729 -26.927439 -3.823908 -4.231064 -49.498558 -4.000271 -13.702622 -7.356472 -3.727675 18.135994 -14.053737 -3.226774 0.007597 -18.792892 0.010457 -0.437705 -8.4518 2.547235 0.005298 0.008812 -0.011167 -15.907629 -20.0896 -5.483765 30.405226 -7.19552 1.73083 0.002383 -8.172587 0.008261 -1.856014 -22.868219 -6.142439 -0.000928 0.007844 4.1e-05 -175.280075 -4.047775 -5.979836 8.462428 -0.040216 0.178856 -81.052895 -5.887142 -8.154019 -4.157295 1.610148 2.19558 -0.99493 -0.005356 -0.001576 4.344851 -2.792196 2.307547 7.073319 -0.017605 0.132526 -80.250931 -1.292747 -5.43559 -4.160679 0.622255 1.67946 -0.991042 -0.000152 -5.5e-05 
0.0 0.0 0.0 0.0 -0.0 0.0 -3.433506 99.843491 -0.1047 89.414742 0.488383 88.932114 -1.100471 0.883458 -0.087576 -11.296768 -0.203744 -0.315169 13.829123 -1.381509 -2.577623 23.946461 -4.789665 2.585494 -2.6477 -0.502616 -0.754768 -31.697615 1.694104 -3.23694 3.9e-05 1.1e-05 0.000143 0.042815 0.006787 0.075544 0.046301 -0.006074 0.062547 0.049412 0.015944 0.094278 -124.775711 -68.863564 142.147247 30.004635 -55.777779 13.774328 27.435234 0.574705 -0.090336 22.552235 26.601864 20.120274 17.643167 -26.366074 52.465439 -19.462307 -14.370601 29.427639 -0.011306 -8.763663 -0.006773 15.894583 -18.435675 6.17305 -0.608122 -1.799133 -3.890826 -4.815102 -11.063639 -2.943011 0.027091 -20.988495 0.000314 -5.008617 -25.046158 -4.016415 0.003047 -0.005278 -0.011512 -10.626933 -5.668185 -3.565024 10.558224 -17.95085 -3.115451 0.001026 -13.834912 0.006287 -0.520218 -31.211998 -4.022111 -12.020276 -59.94302 8.12024 -13.980919 -7.150659 -2.873032 13.774363 -8.404773 -3.219693 0.355135 -34.224697 0.779777 -0.952506 -17.741947 2.630534 -0.005055 -0.006546 -0.003152 -17.329454 -20.091539 -4.210017 21.736275 -1.659897 3.857972 0.005869 -6.34724 -0.002021 -1.676986 -22.604895 -6.178545 0.001967 -0.001171 -0.000304 68.767868 -78.440025 124.783012 22.877266 -68.953926 6.615859 31.609426 0.193063 0.083201 1.780441 4.294618 16.340618 22.193611 -20.394749 49.992908 -16.675959 -16.758774 28.454292 -0.000514 -12.688902 0.01024 15.711114 -17.948881 2.75172 -0.092272 -1.51584 -4.280216 -5.04563 -5.603765 -2.957141 0.009652 -11.013993 0.007678 -6.101779 -15.880984 -3.84183 0.003073 -0.012291 0.005795 -10.276437 -5.668821 -4.349627 11.021392 -11.304619 -2.382129 -1.373381 -14.218586 -6.311131 -0.617528 -26.90884 -3.825244 -4.18587 -49.370564 -4.049524 -13.701062 -7.355259 -3.722606 18.135473 -14.049748 -3.252083 0.001001 -18.778835 0.013858 -0.409173 -8.465903 2.558307 0.000664 -0.001088 -0.003424 -15.914682 -20.084717 -5.488376 30.40954 -7.208223 1.743053 0.011877 -8.160575 -0.004967 -1.863942 -22.870211 -6.154259 0.007123 0.002771 -0.005348 -175.465332 -3.914833 -5.95718 8.469254 -0.035302 0.187786 -81.058777 -5.86242 -8.131976 -4.220245 1.631402 2.204363 -1.000982 0.001809 0.001172 4.184276 -2.92311 2.292705 7.074357 -0.028011 0.12651 -80.135414 -1.264673 -5.523928 -4.131409 0.620353 1.679174 -0.998667 0.000575 0.000158 
0.0 0.0 0.0 0.0 -0.0 0.0 -3.319433 99.856499 -0.118666 89.471992 0.365491 89.00618 -1.062055 0.902392 -0.076191 -11.278428 -0.201513 -0.296487 13.799546 -1.359228 -2.564971 23.503872 -4.767561 2.590408 -2.677674 -0.517006 -0.696762 -31.89187 1.7144 -3.342379 0.002081 -0.00086 -0.000456 0.046964 0.011887 0.09171 0.048263 0.007783 0.079152 0.05103 0.011149 0.106184 -124.924232 -69.066048 142.221436 30.124615 -56.006931 13.858861 26.707146 0.555431 -0.097117 21.509874 26.438433 18.952887 17.665106 -26.372486 52.539326 -19.519215 -14.405682 29.480713 -0.015612 -8.784501 0.004647 15.962813 -18.485977 6.100734 -0.601125 -1.81287 -3.903967 -4.808164 -11.056926 -2.957953 -0.00051 -21.031836 0.016487 -5.032187 -25.099319 -4.051442 -0.002415 -0.001466 -0.001704 -10.638734 -5.70195 -3.566809 10.586472 -17.966986 -3.141193 0.014723 -13.841746 -0.004737 -0.498133 -31.262848 -4.05113 -11.875301 -59.913059 8.03836 -13.980518 -7.171314 -2.871724 13.795173 -8.402133 -3.250785 0.363834 -34.25935 0.766324 -0.947453 -17.754774 2.615447 -0.000944 0.004176 -0.004505 -17.347975 -20.134418 -4.222107 21.768435 -1.658087 3.851046 0.008247 -6.341824 0.003954 -1.681015 -22.63327 -6.204109 -0.002053 0.006729 -0.009871 68.843643 -78.835312 125.124191 23.108747 -69.098022 6.428073 31.201738 0.185548 0.060236 1.67077 4.248859 16.054836 22.171997 -20.367556 49.93708 -16.709417 -16.739466 28.459961 -0.00384 -12.688583 0.01315 15.712283 -17.931519 2.749567 -0.107729 -1.516019 -4.262985 -5.038626 -5.613489 -2.958004 -0.001625 -11.033581 -0.009867 -6.114637 -15.916637 -3.842685 -0.001569 0.003535 0.000164 -10.287537 -5.677612 -4.332262 11.035503 -11.30422 -2.372987 -1.390545 -14.247244 -6.315071 -0.632192 -26.925554 -3.833544 -4.196308 -49.445316 -4.062353 -13.713483 -7.368667 -3.717119 18.15144 -14.052446 -3.2393 -0.005657 -18.784107 -0.013676 -0.433847 -8.461112 2.549763 0.007238 -0.006837 0.007192 -15.916957 -20.100691 -5.459754 30.412125 -7.192271 1.728288 -0.007312 -8.156727 -0.003285 -1.851238 -22.836376 -6.184018 0.010526 -0.015447 0.009745 -175.596451 -3.783181 -5.959208 8.395246 -0.038427 0.188665 -81.047585 -5.761754 -8.079409 -4.24612 1.62413 2.199544 -0.999866 -0.002789 -0.000618 4.06932 -3.04556 2.24438 7.024286 -0.033093 0.119092 -80.032883 -1.264001 -5.583819 -4.099502 0.618029 1.678606 -1.005071 0.000333 -3.8e-05 
0.0 0.0 0.0 0.0 -0.0 0.0 -3.185911 99.872032 -0.168234 89.533577 0.235849 89.125748 -1.020979 0.907662 -0.052706 -11.250473 -0.204357 -0.289844 13.775888 -1.324131 -2.552512 22.945105 -4.701248 2.585364 -2.673414 -0.542531 -0.628196 -31.999727 1.758262 -3.401218 -0.001859 -3.6e-05 -0.00033 0.042984 0.012991 0.098933 0.055364 0.018011 0.094355 0.060649 0.003985 0.111488 -124.988144 -68.840164 142.286728 30.148148 -55.714928 14.187844 26.338963 0.539449 -0.091293 20.253338 25.914749 17.845842 17.635174 -26.335485 52.408913 -19.443987 -14.381272 29.389774 0.004218 -8.77483 -0.010767 15.964257 -18.462381 6.038908 -0.592135 -1.794584 -3.902393 -4.823573 -11.052983 -2.909159 -0.016507 -20.966234 0.005104 -5.053603 -25.021637 -4.007623 0.006586 -0.004526 -0.01111 -10.611635 -5.699035 -3.571637 10.556586 -17.905256 -3.101653 -0.004968 -13.816577 0.017412 -0.514907 -31.126194 -4.027467 -11.766298 -59.540119 7.939311 -13.967834 -7.168097 -2.873239 13.765957 -8.380647 -3.218814 0.333022 -34.245171 0.775818 -0.981756 -17.753485 2.59714 -0.007663 0.005813 0.008431 -17.329483 -20.108572 -4.205869 21.761122 -1.625398 3.884877 0.000568 -6.341375 -0.00741 -1.704317 -22.584063 -6.19135 -0.002971 -0.00128 0.008181 68.042931 -78.649811 125.364357 23.493502 -68.873505 6.114626 30.525652 0.121857 0.042587 1.543254 4.139838 15.851359 22.201193 -20.361019 49.93655 -16.684423 -16.746124 28.465696 0.013044 -12.704199 -0.01419 15.781955 -17.998581 2.791457 -0.113996 -1.514834 -4.275495 -5.046719 -5.613209 -2.947654 -0.008553 -11.018373 0.002207 -6.124419 -15.89899 -3.850263 -0.004738 0.002887 0.018032 -10.301953 -5.683699 -4.326005 11.036318 -11.297494 -2.374162 -1.398733 -14.23801 -6.325259 -0.631072 -26.920315 -3.833921 -4.216987 -49.560089 -4.008918 -13.728856 -7.370599 -3.711839 18.135786 -14.031273 -3.236439 -0.008019 -18.773441 0.004079 -0.425173 -8.44661 2.545223 0.005825 -0.009715 0.011037 -15.956121 -20.106726 -5.468222 30.433847 -7.176541 1.747106 -0.010227 -8.162975 0.009975 -1.880164 -22.841183 -6.173292 -0.00185 0.017232 0.00892 -175.798279 -3.650942 -5.969633 8.390186 -0.036607 0.192393 -80.95739 -5.629925 -7.972363 -4.263293 1.611699 2.195251 -1.003617 0.003519 0.000106 3.931661 -3.180117 2.181739 6.988055 -0.035374 0.114163 -80.025787 -1.298661 -5.64306 -4.084545 0.610396 1.675318 -0.990535 -8.5e-05 -5.9e-05 
0.0 0.0 0.0 0.0 -0.0 0.0 -3.083517 99.895149 -0.211622 89.582176 0.099673 89.247902 -0.983739 0.910479 -0.062795 -11.208628 -0.198393 -0.252824 13.747679 -1.268692 -2.546468 22.40053 -4.655536 2.57779 -2.683743 -0.574783 -0.573963 -32.257656 1.832747 -3.393104 0.001561 -0.000772 -0.000502 0.035423 0.015372 0.105289 0.080292 0.021652 0.102084 0.07361 0.002685 0.112058 -125.183174 -69.129845 142.32637 30.486658 -55.725254 14.862997 26.417862 0.45777 -0.099869 18.951155 25.262541 17.00725 17.673807 -26.447933 52.588799 -19.52743 -14.439162 29.493795 -0.01272 -8.807254 0.003222 16.019773 -18.539192 6.083304 -0.604555 -1.794871 -3.909627 -4.810867 -11.063229 -2.931251 0.01402 -21.015306 0.006361 -5.040608 -25.082598 -4.040318 0.00297 -0.004248 -0.000375 -10.638002 -5.684803 -3.566955 10.599287 -17.962461 -3.107898 0.022013 -13.833289 -0.019887 -0.496652 -31.233992 -4.020409 -11.931802 -59.839718 8.101785 -14.002158 -7.16366 -2.887183 13.798268 -8.416193 -3.225951 0.362202 -34.269032 0.79208 -0.941869 -17.76 2.623584 0.002753 -0.002556 0.00022 -17.362556 -20.126616 -4.198894 21.813578 -1.638938 3.861004 -0.009919 -6.357198 0.011577 -1.676941 -22.618284 -6.225053 0.001714 0.000459 -0.001098 68.474236 -79.216614 125.54673 24.3599 -69.169724 5.719022 29.636847 0.11957 0.056341 1.318701 3.93254 15.797214 22.210972 -20.443359 50.074486 -16.740873 -16.773542 28.549191 -0.006256 -12.702199 -0.000941 15.79252 -17.969746 2.806127 -0.110839 -1.52252 -4.283062 -5.038332 -5.618281 -2.94915 0.008886 -11.043124 0.003991 -6.099228 -15.923379 -3.854516 9.2e-05 0.002696 -0.006378 -10.293602 -5.678284 -4.323318 11.057074 -11.323037 -2.395825 -1.373409 -14.261166 -6.332952 -0.603496 -26.973808 -3.828491 -4.258597 -49.660656 -3.868177 -13.718021 -7.363667 -3.715324 18.165583 -14.096004 -3.252674 0.022365 -18.841246 -0.009122 -0.426679 -8.474848 2.550638 -0.003401 -0.002129 0.008517 -15.925157 -20.113913 -5.477716 30.444069 -7.22189 1.715742 0.000355 -8.180795 0.016202 -1.847542 -22.917164 -6.173195 -0.004193 0.010419 -0.008842 -175.934723 -3.53712 -5.992142 8.259768 -0.043547 0.191242 -80.838776 -5.514484 -7.915014 -4.274249 1.593887 2.185719 -0.999965 -0.002917 -0.000305 3.85533 -3.280247 2.092587 6.826415 -0.035434 0.119941 -79.876945 -1.348817 -5.669429 -4.081913 0.594348 1.673351 -0.998615 -6.1e-05 6.9e-05 
0.0 0.0 0.0 0.0 -0.0 0.0 -2.996326 99.910355 -0.250951 89.623016 -0.030428 89.360558 -0.938567 0.914426 -0.047577 -11.177576 -0.200183 -0.258374 13.735315 -1.198309 -2.518925 21.822306 -4.614501 2.557942 -2.65856 -0.603321 -0.46629 -32.541245 1.900756 -3.342704 0.0 -0.0 0.0 0.028569 0.019518 0.111796 0.075999 0.028593 0.114893 0.072232 0.008008 0.117272 -125.306786 -69.201591 142.344849 30.698671 -55.419498 15.737695 26.72024 0.407999 -0.121187 17.53141 24.347143 16.299221 17.647284 -26.415522 52.592419 -19.517704 -14.42277 29.477262 -0.00542 -8.787241 0.011817 16.005009 -18.539093 6.094584 -0.612107 -1.814888 -3.91106 -4.817625 -11.063969 -2.935072 0.018105 -21.018534 -0.014857 -5.019599 -25.08877 -4.026705 0.00235 0.001233 0.011254 -10.660975 -5.727021 -3.571741 10.608726 -17.934477 -3.142104 -0.005073 -13.840134 0.006214 -0.512168 -31.21554 -4.009246 -11.904156 -59.77932 8.054811 -14.014515 -7.186641 -2.887903 13.803156 -8.413792 -3.211026 0.367401 -34.229534 0.740307 -0.971988 -17.746346 2.660179 0.007698 -0.005744 -0.008028 -17.372822 -20.146547 -4.208477 21.793716 -1.642009 3.847051 -0.000339 -6.346353 -0.000967 -1.687954 -22.623266 -6.190166 -0.001406 -0.005884 0.008337 68.223846 -79.372307 125.738213 25.329327 -69.214958 5.193015 28.741396 0.146672 0.075639 1.073754 3.655153 15.626288 22.216446 -20.399572 50.018284 -16.727791 -16.767986 28.546822 0.002287 -12.709131 -0.010929 15.818318 -17.930391 2.792994 -0.108998 -1.519144 -4.273095 -5.040698 -5.614676 -2.961531 0.006654 -11.039325 0.005283 -6.109859 -15.923304 -3.856205 0.004664 0.00373 -0.012143 -10.297913 -5.68465 -4.326002 11.051296 -11.321417 -2.378978 -1.381254 -14.270958 -6.353261 -0.637287 -27.003839 -3.836573 -4.270885 -49.833015 -3.884055 -13.724323 -7.373024 -3.728133 18.163151 -14.065969 -3.240113 0.008132 -18.806696 0.001537 -0.430735 -8.480811 2.55128 -0.011734 0.015839 0.009882 -15.939109 -20.110783 -5.47343 30.43951 -7.197991 1.731491 -0.00569 -8.17412 -0.00381 -1.864567 -22.89139 -6.168358 0.0 -0.009815 -0.005 -176.126953 -3.446487 -6.046623 8.256126 -0.047804 0.182214 -80.673576 -5.382268 -7.852398 -4.270305 1.586433 2.18705 -0.998823 0.00193 -0.000303 3.728291 -3.375625 2.023615 6.768129 -0.032241 0.116826 -79.804718 -1.396257 -5.687696 -4.07154 0.586093 1.672194 -0.994282 4.4e-05 5.3e-05 
0.0 0.0 0.0 0.0 -0.0 0.0 -2.884536 99.920914 -0.29817 89.652451 -0.143677 89.461349 -0.896135 0.916506 -0.059741 -11.143897 -0.200145 -0.259946 13.730118 -1.108149 -2.49943 21.340792 -4.592919 2.544455 -2.663493 -0.63471 -0.347545 -32.854031 2.001736 -3.255616 0.00345 0.000648 0.000242 0.031694 0.023231 0.113705 0.076337 0.031927 0.114958 0.065669 0.010394 0.117924 -125.344795 -69.332123 142.295776 31.133076 -55.094467 16.547935 27.120998 0.35151 -0.112698 16.113014 23.240316 15.71915 17.626926 -26.352362 52.485497 -19.53414 -14.425548 29.489609 -0.003286 -8.797138 -0.007962 16.009396 -18.530039 6.114599 -0.597608 -1.795903 -3.916341 -4.834747 -11.085079 -2.942065 0.008764 -21.02018 -0.008133 -5.032667 -25.108587 -4.015574 -0.003108 0.004865 -0.000301 -10.638443 -5.703545 -3.572705 10.592645 -17.95237 -3.132415 0.01052 -13.852428 0.005554 -0.48529 -31.235657 -4.038087 -11.900514 -59.95224 8.066106 -13.996856 -7.16507 -2.876648 13.799142 -8.422596 -3.239312 0.387278 -34.27924 0.737801 -0.963244 -17.759151 2.625895 -0.001593 -0.003352 0.000987 -17.359503 -20.12431 -4.218174 21.795111 -1.651146 3.857876 0.006609 -6.3452 0.004908 -1.673264 -22.625904 -6.224004 -0.0 -0.005963 0.009576 68.142746 -79.574867 125.932533 26.380245 -69.189697 4.593992 27.893101 0.154771 0.092476 0.854037 3.327334 15.325912 22.191521 -20.419149 50.025963 -16.701626 -16.76096 28.517773 0.000218 -12.693565 0.000332 15.773405 -17.849758 2.779675 -0.110521 -1.508537 -4.282366 -5.03841 -5.620337 -2.956336 -0.002028 -11.03261 -0.001977 -6.113076 -15.916689 -3.82071 0.0 -0.001007 -0.006205 -10.292248 -5.681836 -4.348051 11.033737 -11.306053 -2.366727 -1.38067 -14.249654 -6.328908 -0.629261 -26.962221 -3.830008 -4.218809 -49.582573 -3.893256 -13.708185 -7.363945 -3.726699 18.139103 -14.065248 -3.238051 0.00508 -18.820566 -0.002811 -0.434688 -8.450861 2.548146 0.006992 -0.005713 0.015012 -15.931265 -20.109398 -5.478429 30.430269 -7.18713 1.729069 -0.003968 -8.167639 0.011405 -1.855381 -22.885696 -6.190135 -0.001622 0.008357 -0.00905 -176.36879 -3.361074 -6.102546 8.396465 -0.054398 0.191775 -80.837006 -5.265522 -7.806197 -4.271142 1.585972 2.182865 -0.996049 -0.00018 -0.000418 3.614069 -3.465149 1.935538 6.726792 -0.028545 0.126546 -79.805717 -1.441565 -5.726708 -4.062948 0.576975 1.671515 -0.998592 0.000319 0.000263 
0.0 0.0 0.0 0.0 -0.0 0.0 -2.766922 99.933945 -0.316913 89.678711 -0.246031 89.559448 -0.84852 0.917866 -0.064323 -11.112582 -0.206445 -0.287782 13.700083 -1.008811 -2.462417 20.818777 -4.576362 2.550669 -2.646888 -0.643461 -0.228269 -33.016056 2.113382 -3.131549 0.0 -0.0 0.0 0.028868 0.022619 0.112513 0.086602 0.029506 0.112183 0.072631 0.012711 0.120425 -125.447685 -69.342133 142.287994 31.673801 -54.632648 17.332798 27.477886 0.293742 -0.135723 14.775117 22.073145 15.13901 17.661669 -26.37475 52.521301 -19.484123 -14.449414 29.460241 -0.015305 -8.798749 0.002149 15.936481 -18.50486 6.183773 -0.612974 -1.800874 -3.919817 -4.79564 -11.046936 -2.921144 0.020445 -20.994404 0.006465 -5.001121 -25.062531 -4.034539 -0.001889 0.00488 0.0001 -10.643896 -5.69469 -3.589089 10.614376 -17.932262 -3.095529 0.021716 -13.827173 -0.00998 -0.492321 -31.217041 -4.015285 -12.005428 -59.83709 8.198561 -13.995385 -7.164284 -2.897891 13.805143 -8.405691 -3.209449 0.371933 -34.21381 0.771498 -0.954283 -17.735968 2.636821 -0.003289 0.001718 0.002312 -17.355156 -20.115723 -4.227192 21.793953 -1.650633 3.885016 0.010554 -6.335841 0.010508 -1.691786 -22.587717 -6.207268 -0.000271 -0.005639 -0.00127 67.698975 -79.509056 126.061432 27.438848 -69.21917 3.965608 27.175766 0.125445 0.081736 0.711106 2.962468 14.947642 22.178013 -20.411383 50.038845 -16.71072 -16.762512 28.532448 -0.00934 -12.69076 0.012428 15.756474 -17.803259 2.781588 -0.100835 -1.51063 -4.281648 -5.042884 -5.619656 -2.958376 0.010271 -11.016187 0.009909 -6.089124 -15.893155 -3.852941 0.003151 -0.004984 -0.006233 -10.283715 -5.671506 -4.339072 11.034498 -11.311852 -2.382243 -1.377145 -14.235456 -6.317091 -0.602004 -26.943554 -3.846757 -4.203311 -49.461685 -3.886919 -13.706603 -7.348272 -3.698181 18.159828 -14.061387 -3.279493 0.015251 -18.789076 -0.019893 -0.434689 -8.45549 2.576858 -0.001614 -0.000431 0.001137 -15.914207 -20.092472 -5.483879 30.440634 -7.224418 1.727858 -0.006107 -8.156596 -0.002471 -1.829425 -22.876741 -6.14872 -0.004477 -0.002707 0.0 -176.515015 -3.269527 -6.113502 8.396211 -0.053669 0.188717 -80.861221 -5.18318 -7.758326 -4.276408 1.587984 2.180235 -1.007325 -0.003736 -0.001596 3.579261 -3.550274 1.855572 6.572254 -0.036288 0.134914 -79.695282 -1.481226 -5.759942 -4.050698 0.568712 1.669494 -0.998703 0.000336 4.7e-05 
0.0 0.0 0.0 0.0 -0.0 0.0 -2.683126 99.940872 -0.39185 89.698875 -0.324026 89.615654 -0.801032 0.922875 -0.074403 -11.082864 -0.20533 -0.288813 13.695449 -0.906873 -2.465905 20.424866 -4.572714 2.60476 -2.634672 -0.641506 -0.114002 -33.277096 2.217003 -2.983612 -0.003171 0.000506 2.7e-05 0.032506 0.026112 0.115235 0.080262 0.030136 0.111771 0.07315 0.016559 0.125851 -125.686752 -69.505356 142.445023 32.153858 -54.247192 18.146063 27.810812 0.277671 -0.145264 13.649761 21.021585 14.673657 17.671124 -26.368132 52.523247 -19.502119 -14.408182 29.415773 0.002118 -8.794123 0.011188 15.979383 -18.450916 6.141227 -0.616007 -1.792819 -3.887572 -4.817643 -11.072495 -2.931944 -0.001843 -21.025513 0.005473 -5.029479 -25.091394 -4.038647 0.002326 -0.000384 -0.009303 -10.656294 -5.706834 -3.545083 10.583199 -17.933949 -3.116421 -0.009476 -13.843173 -0.017271 -0.49651 -31.238052 -4.047974 -11.808498 -59.809883 7.995996 -14.013322 -7.159959 -2.872731 13.789797 -8.411652 -3.226293 0.314036 -34.278568 0.789707 -0.966489 -17.749262 2.609433 -0.001757 -0.010486 0.019589 -17.395512 -20.13641 -4.183223 21.802715 -1.627748 3.873233 -0.003569 -6.350406 0.005707 -1.702597 -22.629332 -6.239536 0.003024 -0.006104 -0.0 67.425087 -79.718719 126.595985 28.37953 -69.31501 3.407204 26.73172 0.116894 0.113981 0.576342 2.603313 14.651734 22.191923 -20.411776 50.043797 -16.703789 -16.761717 28.499454 0.002819 -12.704023 -0.001071 15.779535 -17.789356 2.791253 -0.100916 -1.509754 -4.268612 -5.045022 -5.618627 -2.95692 -0.000138 -11.024659 -0.005492 -6.109116 -15.909999 -3.850245 0.001266 -0.005975 -0.005658 -10.291113 -5.67549 -4.34868 11.034066 -11.315408 -2.348809 -1.372579 -14.252876 -6.340039 -0.617587 -26.91975 -3.828756 -4.200816 -49.468544 -3.872008 -13.720272 -7.363341 -3.71747 18.160398 -14.055083 -3.245867 0.000744 -18.797365 -0.007172 -0.433559 -8.467652 2.560223 -0.00548 0.017052 0.001017 -15.938245 -20.10647 -5.483706 30.443689 -7.204996 1.746432 -0.000441 -8.174795 0.010408 -1.861722 -22.878304 -6.171504 -0.007765 0.009765 0.000235 -176.75119 -3.197991 -6.06759 8.587045 -0.055415 0.186004 -80.841721 -5.161417 -7.720068 -4.307277 1.592322 2.180858 -0.99947 -0.006899 -0.002277 3.448668 -3.627719 1.826322 6.614004 -0.041257 0.142028 -79.698502 -1.532422 -5.789397 -4.051527 0.56324 1.665337 -0.992003 -4.6e-05 -5.3e-05 
0.0 0.0 0.0 0.0 -0.0 0.0 -2.621071 99.940094 -0.424239 89.7183 -0.375585 89.6353 -0.754002 0.924551 -0.060027 -11.071136 -0.210922 -0.318562 13.695097 -0.80815 -2.452576 20.065859 -4.556047 2.647284 -2.622586 -0.627554 0.043603 -33.423336 2.308979 -2.818018 -0.000132 9.8e-05 -0.000602 0.035924 0.027355 0.119751 0.080164 0.027068 0.116756 0.069838 0.025534 0.129591 -125.835472 -69.557068 142.542664 32.751499 -53.8265 18.761131 28.068384 0.24155 -0.116867 12.590633 19.933254 14.226255 17.643686 -26.30723 52.444748 -19.452927 -14.403187 29.431139 -0.003868 -8.780466 -0.018896 15.895862 -18.352694 6.164078 -0.617394 -1.770732 -3.89902 -4.807996 -11.058183 -2.92616 0.01932 -20.946167 -0.010543 -4.993957 -25.008442 -4.003747 0.005532 0.006202 -0.006452 -10.642429 -5.667325 -3.584977 10.57657 -17.930124 -3.108544 0.004221 -13.812117 0.013724 -0.496886 -31.175198 -4.018672 -11.699059 -59.549183 7.959732 -13.991135 -7.128203 -2.884495 13.776341 -8.4157 -3.204508 0.385506 -34.227753 0.763798 -0.957609 -17.725262 2.628044 0.005099 -0.006915 -0.012438 -17.348457 -20.06901 -4.222857 21.76548 -1.653337 3.865751 -0.004415 -6.345407 0.020574 -1.686506 -22.588676 -6.20686 0.000206 0.00422 0.012957 66.990082 -79.669434 126.812698 29.257061 -69.329483 2.771117 26.407623 0.042695 0.088323 0.530995 2.292876 14.399275 22.194809 -20.438959 50.034626 -16.733047 -16.756653 28.51671 -0.006393 -12.70293 0.00862 15.794693 -17.739166 2.765791 -0.103287 -1.517211 -4.278819 -5.042415 -5.614591 -2.967412 0.009371 -11.028936 -0.007358 -6.105614 -15.903054 -3.832472 -0.001946 -0.001522 1.3e-05 -10.282788 -5.672763 -4.348835 11.036751 -11.326426 -2.380826 -1.357334 -14.255527 -6.322351 -0.602866 -26.951641 -3.834019 -4.225023 -49.557037 -3.821444 -13.713049 -7.360449 -3.720952 18.167557 -14.083091 -3.247782 0.016105 -18.841686 0.00625 -0.41671 -8.463681 2.560541 -0.007194 0.001132 0.004716 -15.913622 -20.104502 -5.496816 30.428329 -7.216032 1.733055 0.007803 -8.177505 0.003542 -1.837087 -22.905397 -6.17851 -0.001708 0.000878 0.005526 -176.912537 -3.132627 -5.980271 8.736188 -0.052681 0.181096 -80.824142 -5.220194 -7.670384 -4.358407 1.578392 2.173268 -0.99299 -0.001108 0.001531 3.337341 -3.700383 1.806418 6.702474 -0.039378 0.140056 -79.742744 -1.534419 -5.800558 -4.075095 0.567109 1.664508 -0.999118 0.000523 0.000163 
0.0 0.0 0.0 0.0 -0.0 0.0 -2.503596 99.947067 -0.438914 89.733643 -0.419697 89.611809 -0.724702 0.929033 -0.054687 -11.066296 -0.215994 -0.343035 13.707703 -0.708778 -2.457397 19.824404 -4.541259 2.676306 -2.617712 -0.618023 0.23335 -33.563427 2.429734 -2.617906 -6.9e-05 0.000581 8.8e-05 0.036197 0.031301 0.122202 0.09397 0.023643 0.120067 0.094012 0.030794 0.130605 -125.890404 -69.878456 142.507523 33.530346 -53.674274 19.43387 28.314949 0.246045 -0.134421 11.714274 19.02659 13.918845 17.648012 -26.341959 52.467602 -19.473764 -14.391873 29.427631 0.005916 -8.777728 -0.005607 15.890165 -18.260759 6.177443 -0.617451 -1.811517 -3.882631 -4.791414 -11.052996 -2.966599 0.005436 -20.992344 0.024154 -4.997538 -25.058161 -4.079941 -0.002639 0.00624 0.01175 -10.651805 -5.705863 -3.572513 10.590612 -17.93458 -3.111922 -0.004947 -13.839346 -0.00854 -0.507212 -31.22467 -4.027925 -11.66976 -59.669682 7.827671 -13.990333 -7.164099 -2.879591 13.773616 -8.407263 -3.198261 0.371873 -34.24815 0.736074 -0.950382 -17.728348 2.608236 -0.012421 -0.005713 -0.000143 -17.352556 -20.143429 -4.205852 21.768444 -1.62252 3.875781 -0.006602 -6.353922 0.001922 -1.666508 -22.617817 -6.234929 0.002032 -0.00734 0.011399 67.35743 -80.079681 127.028214 30.316481 -69.615318 2.133875 26.327887 0.011442 0.066324 0.484856 1.984872 14.105572 22.201429 -20.419027 49.993271 -16.754494 -16.7654 28.526331 -0.001962 -12.71443 -0.006743 15.861539 -17.768066 2.767517 -0.102009 -1.520746 -4.264134 -5.039114 -5.625183 -2.961418 0.007278 -11.045671 -0.011387 -6.103117 -15.930222 -3.812539 0.001515 -0.002933 -0.001114 -10.282504 -5.685675 -4.344347 11.037562 -11.33585 -2.364453 -1.368984 -14.25691 -6.337964 -0.615117 -26.980522 -3.809283 -4.261596 -49.599827 -3.811536 -13.715054 -7.372577 -3.708257 18.170135 -14.088862 -3.256501 0.01263 -18.82271 -0.007953 -0.426857 -8.465389 2.561697 -0.007582 0.001504 -0.011243 -15.926867 -20.132849 -5.474439 30.45883 -7.222601 1.73293 0.003077 -8.18074 -0.005691 -1.856073 -22.882853 -6.168138 -0.006397 1e-06 0.010891 -176.966583 -3.034732 -5.911921 8.741652 -0.053536 0.189066 -80.886185 -5.333294 -7.601052 -4.415001 1.567874 2.174797 -1.000139 -0.000384 0.00031 3.336813 -3.777834 1.803859 6.585505 -0.045169 0.140888 -79.713028 -1.550829 -5.827137 -4.124753 0.573539 1.666684 -0.997646 -0.000333 -7.4e-05 
0.0 0.0 0.0 0.0 -0.0 0.0 -2.418877 99.942268 -0.440927 89.746819 -0.459385 89.55983 -0.70808 0.936442 -0.054569 -11.069357 -0.227913 -0.376344 13.71537 -0.611994 -2.46766 19.60569 -4.499705 2.725098 -2.623471 -0.612449 0.447501 -33.502888 2.564241 -2.390824 0.003397 -1.3e-05 -5.2e-05 0.033204 0.031189 0.12254 0.097576 0.023934 0.123677 0.097581 0.033159 0.128618 -125.915115 -69.843781 142.520874 34.217789 -53.313332 19.939177 28.438709 0.211946 -0.145033 10.948708 18.115946 13.636893 17.612398 -26.329884 52.394871 -19.553007 -14.392032 29.425882 -0.015085 -8.768937 0.019664 15.834168 -18.17569 6.205623 -0.602929 -1.800039 -3.898571 -4.798802 -11.064779 -2.931338 0.024594 -21.016626 0.00301 -4.994744 -25.077303 -4.030817 -0.001948 0.010416 0.008585 -10.63379 -5.684313 -3.541401 10.605117 -17.965994 -3.144974 0.009712 -13.84786 -0.007013 -0.450446 -31.271341 -4.041745 -11.684622 -59.708813 7.899986 -13.976296 -7.142247 -2.846572 13.786047 -8.435224 -3.246963 0.398104 -34.274109 0.747871 -0.929492 -17.760529 2.617598 0.0 0.006501 0.00363 -17.334909 -20.124897 -4.197076 21.766777 -1.654935 3.865701 0.016597 -6.348085 -0.014369 -1.669837 -22.621672 -6.190449 -0.002297 0.000751 0.005237 66.532028 -79.754333 127.295235 31.127659 -69.402931 1.512061 26.369095 -0.014843 0.058302 0.461919 1.676752 13.776304 22.207319 -20.295677 49.839489 -16.698109 -16.754799 28.429171 0.00328 -12.705924 0.006447 15.879086 -17.784197 2.72699 -0.096405 -1.50381 -4.278771 -5.052685 -5.624982 -2.941839 -0.002255 -11.026142 0.003675 -6.125492 -15.902929 -3.849025 -0.000254 -0.006496 -9.3e-05 -10.284609 -5.676201 -4.347385 11.028588 -11.311237 -2.363478 -1.388867 -14.241195 -6.315055 -0.627801 -26.923634 -3.837339 -4.303691 -49.53093 -3.786801 -13.71697 -7.366837 -3.722582 18.161652 -14.061916 -3.24349 0.006816 -18.78714 -0.011586 -0.419718 -8.472758 2.546913 -0.007711 0.007944 0.000594 -15.934834 -20.112333 -5.478376 30.446672 -7.209047 1.763587 0.003979 -8.167332 -0.000557 -1.850451 -22.862633 -6.204508 -0.000669 0.0 0.008456 -177.079742 -2.962155 -5.877439 8.886102 -0.051751 0.190684 -80.991188 -5.459058 -7.536317 -4.469561 1.576594 2.175538 -0.993607 -0.001531 0.001415 3.247707 -3.852359 1.822681 6.645878 -0.045797 0.142407 -79.690926 -1.533732 -5.83992 -4.201009 0.578589 1.667135 -0.997826 -0.000212 0.000184 
0.0 0.0 0.0 0.0 -0.0 0.0 -2.334435 99.94487 -0.455483 89.749435 -0.491916 89.488853 -0.706913 0.943891 -0.062826 -11.07814 -0.237808 -0.418395 13.725391 -0.51491 -2.475389 19.48665 -4.448858 2.757358 -2.638971 -0.620552 0.705656 -33.458981 2.709103 -2.196652 -0.003355 -9.1e-05 0.0 0.023417 0.033341 0.127845 0.098042 0.024756 0.129281 0.08784 0.03675 0.133705 -125.945412 -70.116791 142.492615 35.054691 -53.128452 20.485306 28.556849 0.183048 -0.148051 10.341528 17.297924 13.405759 17.625679 -26.310698 52.378407 -19.508476 -14.408859 29.416853 -0.006706 -8.779593 0.007475 15.799073 -18.154364 6.201338 -0.611137 -1.800258 -3.896215 -4.802126 -11.054193 -2.933482 0.01865 -20.99205 -0.004425 -5.007779 -25.048531 -4.048536 0.00819 0.005184 0.005292 -10.645559 -5.69632 -3.566442 10.597869 -17.944805 -3.107308 0.020482 -13.8323 -0.012248 -0.489441 -31.210573 -4.024666 -11.528297 -59.466122 7.721701 -13.9965 -7.160988 -2.870697 13.799604 -8.405225 -3.224385 0.370712 -34.248692 0.756775 -0.944057 -17.750578 2.611938 -0.008556 -0.007546 -0.000807 -17.346157 -20.104273 -4.21375 21.772423 -1.663523 3.872127 0.01494 -6.332122 -0.010734 -1.691088 -22.628126 -6.186462 0.006147 -0.003074 -0.001192 66.554886 -79.969109 127.612007 32.113792 -69.530495 0.850967 26.562639 -0.039783 0.067352 0.454363 1.406419 13.487523 22.213205 -20.38586 49.972977 -16.727213 -16.755581 28.497328 0.000216 -12.703712 -0.00889 15.907183 -17.80294 2.756729 -0.096441 -1.498763 -4.284037 -5.048411 -5.625101 -2.949764 0.004433 -11.027654 0.002558 -6.097945 -15.896854 -3.861212 -0.001517 -0.006907 0.005649 -10.282887 -5.670161 -4.34996 11.032074 -11.316615 -2.371363 -1.381738 -14.24569 -6.325087 -0.61998 -26.938457 -3.833264 -4.353281 -49.637695 -3.738595 -13.714827 -7.356719 -3.726155 18.147846 -14.052097 -3.256524 -0.002878 -18.799236 0.00993 -0.436948 -8.457882 2.558116 0.00334 0.002056 -0.000468 -15.923041 -20.10037 -5.478637 30.437857 -7.197509 1.733351 -0.009097 -8.156209 0.006074 -1.859059 -22.862053 -6.176487 0.003887 0.00241 -0.005382 -177.138596 -2.900652 -5.885609 8.942699 -0.04767 0.202369 -81.011627 -5.571878 -7.489438 -4.493568 1.589999 2.182614 -1.003603 -0.004246 0.000132 3.217208 -3.906413 1.81801 6.604187 -0.057752 0.159691 -79.666237 -1.500786 -5.858475 -4.221151 0.585883 1.669638 -0.997736 -6.6e-05 -0.000294 
0.0 0.0 0.0 0.0 -0.0 0.0 -2.277073 99.946358 -0.446716 89.745033 -0.513258 89.38488 -0.705943 0.94925 -0.076682 -11.089572 -0.244469 -0.471947 13.725144 -0.425698 -2.493617 19.423286 -4.385565 2.792364 -2.635114 -0.617175 0.961359 -33.363453 2.835449 -1.977051 0.0034 -0.0 -0.0 0.020296 0.03476 0.130563 0.091718 0.024511 0.13556 0.09508 0.039198 0.133431 -125.964279 -70.180382 142.505615 35.714157 -52.886292 21.116589 28.644171 0.199392 -0.15491 9.871203 16.662436 13.212618 17.631922 -26.304226 52.458832 -19.528305 -14.422834 29.472363 0.001706 -8.802183 0.00286 15.77528 -18.145849 6.236889 -0.600036 -1.788091 -3.903123 -4.811244 -11.076163 -2.91912 0.023314 -21.003265 -0.026117 -4.99377 -25.060829 -4.064266 -0.0 -0.002585 0.005652 -10.639924 -5.685941 -3.554551 10.604935 -17.954382 -3.147512 -0.000238 -13.849077 -0.013229 -0.491841 -31.242088 -4.056157 -11.474109 -59.473888 7.627563 -13.998748 -7.15689 -2.870586 13.799705 -8.417302 -3.247972 0.373567 -34.269245 0.75311 -0.958847 -17.750628 2.623426 0.00508 -0.005727 -0.001967 -17.347046 -20.125933 -4.216506 21.767454 -1.64312 3.86113 -0.000353 -6.350856 -0.00173 -1.689106 -22.599186 -6.218231 -0.001861 -0.001635 0.007445 65.774467 -79.750031 128.080536 32.841087 -69.511467 0.223455 26.854767 -0.067832 0.07568 0.488631 1.214506 13.135966 22.183109 -20.39373 49.976322 -16.725452 -16.748314 28.505625 -0.003605 -12.697119 -0.004802 15.902771 -17.841833 2.769673 -0.099846 -1.513829 -4.271533 -5.037948 -5.62213 -2.959373 0.0016 -11.034828 -0.002275 -6.101901 -15.916041 -3.850944 -0.003516 0.000922 0.000587 -10.284501 -5.683611 -4.33146 11.041648 -11.309284 -2.402881 -1.398349 -14.265587 -6.309286 -0.623603 -26.982708 -3.861255 -4.433038 -49.752235 -3.735388 -13.705796 -7.363676 -3.718445 18.144663 -14.064284 -3.236692 0.001302 -18.808733 -0.008079 -0.42017 -8.447351 2.548143 -0.012953 -0.000374 0.010915 -15.910669 -20.107801 -5.475438 30.413979 -7.19609 1.729235 -0.001733 -8.157558 -0.00439 -1.867255 -22.866205 -6.161454 0.004206 0.009303 -0.009367 -177.136581 -2.857221 -5.924645 8.946648 -0.044937 0.209159 -81.024544 -5.639288 -7.456013 -4.50506 1.595583 2.181232 -1.000085 -0.00073 -0.000634 3.209369 -3.948851 1.809302 6.548701 -0.060724 0.16959 -79.5215 -1.397921 -5.862805 -4.231369 0.593623 1.671529 -1.002137 0.000603 -0.000463 
0.0 0.0 0.0 0.0 -0.0 0.0 -2.188555 99.953262 -0.450174 89.734001 -0.527469 89.25061 -0.711245 0.952011 -0.085898 -11.101668 -0.245308 -0.539472 13.705403 -0.340351 -2.500727 19.439888 -4.324753 2.826895 -2.636083 -0.611932 1.226899 -33.164055 2.970795 -1.783594 0.000211 0.000106 0.000119 0.017604 0.038309 0.14471 0.099055 0.026183 0.147977 0.092286 0.044869 0.149003 -125.965248 -70.304588 142.49263 36.426643 -52.655804 21.774019 28.671465 0.207375 -0.144551 9.457493 15.976206 13.139863 17.662245 -26.326551 52.439922 -19.478291 -14.3877 29.415306 0.005619 -8.780548 0.000629 15.716283 -18.04948 6.234357 -0.604061 -1.782135 -3.911099 -4.821298 -11.075793 -2.941325 -0.020979 -21.027483 -0.002262 -5.052 -25.107941 -4.048285 -0.006574 0.001916 0.002882 -10.635337 -5.687949 -3.583597 10.567439 -17.937231 -3.113885 -0.011957 -13.829307 -0.008017 -0.519239 -31.185045 -4.029318 -11.470784 -59.18111 7.611214 -14.000102 -7.162773 -2.883147 13.79038 -8.396651 -3.221648 0.33933 -34.246983 0.778541 -0.948177 -17.754267 2.609107 0.001585 -0.003477 -0.000331 -17.363989 -20.122677 -4.211514 21.782125 -1.644019 3.87314 0.003057 -6.34561 -0.000395 -1.677984 -22.638334 -6.231914 0.000499 -0.00174 -0.007452 65.654671 -79.841835 128.385284 33.694172 -69.515968 -0.560457 27.24708 -0.078849 0.070421 0.560712 1.097338 12.671094 22.223932 -20.413113 50.021824 -16.730457 -16.758307 28.500343 0.003145 -12.702587 -0.006149 15.941312 -17.901262 2.770653 -0.103473 -1.519492 -4.270125 -5.046366 -5.620021 -2.957229 0.003191 -11.047416 -0.00042 -6.115935 -15.928887 -3.849184 0.000521 0.005897 -0.004926 -10.296263 -5.68658 -4.335572 11.039209 -11.317048 -2.377044 -1.394929 -14.257688 -6.329344 -0.637873 -26.97753 -3.824855 -4.450892 -49.723202 -3.737092 -13.733756 -7.380255 -3.719422 18.169798 -14.071839 -3.246066 -0.00311 -18.838417 0.001297 -0.424845 -8.473063 2.560701 0.000519 -0.007309 0.003695 -15.951424 -20.127525 -5.466486 30.466875 -7.198483 1.736474 -0.004288 -8.183859 0.015346 -1.848807 -22.898664 -6.186049 -0.011507 0.007533 0.002229 -177.100998 -2.800768 -5.97842 8.893028 -0.041691 0.214778 -80.968117 -5.705291 -7.396233 -4.522858 1.59234 2.178569 -0.995962 -0.003611 -0.000191 3.250446 -3.995675 1.775253 6.409781 -0.061696 0.184176 -79.480484 -1.259261 -5.863473 -4.243278 0.604129 1.676607 -0.999078 0.000721 4.9e-05 
0.0 0.0 0.0 0.0 -0.0 0.0 -2.091859 99.951195 -0.410756 89.715782 -0.524419 89.114182 -0.723597 0.95908 -0.114632 -11.099748 -0.235503 -0.577508 13.668763 -0.254143 -2.519781 19.536119 -4.267995 2.858881 -2.624043 -0.623567 1.472583 -32.950413 3.129064 -1.576018 -0.00306 0.00036 0.000132 0.02146 0.038114 0.15204 0.092864 0.027836 0.153785 0.085998 0.042577 0.157169 -126.049202 -70.553665 142.552292 37.267639 -52.619404 22.451389 28.7607 0.163174 -0.111019 9.162976 15.385029 13.188824 17.714901 -26.434076 52.659657 -19.554359 -14.423161 29.517076 -0.002899 -8.790175 0.003718 15.646512 -17.989544 6.224041 -0.608904 -1.788447 -3.917939 -4.821933 -11.078012 -2.961828 0.017367 -21.024427 0.005407 -5.012448 -25.095074 -4.048516 0.005905 -0.008049 -0.007357 -10.659529 -5.703918 -3.590654 10.60338 -17.985641 -3.140548 -0.000256 -13.865499 -0.000436 -0.512605 -31.292437 -4.017812 -11.496703 -59.420647 7.654975 -14.02382 -7.170154 -2.901178 13.824812 -8.432766 -3.243695 0.374463 -34.321827 0.778347 -0.945253 -17.789637 2.637734 0.0 0.010676 0.004665 -17.378063 -20.152742 -4.248823 21.801888 -1.662784 3.88331 0.006141 -6.352201 -0.005261 -1.705402 -22.659597 -6.224905 0.001257 -0.007471 0.003475 65.468445 -80.007843 128.900131 34.532543 -69.568932 -1.271505 27.604015 -0.055737 0.112433 0.668792 1.021946 12.155245 22.214869 -20.428711 50.023457 -16.723387 -16.764233 28.515591 -0.000251 -12.70303 -0.010247 15.935185 -17.915167 2.75756 -0.100362 -1.515014 -4.29452 -5.045178 -5.616663 -2.960007 -0.003633 -11.029094 -0.003826 -6.118928 -15.905906 -3.835635 0.003202 -0.0 0.001394 -10.287419 -5.684614 -4.345641 11.042256 -11.321128 -2.388675 -1.370593 -14.267001 -6.314576 -0.623762 -26.986795 -3.832869 -4.498985 -49.703476 -3.688456 -13.72029 -7.371012 -3.754746 18.162676 -14.072287 -3.231901 0.000104 -18.818996 0.016876 -0.42817 -8.446568 2.564463 0.001399 0.001044 0.0 -15.927805 -20.119337 -5.501498 30.461882 -7.211889 1.747162 -0.00099 -8.171085 0.004347 -1.868038 -22.898148 -6.159518 0.000602 -0.010983 -0.002374 -177.051392 -2.746325 -5.996733 8.897053 -0.040476 0.205926 -81.072197 -5.797194 -7.316297 -4.515543 1.59363 2.178349 -0.993528 0.001146 0.000517 3.325994 -4.036424 1.758456 6.270881 -0.06329 0.206911 -79.43029 -1.167994 -5.867332 -4.277383 0.611492 1.680831 -0.997795 -0.000167 0.000381 
0.0 0.0 0.0 0.0 -0.0 0.0 -2.01036 99.955353 -0.38439 89.672142 -0.524462 88.939026 -0.727545 0.970261 -0.118424 -11.113688 -0.234231 -0.630308 13.617164 -0.172817 -2.511141 19.66448 -4.212657 2.86502 -2.630336 -0.62603 1.70136 -32.718655 3.253611 -1.376498 -0.003164 5.9e-05 -0.000223 0.021968 0.036135 0.151541 0.09001 0.023783 0.154244 0.086531 0.040497 0.15699 -125.881493 -70.506874 142.436523 37.876602 -52.375198 23.031815 28.910978 0.141089 -0.147226 8.879465 14.776724 13.283259 17.614912 -26.317575 52.399708 -19.475986 -14.400341 29.410454 -0.006078 -8.772369 0.005277 15.614022 -17.906921 6.206497 -0.616582 -1.815092 -3.898779 -4.79818 -11.051551 -2.928649 0.011508 -21.010006 -0.016118 -5.026088 -25.071409 -4.027852 0.00016 -0.000733 -0.0006 -10.63509 -5.69297 -3.557629 10.587248 -17.936779 -3.123893 0.0001 -13.823649 -0.006254 -0.487307 -31.172817 -4.021391 -11.384883 -59.014324 7.605309 -13.992301 -7.158234 -2.864578 13.781019 -8.411331 -3.230415 0.355544 -34.234222 0.75909 -0.961442 -17.753977 2.617388 0.011431 0.007088 0.005844 -17.350645 -20.121807 -4.203154 21.769386 -1.642403 3.84957 0.00521 -6.339946 0.008099 -1.694281 -22.591997 -6.201992 0.000678 0.00558 0.001011 65.014488 -79.721001 128.971375 35.173328 -69.376648 -1.98566 27.914188 -0.0554 0.125346 0.771156 1.011181 11.71383 22.202633 -20.396221 50.015533 -16.707432 -16.735697 28.468908 -0.006206 -12.687669 -0.013945 15.924405 -17.861382 2.737652 -0.096239 -1.508471 -4.286348 -5.043524 -5.624685 -2.954393 -0.001667 -11.0432 0.005463 -6.119329 -15.925185 -3.85487 0.001565 0.000749 0.0 -10.280184 -5.678015 -4.342131 11.034868 -11.3135 -2.384693 -1.381023 -14.247988 -6.337924 -0.614544 -26.952543 -3.83398 -4.533607 -49.62286 -3.631927 -13.711893 -7.361103 -3.71443 18.153767 -14.05679 -3.255748 0.002555 -18.791796 -0.005788 -0.419824 -8.465146 2.550985 -0.005899 -0.002657 0.003313 -15.916065 -20.111828 -5.48013 30.410786 -7.206163 1.718552 0.002864 -8.161615 0.003714 -1.845078 -22.878906 -6.153624 0.004262 -0.000777 -0.000994 -176.93486 -2.686855 -5.977653 8.774869 -0.041233 0.191873 -80.964363 -5.932789 -7.214582 -4.497387 1.593444 2.17172 -0.995041 -0.004612 -0.001018 3.420533 -4.075583 1.776994 6.109889 -0.058521 0.207265 -79.274574 -1.072352 -5.845909 -4.32209 0.622549 1.684439 -0.997773 -3e-05 0.000137 
0.0 0.0 0.0 0.0 -0.0 0.0 -1.946106 99.949623 -0.33589 89.665359 -0.519991 88.814957 -0.743333 0.976586 -0.13475 -11.107933 -0.22608 -0.651074 13.53045 -0.098176 -2.510987 19.807573 -4.165999 2.878187 -2.619983 -0.633367 1.867261 -32.435333 3.373918 -1.170969 0.003418 -0.000534 -0.000496 0.028818 0.032218 0.143791 0.090035 0.018663 0.146514 0.089869 0.040315 0.150362 -125.683815 -70.704903 142.192535 38.502365 -52.290508 23.682322 29.154802 0.080562 -0.148887 8.705363 14.229063 13.515429 17.609533 -26.305981 52.390598 -19.50071 -14.408295 29.43491 -0.007147 -8.775093 0.002439 15.602333 -17.862875 6.184992 -0.606998 -1.790197 -3.885584 -4.792224 -11.045163 -2.941538 0.014004 -20.992317 -0.000545 -5.008637 -25.03231 -4.009272 -0.002948 -0.012213 -0.005306 -10.618851 -5.656658 -3.561663 10.577814 -17.957588 -3.119154 0.022898 -13.827266 -0.008706 -0.475402 -31.200472 -4.036182 -11.447282 -59.057613 7.689911 -13.981515 -7.136707 -2.858828 13.793367 -8.410854 -3.237358 0.385053 -34.21389 0.74955 -0.948706 -17.729343 2.623602 -0.001547 0.001716 -4.2e-05 -17.321344 -20.071463 -4.188894 21.744648 -1.653682 3.847264 0.001516 -6.339367 0.001603 -1.690376 -22.59042 -6.19768 0.006219 -0.0 0.002353 65.393639 -79.896873 128.907166 35.826527 -69.290146 -2.61444 28.085716 -0.052884 0.133672 0.857025 0.986711 11.368823 22.20179 -20.311085 49.857132 -16.713667 -16.736584 28.44776 -0.008785 -12.686915 -0.004134 15.96366 -17.830404 2.721404 -0.100922 -1.512421 -4.272963 -5.035506 -5.613203 -2.949973 0.011362 -11.023149 -0.011923 -6.10244 -15.910811 -3.845829 0.000813 -4.9e-05 0.01334 -10.273642 -5.671402 -4.334016 11.032625 -11.311702 -2.375702 -1.374966 -14.231479 -6.314602 -0.615294 -26.940762 -3.821698 -4.569474 -49.550961 -3.581992 -13.701274 -7.356821 -3.714326 18.154276 -14.05619 -3.253311 0.007849 -18.789148 -0.000894 -0.411279 -8.472649 2.535913 0.001865 0.008319 0.001175 -15.9152 -20.09269 -5.47458 30.43725 -7.214732 1.739821 -0.00335 -8.15367 -0.006214 -1.87484 -22.864529 -6.15658 0.000717 -0.000701 -0.00099 -176.872131 -2.631958 -5.93756 8.752271 -0.040529 0.185707 -80.977036 -6.070348 -7.11463 -4.486198 1.580714 2.168344 -0.991983 0.000516 0.001345 3.457112 -4.124899 1.813848 6.056487 -0.045885 0.202718 -79.183235 -1.023192 -5.817509 -4.347238 0.62603 1.684051 -1.005129 7.4e-05 -3.4e-05 
0.0 0.0 0.0 0.0 -0.0 0.0 -1.868122 99.935623 -0.280144 89.666092 -0.502871 88.681862 -0.764787 0.974168 -0.14103 -11.122304 -0.223397 -0.681698 13.464849 -0.029126 -2.502472 19.963064 -4.116793 2.848212 -2.63217 -0.636004 2.049067 -32.230709 3.468098 -1.004544 -0.003011 0.000426 0.000701 0.029488 0.030325 0.14037 0.080481 0.016113 0.142346 0.063686 0.039904 0.149967 -125.651657 -70.247093 142.278229 38.796795 -51.887161 24.248348 29.431421 0.058412 -0.11997 8.658876 13.757951 13.93757 17.626049 -26.28591 52.391953 -19.413704 -14.356185 29.360846 0.014018 -8.768311 -0.001573 15.611661 -17.841238 6.148088 -0.612204 -1.807115 -3.891824 -4.812445 -11.06047 -2.938389 -0.01824 -20.971888 0.001024 -5.013775 -25.045275 -4.046243 -0.002596 -0.009429 0.0011 -10.625967 -5.691572 -3.565536 10.535173 -17.917728 -3.102528 -0.008529 -13.82482 -0.002167 -0.532264 -31.181702 -4.041653 -11.343992 -59.013657 7.455014 -13.978091 -7.176009 -2.876361 13.759972 -8.387321 -3.207769 0.330609 -34.215363 0.754252 -0.962351 -17.779102 2.59278 -0.00869 0.008813 0.001953 -17.330469 -20.105812 -4.211535 21.710819 -1.628051 3.874477 -0.005815 -6.333312 -0.007197 -1.693946 -22.581064 -6.196238 -0.005844 0.004567 -0.005966 63.422035 -78.97879 129.574387 35.762291 -68.616135 -2.802223 28.203196 -0.037828 0.151681 0.902211 0.955305 11.172854 22.141403 -20.364317 49.901131 -16.656013 -16.730974 28.431067 0.00898 -12.669863 0.005868 15.941496 -17.812498 2.73192 -0.101413 -1.511508 -4.26609 -5.030665 -5.602181 -2.934307 -0.002583 -11.004853 0.002859 -6.108111 -15.864244 -3.826817 0.003173 -0.00709 0.001106 -10.263656 -5.67319 -4.323538 11.005454 -11.28275 -2.34929 -1.391596 -14.221616 -6.31926 -0.633252 -26.923603 -3.83523 -4.675483 -49.524437 -3.549484 -13.685568 -7.354908 -3.69121 18.103554 -14.01257 -3.219934 -0.014342 -18.750927 -0.002713 -0.424859 -8.459967 2.555307 0.002744 -0.00702 -0.003859 -15.906964 -20.063908 -5.438539 30.363535 -7.159023 1.737044 -0.014286 -8.151374 -0.010867 -1.873701 -22.830315 -6.145701 0.001111 -0.00778 -0.005847 -176.874237 -2.56503 -5.900119 8.874173 -0.048034 0.175954 -81.174805 -6.212218 -7.025769 -4.460266 1.57909 2.162105 -0.996105 0.004689 0.002032 3.464961 -4.18448 1.836595 6.078273 -0.043367 0.194612 -79.273827 -0.954863 -5.805995 -4.376793 0.626204 1.68367 -0.992554 0.000587 0.000116 
0.0 0.0 0.0 0.0 -0.0 0.0 -1.770018 99.920746 -0.226061 89.671188 -0.500364 88.617363 -0.802619 0.965414 -0.146278 -11.135382 -0.216988 -0.696344 13.416397 0.036677 -2.521875 20.081703 -4.086128 2.827953 -2.631942 -0.631596 2.177832 -32.059189 3.555099 -0.866641 -0.000433 0.000699 -0.000176 0.039175 0.029274 0.137632 0.067149 0.014238 0.1387 0.060126 0.038973 0.144819 -125.481041 -70.352455 142.034821 39.35183 -51.883099 24.664871 29.844994 -0.003757 -0.134102 8.659424 13.344017 14.429611 17.63373 -26.294004 52.359921 -19.438354 -14.38645 29.353514 0.001157 -8.769921 0.000159 15.595505 -17.809959 6.144667 -0.600135 -1.789706 -3.890148 -4.812958 -11.036721 -2.930589 -0.000522 -20.966208 0.003689 -5.029743 -25.031288 -4.014639 -0.00169 -0.016908 0.000161 -10.62202 -5.679314 -3.571176 10.552798 -17.917402 -3.095469 -0.004732 -13.81998 0.002112 -0.521646 -31.177399 -4.016757 -11.416902 -58.96014 7.53582 -13.969252 -7.156383 -2.86642 13.764541 -8.367437 -3.226226 0.330825 -34.164528 0.795482 -0.948611 -17.713692 2.61614 -0.003471 0.009216 0.004886 -17.335217 -20.10824 -4.192941 21.749193 -1.625776 3.865523 -0.003257 -6.336865 0.006086 -1.711461 -22.589148 -6.18008 0.004436 0.001431 0.002218 63.348808 -79.020706 129.789795 36.193119 -68.618675 -3.077759 28.272968 -0.042941 0.145942 0.91159 0.922902 11.091681 22.151672 -20.371853 49.902824 -16.690228 -16.722246 28.437037 -0.009761 -12.663437 0.012107 15.905723 -17.772839 2.746081 -0.114905 -1.517079 -4.253287 -5.01897 -5.601514 -2.95269 0.007041 -11.006822 -0.005139 -6.09288 -15.867182 -3.813682 0.003186 -0.000792 -0.005232 -10.267271 -5.664435 -4.303947 11.013601 -11.297549 -2.391332 -1.375926 -14.230995 -6.308178 -0.612818 -26.90494 -3.802855 -4.653666 -49.55555 -3.455652 -13.70486 -7.352459 -3.703343 18.13644 -14.051214 -3.242605 -0.004288 -18.769823 0.004209 -0.442226 -8.458153 2.556253 0.000697 0.010378 0.004638 -15.895898 -20.064043 -5.461294 30.371593 -7.199125 1.726978 -0.008278 -8.155382 0.009323 -1.850877 -22.826237 -6.13598 -0.00531 -0.011446 -0.009814 -176.904984 -2.494929 -5.881504 9.01783 -0.051432 0.187748 -81.223869 -6.314244 -6.922779 -4.443549 1.582616 2.165517 -0.998703 -0.001609 1.9e-05 3.482615 -4.255442 1.838969 6.081156 -0.040417 0.180533 -79.302284 -0.873612 -5.812575 -4.366668 0.626406 1.683033 -0.998692 0.000254 0.000178 
0.0 0.0 0.0 0.0 -0.0 0.0 -1.691137 99.907951 -0.183268 89.670853 -0.493894 88.576469 -0.840404 0.962233 -0.135952 -11.147644 -0.210868 -0.713113 13.374327 0.094775 -2.546851 20.164232 -4.051545 2.831971 -2.629263 -0.611021 2.25463 -31.859756 3.613257 -0.760553 -0.002936 -0.0 -2.7e-05 0.0369 0.027648 0.135913 0.074728 0.013078 0.136913 0.054521 0.037588 0.143074 -125.278267 -70.404182 141.743454 39.775028 -51.863586 25.002565 30.240974 -0.038879 -0.141137 8.721912 13.015903 14.943873 17.594658 -26.215757 52.246723 -19.438387 -14.392347 29.340919 -0.00179 -8.764512 0.004665 15.58793 -17.744339 6.092672 -0.607829 -1.784313 -3.874024 -4.794817 -11.022752 -2.938308 0.022521 -20.948137 -0.011941 -5.010017 -24.998871 -4.023624 0.000229 0.000297 -0.000161 -10.622476 -5.67195 -3.55157 10.581294 -17.877762 -3.123224 0.011074 -13.790902 0.003065 -0.465128 -31.10248 -4.035373 -11.396625 -58.836201 7.540921 -13.966815 -7.127697 -2.861787 13.768719 -8.391398 -3.222228 0.369651 -34.170322 0.775339 -0.94795 -17.69503 2.621304 -0.005765 -0.010958 0.004946 -17.320986 -20.054499 -4.186795 21.749622 -1.638108 3.853506 0.001241 -6.327962 0.002946 -1.675064 -22.55394 -6.201233 -0.007009 0.007402 -0.001185 63.364212 -79.139305 130.043701 36.449062 -68.455223 -3.327875 28.265518 -0.062202 0.149509 0.857348 0.887588 11.128419 22.151705 -20.282669 49.782963 -16.68726 -16.710144 28.386143 -0.014248 -12.672552 0.00968 15.894872 -17.783754 2.736584 -0.095412 -1.515777 -4.287901 -5.044389 -5.605182 -2.938419 0.002189 -11.003749 0.008676 -6.100294 -15.870085 -3.843136 9.6e-05 3.7e-05 -0.000366 -10.264773 -5.670447 -4.325542 11.017414 -11.290794 -2.377867 -1.372677 -14.201542 -6.298766 -0.616467 -26.845945 -3.818754 -4.632507 -49.310738 -3.461713 -13.678545 -7.348869 -3.714763 18.119452 -14.04795 -3.236245 0.029514 -18.775661 -0.009459 -0.411165 -8.43122 2.544798 -0.006571 0.009314 0.001594 -15.886472 -20.067703 -5.47012 30.382704 -7.189578 1.730303 0.003918 -8.157688 0.005466 -1.83617 -22.846342 -6.142452 -0.009346 0.002356 -0.009887 -176.940735 -2.443263 -5.852028 9.180075 -0.052532 0.18416 -81.420708 -6.404154 -6.858738 -4.413932 1.567344 2.160721 -0.99546 0.000596 0.00029 3.51095 -4.306787 1.82741 6.084728 -0.045243 0.168949 -79.343575 -0.809555 -5.832209 -4.346061 0.620983 1.681376 -0.995753 -0.000109 -7.4e-05 
0.0 0.0 0.0 0.0 -0.0 0.0 -1.616639 99.915443 -0.196288 89.662521 -0.479941 88.549911 -0.866063 0.967466 -0.123788 -11.164463 -0.208229 -0.735383 13.352839 0.145198 -2.547326 20.237669 -4.011119 2.830665 -2.623435 -0.582438 2.315006 -31.673462 3.65083 -0.673077 1.7e-05 -0.0 0.000436 0.036069 0.02782 0.135706 0.06992 0.014472 0.13695 0.056094 0.037834 0.142763 -125.270874 -70.484993 141.660736 40.102398 -51.910767 25.292187 30.684059 -0.04168 -0.126315 8.821318 12.810427 15.465968 17.562918 -26.196348 52.261868 -19.47253 -14.374502 29.378506 0.000408 -8.76989 -0.00073 15.634995 -17.771219 6.103827 -0.616537 -1.8057 -3.875415 -4.792014 -11.024571 -2.939104 0.008752 -20.949717 -0.00933 -4.976704 -24.990017 -4.048482 -0.005319 -0.001052 0.007216 -10.620992 -5.681284 -3.550641 10.549253 -17.913805 -3.127689 0.005817 -13.814239 -0.016976 -0.481534 -31.174671 -4.05486 -11.264194 -59.011898 7.428004 -13.966444 -7.154958 -2.861347 13.749732 -8.382244 -3.217829 0.362402 -34.133209 0.726464 -0.948344 -17.704782 2.604549 -0.004303 0.006139 0.003752 -17.322212 -20.086403 -4.193015 21.725372 -1.63983 3.855352 -0.005423 -6.327383 -0.008427 -1.676113 -22.574654 -6.200836 -0.004592 0.000148 -0.00155 63.195534 -79.271362 130.585678 36.578587 -68.3283 -3.383158 28.251858 -0.059033 0.149391 0.818714 0.818933 11.29356 22.17421 -20.282658 49.824501 -16.675596 -16.722931 28.405613 0.000995 -12.676813 -0.006618 15.930242 -17.821703 2.74022 -0.108534 -1.512075 -4.279203 -5.048855 -5.615502 -2.952891 -0.00143 -11.008448 -0.000419 -6.125549 -15.891582 -3.837944 0.000497 -0.005554 0.005403 -10.300817 -5.687313 -4.338047 11.029063 -11.275629 -2.385196 -1.39423 -14.237001 -6.305413 -0.621597 -26.897465 -3.843453 -4.623869 -49.434895 -3.542742 -13.713896 -7.362102 -3.716325 18.129278 -14.031511 -3.243442 -0.010094 -18.757343 0.000309 -0.415701 -8.448671 2.543381 -0.0038 0.000502 -0.004692 -15.933052 -20.089376 -5.474394 30.421085 -7.186554 1.751503 -0.003844 -8.152057 -0.003992 -1.855148 -22.809603 -6.166918 6.3e-05 0.006555 0.008237 -176.891632 -2.393623 -5.825358 9.121639 -0.052861 0.176624 -81.387924 -6.486731 -6.805958 -4.408263 1.580086 2.162773 -0.998676 0.004526 -8.4e-05 3.62051 -4.335488 1.78006 5.919642 -0.044886 0.167192 -79.246605 -0.761337 -5.834363 -4.32486 0.607932 1.675492 -1.002332 0.000582 1.4e-05 
0.0 0.0 0.0 0.0 -0.0 0.0 -1.58201 99.918121 -0.148103 89.65921 -0.462689 88.533745 -0.889432 0.974971 -0.11989 -11.180587 -0.203839 -0.743375 13.330224 0.17912 -2.549004 20.230154 -3.960595 2.828311 -2.6167 -0.575176 2.36809 -31.460804 3.67937 -0.623004 -0.003446 0.000663 0.000238 0.033359 0.028342 0.136067 0.054156 0.012827 0.139607 0.04651 0.039434 0.141757 -125.357498 -70.421227 141.678909 40.354027 -51.896187 25.359621 31.020756 -0.051268 -0.113836 8.845774 12.617366 15.953662 17.583969 -26.266174 52.359116 -19.472696 -14.413188 29.408182 -0.001033 -8.78188 0.003525 15.67296 -17.781115 6.119528 -0.612947 -1.80882 -3.891369 -4.798661 -11.041803 -2.942893 -0.005296 -20.968849 -0.008979 -5.009569 -25.006809 -4.040387 0.003914 -0.007522 -0.002623 -10.637388 -5.678586 -3.550216 10.564196 -17.934902 -3.13206 0.001591 -13.817439 -0.010138 -0.499208 -31.164494 -4.03769 -11.374807 -59.086853 7.512968 -13.984031 -7.151313 -2.866721 13.770759 -8.396844 -3.227792 0.343964 -34.175022 0.744706 -0.956838 -17.699041 2.598385 -0.001332 -0.009323 0.000966 -17.351492 -20.106117 -4.192199 21.761799 -1.631369 3.854824 -0.00332 -6.341132 -0.004448 -1.686792 -22.608067 -6.216306 0.008113 -0.001535 -0.001031 62.75642 -79.222656 131.008911 36.620266 -68.19986 -3.415242 28.100067 -0.037664 0.14437 0.706561 0.727787 11.504917 22.169245 -20.301291 49.838291 -16.712366 -16.736156 28.403694 0.001711 -12.687463 0.003092 15.932514 -17.855381 2.732726 -0.09074 -1.508831 -4.256778 -5.042176 -5.618044 -2.94799 -0.004909 -11.024316 -0.010298 -6.118441 -15.910485 -3.837703 0.001448 -0.004655 0.006744 -10.275795 -5.673627 -4.306311 11.024767 -11.295715 -2.382052 -1.388042 -14.23639 -6.321416 -0.626113 -26.919001 -3.836197 -4.656466 -49.5396 -3.512712 -13.706903 -7.360954 -3.696345 18.157314 -14.049166 -3.243052 0.006345 -18.779963 -0.015907 -0.440488 -8.443577 2.555171 -1.3e-05 0.012277 -0.000659 -15.923408 -20.079704 -5.44495 30.432909 -7.189365 1.740494 -0.000425 -8.162292 -0.019315 -1.851937 -22.834026 -6.179928 0.00026 -0.014879 -0.006639 -176.752289 -2.357231 -5.792817 8.942536 -0.049646 0.171519 -81.263779 -6.549869 -6.766451 -4.380648 1.587698 2.165813 -0.996062 0.001045 0.001324 3.732993 -4.353938 1.701687 5.798471 -0.044851 0.17317 -79.186363 -0.715774 -5.832802 -4.319396 0.594952 1.672604 -0.998099 0.00021 0.000218 
0.0 0.0 0.0 0.0 -0.0 0.0 -1.505921 99.91687 -0.076375 89.66037 -0.452682 88.54113 -0.912442 0.983055 -0.114575 -11.193978 -0.208286 -0.743035 13.308942 0.200283 -2.538645 20.231054 -3.906063 2.83591 -2.624742 -0.579585 2.411353 -31.355873 3.700533 -0.637098 -2.3e-05 0.001046 -0.000142 0.03029 0.029462 0.145106 0.051135 0.011662 0.149079 0.051373 0.041933 0.149781 -125.620377 -70.390923 141.874725 40.517975 -51.83567 25.453684 31.247652 -0.034023 -0.082502 8.804934 12.456906 16.240732 17.68083 -26.309851 52.403946 -19.42631 -14.357763 29.358404 0.008683 -8.767829 -0.009756 15.684238 -17.775091 6.137814 -0.613409 -1.800827 -3.877087 -4.807261 -11.049694 -2.942266 -0.016866 -20.984398 0.000517 -5.02467 -25.045872 -4.027408 -0.001858 -0.004972 -0.001858 -10.63358 -5.693653 -3.551504 10.555115 -17.932646 -3.111765 -0.022497 -13.833784 0.004485 -0.510895 -31.19381 -4.045493 -11.4452 -59.09874 7.529529 -13.977853 -7.158796 -2.86489 13.75062 -8.403802 -3.208424 0.33107 -34.243397 0.770428 -0.964247 -17.763138 2.619282 -0.006383 0.008634 -0.000678 -17.359507 -20.112764 -4.189483 21.746752 -1.629534 3.867053 -0.009186 -6.346062 0.006963 -1.702868 -22.60671 -6.211474 0.004639 0.003096 0.006566 62.440865 -79.280739 131.552872 36.569004 -68.128227 -3.279076 27.994997 -0.042848 0.144266 0.609886 0.64204 11.834639 22.187786 -20.373934 49.94685 -16.684788 -16.722784 28.471222 0.000576 -12.689013 0.004684 15.995522 -17.882318 2.73023 -0.110739 -1.509577 -4.292596 -5.033214 -5.609665 -2.931592 -0.008942 -11.012253 0.00113 -6.123642 -15.889443 -3.844819 -0.000232 -0.009479 0.010852 -10.293137 -5.683495 -4.344934 11.025849 -11.303128 -2.363424 -1.386877 -14.240273 -6.316554 -0.63281 -26.908482 -3.827301 -4.704407 -49.488091 -3.465796 -13.720916 -7.370472 -3.733559 18.140205 -14.056243 -3.228635 8.3e-05 -18.799713 -0.004457 -0.431429 -8.474874 2.570196 -0.008046 0.01454 -0.015068 -15.931987 -20.106417 -5.482255 30.397017 -7.184511 1.751854 0.003757 -8.186498 0.009833 -1.869789 -22.867701 -6.168573 0.001788 -0.000646 0.008712 -176.63327 -2.3012 -5.777089 8.811925 -0.048904 0.176228 -81.263771 -6.576371 -6.738793 -4.367108 1.587902 2.166398 -0.998738 -0.002482 -0.001025 3.844843 -4.37764 1.608632 5.674146 -0.045426 0.181427 -79.122871 -0.696794 -5.842156 -4.300093 0.576377 1.669519 -1.002275 0.00034 6.6e-05 
0.0 0.0 0.0 0.0 -0.0 0.0 -1.495637 99.910828 -0.046832 89.673187 -0.44572 88.569588 -0.934802 0.978914 -0.111166 -11.198064 -0.220384 -0.745601 13.2637 0.21335 -2.529753 20.171894 -3.842668 2.830498 -2.622348 -0.589751 2.441695 -31.164843 3.719888 -0.692053 -0.00061 9.7e-05 0.000201 0.033384 0.028429 0.152304 0.054286 0.011712 0.158802 0.047668 0.038752 0.156548 -125.835556 -70.297775 142.023605 40.652081 -51.843712 25.410561 31.310041 -0.017304 -0.069271 8.640969 12.2737 16.314531 17.627605 -26.312033 52.416195 -19.470217 -14.386374 29.415371 -0.000499 -8.77567 -0.004421 15.594721 -17.769499 6.150717 -0.609381 -1.789715 -3.898185 -4.801458 -11.052745 -2.931522 0.011966 -20.969503 -0.002615 -5.019083 -25.027794 -4.039641 0.008997 0.0 -0.002315 -10.630409 -5.677578 -3.574128 10.575015 -17.934658 -3.108901 -0.002943 -13.81615 -0.00439 -0.499652 -31.201046 -4.007797 -11.511512 -59.156509 7.625002 -13.97625 -7.145998 -2.882833 13.766086 -8.397017 -3.223178 0.366235 -34.200214 0.769114 -0.959656 -17.72217 2.604839 -0.003123 0.005089 0.003074 -17.342304 -20.094252 -4.210618 21.753349 -1.647113 3.866564 0.012763 -6.336329 -0.003308 -1.699604 -22.577198 -6.18 -0.004679 0.006039 -0.003098 61.755978 -78.966545 131.797562 36.179337 -67.803452 -3.097522 27.773771 -0.107952 0.137652 0.471743 0.547074 12.111685 22.14275 -20.329824 49.918255 -16.660721 -16.709009 28.430996 0.004884 -12.66393 -0.01174 15.933426 -17.877485 2.73358 -0.099605 -1.505568 -4.261756 -5.023095 -5.599789 -2.95054 -0.001235 -10.996675 -0.011204 -6.096868 -15.866521 -3.829279 0.002722 -0.004699 0.006772 -10.257644 -5.661065 -4.328277 10.998104 -11.273848 -2.367667 -1.370767 -14.21489 -6.315375 -0.6076 -26.895468 -3.842104 -4.702238 -49.485481 -3.446301 -13.693155 -7.343503 -3.701163 18.120674 -14.007113 -3.237998 0.00312 -18.747498 -0.001331 -0.436077 -8.411435 2.554199 -0.000577 0.000328 -0.007086 -15.892491 -20.047913 -5.464924 30.364973 -7.1713 1.733985 0.002337 -8.143811 0.001109 -1.878412 -22.796558 -6.156363 0.001417 -0.002094 -0.0 -176.611481 -2.275755 -5.78127 8.814573 -0.052211 0.184681 -81.318138 -6.555787 -6.743682 -4.380952 1.598643 2.168343 -0.995286 -0.010621 -0.001619 3.865036 -4.40967 1.50593 5.705204 -0.05069 0.181474 -79.176346 -0.670987 -5.855015 -4.299462 0.57188 1.668058 -1.002558 -0.000112 -0.000621 
0.0 0.0 0.0 0.0 -0.0 0.0 -1.468379 99.911842 0.004161 89.686874 -0.442421 88.628983 -0.966873 0.970764 -0.107859 -11.209819 -0.233348 -0.743554 13.233365 0.212079 -2.545636 20.115673 -3.766122 2.832631 -2.621407 -0.615784 2.425696 -31.085455 3.727448 -0.77987 -0.002281 0.000253 0.00034 0.028495 0.029582 0.160865 0.049391 0.014715 0.167223 0.059216 0.036185 0.162277 -126.019081 -70.292328 142.187912 40.666676 -51.821327 25.216599 31.228989 0.050188 -0.049797 8.459053 12.128344 16.322567 17.60437 -26.309433 52.399307 -19.473055 -14.389016 29.425354 0.001595 -8.776527 0.011484 15.610447 -17.776485 6.183077 -0.624648 -1.793473 -3.892906 -4.801356 -11.06507 -2.945142 0.009137 -20.985674 0.00216 -5.019094 -25.04435 -4.022884 0.001468 0.005809 -0.002384 -10.635874 -5.675716 -3.573458 10.563257 -17.943541 -3.102347 0.006435 -13.827549 -0.004311 -0.50522 -31.167458 -4.026521 -11.44961 -59.122772 7.58432 -13.990285 -7.150377 -2.879936 13.770604 -8.415698 -3.211011 0.347877 -34.236893 0.766844 -0.955911 -17.757481 2.618912 0.005287 0.000532 0.002679 -17.343504 -20.10104 -4.201434 21.756403 -1.636577 3.859812 -0.00803 -6.351525 0.000492 -1.693859 -22.572784 -6.193377 -8e-06 -0.006076 0.002911 61.596375 -78.907631 131.919876 35.881992 -67.853935 -2.934107 27.625273 -0.17686 0.127844 0.3308 0.437799 12.416409 22.142323 -20.308224 49.850281 -16.677927 -16.714355 28.433252 0.002153 -12.664766 -0.000743 15.941284 -17.902557 2.711026 -0.100667 -1.509127 -4.261494 -5.029615 -5.606488 -2.958493 -0.005873 -11.004561 -0.004325 -6.099726 -15.885761 -3.82756 0.0 0.000786 0.006233 -10.263247 -5.66622 -4.321738 11.014447 -11.28176 -2.381318 -1.37569 -14.218387 -6.312797 -0.613443 -26.890272 -3.833673 -4.698771 -49.494099 -3.474146 -13.680322 -7.343289 -3.717225 18.125097 -14.033761 -3.23694 -0.012111 -18.750631 -0.012836 -0.429998 -8.433926 2.554445 -0.001906 0.00961 -6.5e-05 -15.888141 -20.061211 -5.467931 30.366768 -7.191586 1.725186 0.001192 -8.135904 -0.006201 -1.87078 -22.828201 -6.135933 -0.000369 0.002259 -0.010556 -176.504639 -2.24246 -5.783485 8.662185 -0.046825 0.178366 -81.298378 -6.49804 -6.75682 -4.367461 1.594499 2.170225 -0.999139 0.001548 0.000734 3.953413 -4.440004 1.389587 5.638126 -0.042267 0.17534 -79.213539 -0.655032 -5.886057 -4.31479 0.57451 1.668882 -1.000332 0.000506 6e-06 
0.0 0.0 0.0 0.0 -0.0 0.0 -1.439286 99.89518 0.053259 89.695892 -0.430391 88.698555 -1.000698 0.955002 -0.11642 -11.222029 -0.240009 -0.747635 13.218439 0.206274 -2.560852 20.062134 -3.680697 2.831896 -2.630422 -0.63782 2.394256 -30.992825 3.695059 -0.862755 0.000525 0.001108 -0.000727 0.027911 0.029557 0.160373 0.052703 0.020981 0.167933 0.055801 0.032713 0.160036 -126.158691 -70.337196 142.329041 40.689251 -51.826069 24.935957 31.024761 0.133596 -0.021791 8.21456 11.934941 16.287872 17.558592 -26.262453 52.304939 -19.435778 -14.359753 29.366203 -0.000161 -8.757463 0.009315 15.606151 -17.762808 6.204999 -0.607697 -1.790602 -3.875429 -4.798074 -11.031485 -2.944898 -0.004356 -20.949739 -0.005356 -5.012787 -25.008238 -4.032581 -0.001272 -0.005803 -0.00347 -10.608762 -5.663958 -3.560864 10.537988 -17.897371 -3.111427 -0.007215 -13.787022 -0.002056 -0.497886 -31.096291 -4.023512 -11.410012 -58.880348 7.515804 -13.950081 -7.13454 -2.865318 13.726663 -8.394019 -3.223143 0.354533 -34.138973 0.758301 -0.969753 -17.715729 2.606796 -0.00528 0.004768 -0.005179 -17.301174 -20.056711 -4.195112 21.685658 -1.642521 3.851979 0.009587 -6.326473 0.002641 -1.689595 -22.553085 -6.187994 -0.007731 0.001501 0.006424 61.616413 -78.928558 132.026947 35.492863 -67.892563 -2.668042 27.511959 -0.193546 0.097614 0.143846 0.278859 12.637364 22.199896 -20.303644 49.858677 -16.710197 -16.720535 28.426405 -0.001352 -12.68695 -0.00963 15.918069 -17.951801 2.711598 -0.109487 -1.516222 -4.26648 -5.034427 -5.606283 -2.94768 -0.002687 -11.007239 -0.012065 -6.114033 -15.881105 -3.833317 -0.003199 -0.00531 0.012563 -10.280207 -5.675194 -4.313227 11.030649 -11.2953 -2.386139 -1.385151 -14.237489 -6.314594 -0.619481 -26.897764 -3.831653 -4.668334 -49.497696 -3.501733 -13.70491 -7.350918 -3.719037 18.12822 -14.050923 -3.235835 -0.008641 -18.772055 0.01018 -0.427785 -8.443405 2.561666 0.008063 -0.004232 0.004354 -15.931382 -20.085146 -5.448929 30.421144 -7.186708 1.749214 -0.005191 -8.157322 -0.021193 -1.872246 -22.874212 -6.146428 -0.000446 -0.005526 0.006188 -176.560501 -2.228328 -5.789733 8.836794 -0.043687 0.187432 -81.474251 -6.434841 -6.785194 -4.398109 1.586597 2.16533 -0.998768 0.000553 5.5e-05 3.981526 -4.465203 1.262673 5.703518 -0.042502 0.169285 -79.315895 -0.620501 -5.93425 -4.35225 0.586668 1.672872 -0.993649 0.000164 0.000334 
0.0 0.0 0.0 0.0 -0.0 0.0 -1.414493 99.884422 0.098103 89.693779 -0.424973 88.794518 -1.027215 0.941431 -0.119554 -11.233463 -0.24884 -0.759763 13.19719 0.199078 -2.589421 19.984022 -3.587921 2.831002 -2.632125 -0.643594 2.334193 -30.930363 3.693681 -0.926921 2e-05 0.000311 0.000435 0.024017 0.029421 0.1619 0.058486 0.024912 0.170717 0.058173 0.027189 0.158072 -126.177376 -70.621277 142.277649 40.888817 -52.120304 24.505911 30.913801 0.128187 -0.033739 8.061029 11.783206 16.31542 17.61953 -26.309601 52.384224 -19.535378 -14.450562 29.425713 -0.012075 -8.802308 0.012345 15.627748 -17.842794 6.199886 -0.614391 -1.800845 -3.896645 -4.79649 -11.033159 -2.937099 0.034041 -20.984949 -0.010545 -5.013591 -25.033598 -4.009857 -0.001038 -0.005532 0.001462 -10.651731 -5.679019 -3.548143 10.628834 -17.948744 -3.127378 0.022182 -13.839624 -0.00315 -0.448034 -31.243502 -4.043325 -11.609393 -59.326244 7.783111 -14.005663 -7.139326 -2.861763 13.807983 -8.407185 -3.232754 0.396923 -34.206223 0.761662 -0.94819 -17.73675 2.611463 -0.0011 -0.000893 0.004921 -17.354345 -20.07176 -4.197293 21.790022 -1.666525 3.848725 0.00474 -6.334439 0.000567 -1.671468 -22.573503 -6.199686 0.00689 0.000117 -0.007718 62.392666 -79.236671 131.77739 35.328091 -68.11161 -2.551049 27.326908 -0.258898 0.094028 -0.004542 0.114986 12.87469 22.170586 -20.398079 49.90612 -16.708017 -16.735985 28.475061 -0.007319 -12.676763 -0.012638 15.907349 -17.966713 2.710452 -0.095543 -1.514528 -4.272274 -5.026501 -5.607774 -2.953586 0.013942 -11.013658 -0.00859 -6.083135 -15.894336 -3.825024 0.004212 -0.003879 -0.000115 -10.263986 -5.670804 -4.348648 11.03562 -11.31261 -2.366494 -1.374123 -14.235334 -6.309031 -0.594302 -26.921686 -3.822501 -4.67687 -49.541702 -3.467822 -13.675024 -7.345316 -3.718675 18.128319 -14.075956 -3.231732 0.027724 -18.789631 -0.012286 -0.431324 -8.457883 2.564655 0.000212 -0.00265 -0.001113 -15.865579 -20.067598 -5.470896 30.379019 -7.234057 1.717564 0.006822 -8.149703 -0.010765 -1.837822 -22.850676 -6.142025 0.001598 -0.011812 0.00448 -176.569946 -2.230048 -5.815905 8.931664 -0.042394 0.187385 -81.354004 -6.345113 -6.778602 -4.426971 1.579921 2.167319 -0.998118 -0.002342 -0.000828 4.059895 -4.475911 1.135 5.691504 -0.0335 0.174316 -79.213013 -0.599041 -5.990359 -4.343816 0.594976 1.676853 -1.000578 0.000325 9.4e-05 
0.0 0.0 0.0 0.0 -0.0 0.0 -1.39148 99.859779 0.162403 89.676041 -0.400029 88.856026 -1.062465 0.926602 -0.13504 -11.24097 -0.248768 -0.736438 13.195766 0.196584 -2.634503 19.951838 -3.486182 2.825273 -2.62632 -0.636635 2.267883 -30.888783 3.674212 -0.964712 0.002391 0.000371 4.8e-05 0.022902 0.028599 0.15785 0.067104 0.031095 0.168335 0.070738 0.022973 0.154939 -126.362968 -70.593712 142.493057 40.700428 -52.149929 24.320852 30.747274 0.181598 -0.007359 7.930721 11.634633 16.236746 17.651253 -26.291105 52.398872 -19.533199 -14.43743 29.428604 -0.001756 -8.796094 0.00316 15.7246 -17.864393 6.159015 -0.606511 -1.797411 -3.882164 -4.815995 -11.059471 -2.951734 0.015608 -21.006353 -0.023873 -5.022766 -25.067789 -4.041682 -0.000853 -0.012817 0.0 -10.642087 -5.683614 -3.559287 10.595162 -17.934048 -3.119734 0.012493 -13.824584 -0.007667 -0.484907 -31.212008 -4.058142 -11.527958 -59.200714 7.659413 -13.99301 -7.142028 -2.849279 13.797659 -8.410704 -3.250036 0.361017 -34.257069 0.750085 -0.953316 -17.754168 2.629237 -0.010539 -0.003198 -0.003771 -17.361294 -20.107084 -4.199791 21.793629 -1.648185 3.862578 0.012488 -6.341803 -0.008947 -1.694734 -22.604568 -6.200502 -0.002437 0.000131 0.000845 61.906494 -79.100136 132.280838 34.799198 -68.010864 -2.230187 27.243368 -0.249555 0.107504 -0.124501 -0.111495 13.048262 22.199617 -20.366619 49.946987 -16.759413 -16.759016 28.501678 -0.00679 -12.69653 0.002512 15.944151 -17.985188 2.705356 -0.118045 -1.523014 -4.268352 -5.031838 -5.616931 -2.964758 0.006717 -11.042797 0.009073 -6.102853 -15.919165 -3.858241 0.003118 -0.004807 1.4e-05 -10.308913 -5.68813 -4.333536 11.07026 -11.32589 -2.397801 -1.384261 -14.273613 -6.334394 -0.618201 -26.967798 -3.834037 -4.627223 -49.657604 -3.525354 -13.732261 -7.374948 -3.709881 18.182421 -14.076071 -3.259768 0.02474 -18.825111 -0.011928 -0.424693 -8.461763 2.547717 0.00279 -0.008389 -0.004962 -15.947088 -20.125515 -5.477699 30.472483 -7.207596 1.731354 0.003553 -8.164433 0.001489 -1.83315 -22.892107 -6.192473 -0.002672 0.001587 0.007301 -176.684555 -2.254299 -5.836823 9.2733 -0.049357 0.183431 -81.623497 -6.269265 -6.81674 -4.464178 1.583007 2.167793 -0.998725 0.000625 -0.000353 4.106684 -4.472692 1.006331 5.755963 -0.03112 0.177189 -79.305832 -0.569561 -6.075864 -4.334881 0.595631 1.678115 -0.99944 -0.000457 -0.000327 
0.0 0.0 0.0 0.0 -0.0 0.0 -1.399857 99.846741 0.250966 89.674316 -0.349971 88.913788 -1.094235 0.913793 -0.144781 -11.264756 -0.247641 -0.738711 13.182772 0.193106 -2.647004 19.957834 -3.374003 2.812744 -2.626918 -0.633905 2.208421 -30.858557 3.63525 -1.022453 -1.1e-05 0.000111 0.000611 0.020366 0.026813 0.151536 0.071974 0.030176 0.162981 0.078492 0.017761 0.147924 -126.504379 -70.460083 142.655716 40.39999 -52.218418 24.215105 30.637472 0.228933 0.014501 7.787165 11.501381 16.094034 17.677807 -26.342606 52.470463 -19.460732 -14.380687 29.408325 0.002585 -8.774078 -0.005514 15.766644 -17.816271 6.143934 -0.61936 -1.790982 -3.896846 -4.817055 -11.05415 -2.937289 -0.004669 -20.96336 0.009052 -5.026622 -25.015497 -4.038754 0.00375 -0.007624 -0.0 -10.651692 -5.703687 -3.566249 10.569638 -17.906544 -3.116277 -0.01015 -13.824347 -0.002315 -0.508051 -31.174416 -4.038713 -11.531414 -59.087368 7.620674 -13.995769 -7.149603 -2.897485 13.769796 -8.403861 -3.200766 0.337712 -34.196747 0.773085 -0.949107 -17.742565 2.610388 -0.011047 0.009066 0.008964 -17.381374 -20.10565 -4.217432 21.791416 -1.642692 3.885722 0.000897 -6.343356 -0.00804 -1.707537 -22.599499 -6.213039 -0.006154 0.004727 0.004911 61.171181 -78.838844 132.897003 34.149811 -67.932663 -1.795184 27.139412 -0.258795 0.128703 -0.279065 -0.395573 13.294563 22.195646 -20.405212 50.001781 -16.699553 -16.744356 28.479685 -0.003971 -12.688421 -0.005673 15.952274 -17.990072 2.676676 -0.108459 -1.516337 -4.283564 -5.037664 -5.613772 -2.954904 0.000213 -11.02666 0.00573 -6.102556 -15.913261 -3.844699 -0.002022 0.005648 -0.00636 -10.292069 -5.686185 -4.345118 11.035224 -11.306642 -2.367888 -1.381504 -14.246725 -6.344124 -0.631179 -26.945292 -3.831975 -4.619503 -49.584911 -3.618661 -13.723245 -7.373223 -3.727772 18.147341 -14.05595 -3.230595 0.005688 -18.805029 -0.003152 -0.439603 -8.453928 2.54682 0.006025 0.001038 -0.003996 -15.940271 -20.10486 -5.469276 30.449541 -7.192645 1.715146 -0.004516 -8.153417 0.013274 -1.866214 -22.858675 -6.172147 -0.001367 -0.009024 0.001837 -176.617096 -2.295698 -5.859752 9.331024 -0.049421 0.181698 -81.807922 -6.202138 -6.860716 -4.482388 1.587191 2.164403 -0.9988 0.007668 0.001573 4.244002 -4.437059 0.867179 5.703958 -0.032958 0.184986 -79.450218 -0.500873 -6.137746 -4.349138 0.59547 1.679679 -0.997212 0.00013 -0.000115 
0.0 0.0 0.0 0.0 -0.0 0.0 -1.426763 99.839752 0.343934 89.644936 -0.316666 88.917503 -1.139625 0.898886 -0.147525 -11.294172 -0.244358 -0.726894 13.190851 0.189782 -2.656051 19.992817 -3.253413 2.799857 -2.635332 -0.638799 2.119698 -30.774927 3.592764 -1.089117 -1.6e-05 -0.000802 1.8e-05 0.016721 0.023867 0.141153 0.061579 0.029479 0.156402 0.071344 0.015987 0.13523 -126.550743 -70.496071 142.725037 40.011517 -52.388901 24.038818 30.598783 0.243664 0.015153 7.59407 11.400996 15.865553 17.69418 -26.373213 52.525513 -19.470547 -14.408014 29.450788 0.005589 -8.789096 0.000739 15.809139 -17.864771 6.120542 -0.604056 -1.797961 -3.893173 -4.828041 -11.064774 -2.939557 -0.014107 -20.996433 0.000871 -5.034802 -25.085186 -4.055233 -0.001497 0.004569 0.001926 -10.649232 -5.703485 -3.566528 10.575398 -17.938976 -3.116377 -0.015629 -13.830581 0.001028 -0.525267 -31.22492 -4.043282 -11.562208 -59.139542 7.630928 -14.004897 -7.165284 -2.877885 13.778514 -8.411371 -3.213044 0.334649 -34.250652 0.771079 -0.979635 -17.761047 2.620012 0.006342 0.001569 -0.003567 -17.389307 -20.134003 -4.200606 21.798141 -1.627766 3.874771 -0.009986 -6.342042 0.004036 -1.71195 -22.581039 -6.197923 0.001518 0.0 -0.006335 60.910992 -78.830345 133.402298 33.614521 -67.977272 -1.346063 27.041714 -0.290995 0.133425 -0.414629 -0.672621 13.537965 22.197622 -20.407995 49.989624 -16.687061 -16.757271 28.466633 0.002458 -12.697087 0.003066 15.996761 -18.039719 2.650981 -0.10749 -1.517946 -4.28941 -5.040434 -5.615549 -2.952078 -0.002513 -11.030597 0.008896 -6.105788 -15.914659 -3.843471 -0.002124 0.007857 0.004842 -10.289828 -5.685582 -4.335181 11.030968 -11.298945 -2.371653 -1.389167 -14.249322 -6.334904 -0.645303 -26.934395 -3.817462 -4.603437 -49.571091 -3.643348 -13.732947 -7.37378 -3.7288 18.160061 -14.051803 -3.236718 -0.005147 -18.818209 0.01938 -0.433986 -8.44873 2.548283 0.000971 -0.016235 0.002821 -15.946218 -20.125175 -5.49011 30.45546 -7.194846 1.755535 -0.008125 -8.163069 0.002363 -1.859985 -22.887581 -6.191721 0.005073 -0.007655 0.006731 -176.474823 -2.341975 -5.868755 9.248181 -0.04611 0.170005 -81.848633 -6.169622 -6.876664 -4.497665 1.597171 2.164625 -0.99163 -0.006596 -0.000657 4.390724 -4.385241 0.755259 5.613094 -0.042661 0.177421 -79.458313 -0.413518 -6.168176 -4.352347 0.585956 1.675201 -0.993604 -3.1e-05 0.000118 
0.0 0.0 0.0 0.0 -0.0 0.0 -1.4348 99.812958 0.413911 89.611771 -0.278219 88.885872 -1.19654 0.888779 -0.154841 -11.30615 -0.238313 -0.701836 13.177868 0.180521 -2.66281 20.027277 -3.147969 2.804816 -2.633717 -0.649049 1.999668 -30.665329 3.549854 -1.163784 0.000487 0.000617 7.1e-05 0.020359 0.022568 0.131198 0.071912 0.030152 0.142089 0.071477 0.01277 0.123169 -126.439613 -70.50177 142.628555 39.691536 -52.590237 23.71822 30.493483 0.205953 -0.00072 7.362386 11.291063 15.501183 17.640554 -26.320683 52.485302 -19.468014 -14.430865 29.435804 -0.000689 -8.78059 0.000901 15.772671 -17.857662 6.106454 -0.610761 -1.787172 -3.902296 -4.808722 -11.048143 -2.944782 0.0103 -20.971153 0.000555 -5.023451 -25.049805 -4.036255 0.004124 0.012848 0.001805 -10.652456 -5.664119 -3.565912 10.599497 -17.936098 -3.12154 0.006337 -13.816046 -0.002018 -0.501731 -31.16848 -4.005355 -11.646085 -59.038074 7.722067 -13.993773 -7.138149 -2.86953 13.791805 -8.396433 -3.232605 0.383737 -34.204113 0.761319 -0.950325 -17.732334 2.624583 -0.003681 -0.00529 -0.0053 -17.347719 -20.067497 -4.216483 21.774666 -1.65504 3.850002 -0.001281 -6.33663 0.002845 -1.694516 -22.548397 -6.177731 0.004515 -0.010793 0.000778 60.723442 -78.718704 133.626526 33.079021 -67.978172 -0.844864 26.837109 -0.304602 0.144859 -0.540067 -0.960414 13.780099 22.195755 -20.40946 49.988518 -16.701801 -16.733788 28.46501 -0.007493 -12.692753 0.012125 16.026297 -18.007839 2.614117 -0.112066 -1.517369 -4.276422 -5.033761 -5.614021 -2.963151 0.004443 -11.030595 -0.010564 -6.10373 -15.915914 -3.828402 -0.002886 0.011984 0.000321 -10.293958 -5.681118 -4.328504 11.046062 -11.316123 -2.389449 -1.382455 -14.252597 -6.324667 -0.616011 -26.944595 -3.814476 -4.554266 -49.570942 -3.655632 -13.723637 -7.371586 -3.722722 18.174761 -14.074849 -3.248772 -0.006697 -18.810898 0.009887 -0.41616 -8.484241 2.563694 -0.007686 0.01562 -0.015232 -15.929253 -20.108971 -5.472876 30.445404 -7.208857 1.728191 -0.010091 -8.159957 0.003262 -1.853065 -22.862806 -6.160016 -0.002588 -0.028249 0.001326 -176.550629 -2.391195 -5.87395 9.580862 -0.051198 0.164746 -81.951843 -6.159928 -6.873677 -4.508677 1.600494 2.165148 -0.991117 -0.006863 -0.000291 4.427133 -4.36741 0.687169 5.710313 -0.03809 0.17775 -79.625519 -0.333548 -6.185521 -4.358649 0.571203 1.672037 -0.998003 0.00028 -7.1e-05 
0.0 0.0 0.0 0.0 -0.0 0.0 -1.457199 99.790466 0.481146 89.561256 -0.224256 88.771065 -1.242385 0.883384 -0.15345 -11.318896 -0.23791 -0.691163 13.181764 0.161558 -2.651638 20.077709 -3.056199 2.799159 -2.631367 -0.662083 1.902299 -30.607233 3.499282 -1.234455 0.003425 -0.000826 0.000152 0.016318 0.021381 0.126686 0.051325 0.029627 0.137932 0.054262 0.010557 0.119842 -126.45919 -70.33902 142.685181 39.146156 -52.774555 23.58255 30.348951 0.212755 -0.044696 7.129194 11.23959 15.048299 17.602785 -26.26107 52.402821 -19.471218 -14.401731 29.419945 0.000191 -8.783111 -0.006746 15.781299 -17.889894 6.108191 -0.609661 -1.795468 -3.906295 -4.803371 -11.035204 -2.923197 0.009831 -20.951258 -0.013223 -4.986056 -24.996788 -4.040486 0.0 -0.0 0.0 -10.644282 -5.691647 -3.553913 10.589498 -17.926298 -3.138818 0.013426 -13.820949 -0.001231 -0.473 -31.186737 -4.055231 -11.546543 -59.025532 7.657351 -13.980322 -7.144225 -2.870958 13.775529 -8.403166 -3.237303 0.370242 -34.204174 0.748744 -0.951749 -17.696373 2.612908 0.003453 -0.008289 -0.007156 -17.346699 -20.10128 -4.208133 21.762985 -1.640793 3.860455 -0.005954 -6.327203 -0.006154 -1.689578 -22.584793 -6.193619 -0.004324 -0.001019 0.006844 59.940231 -78.275696 134.000061 32.395088 -67.670769 -0.273032 26.621595 -0.312253 0.123485 -0.68074 -1.214876 14.013462 22.163794 -20.335941 49.873264 -16.67135 -16.705833 28.436707 0.007638 -12.668747 -0.007654 16.002239 -17.9848 2.651244 -0.090333 -1.506906 -4.267222 -5.040156 -5.608501 -2.973116 -0.002261 -11.01329 0.013212 -6.105133 -15.879628 -3.838633 -0.002311 -0.006554 0.006035 -10.254255 -5.665388 -4.340619 11.009248 -11.296887 -2.377337 -1.392028 -14.23401 -6.302244 -0.615779 -26.890724 -3.837515 -4.561839 -49.410946 -3.687974 -13.681454 -7.352285 -3.723712 18.112864 -14.037425 -3.239558 0.004099 -18.750189 -0.002292 -0.430498 -8.452652 2.536788 0.005635 0.00549 0.01127 -15.894354 -20.085867 -5.482019 30.379395 -7.185987 1.732894 -0.013957 -8.156054 -0.006312 -1.859734 -22.862644 -6.170668 0.004014 -0.01192 0.00141 -176.533936 -2.430401 -5.887931 9.777358 -0.052308 0.168175 -82.260056 -6.198882 -6.901752 -4.520723 1.583673 2.158432 -0.988686 0.002557 0.002302 4.47507 -4.345191 0.672241 5.804695 -0.043253 0.175493 -79.658478 -0.266443 -6.176474 -4.370966 0.563896 1.665637 -0.997099 -0.000385 -0.000132 
0.0 0.0 0.0 0.0 -0.0 0.0 -1.441919 99.765694 0.570428 89.54438 -0.172913 88.705803 -1.30324 0.890286 -0.150488 -11.331523 -0.241356 -0.684012 13.20712 0.13922 -2.652411 20.144047 -2.994341 2.817319 -2.632914 -0.669908 1.787294 -30.488213 3.467038 -1.332434 -0.00052 0.000538 -8e-06 0.012251 0.020525 0.123091 0.043791 0.031376 0.130393 0.039488 0.006945 0.116562 -126.388855 -70.308556 142.632355 38.62788 -52.954323 23.379223 30.150579 0.214355 -0.027585 6.859125 11.180717 14.501216 17.641401 -26.26218 52.29134 -19.467564 -14.410851 29.366528 -0.004396 -8.776539 0.012845 15.759855 -17.935688 6.128117 -0.60327 -1.799824 -3.892686 -4.810378 -11.038367 -2.914363 0.020235 -20.995956 -0.005312 -5.009956 -25.040314 -4.027514 0.00612 0.005482 -0.005481 -10.632383 -5.675025 -3.541692 10.578335 -17.930283 -3.118767 -0.001208 -13.814858 -0.009329 -0.49636 -31.165205 -4.031491 -11.553123 -59.006454 7.643321 -13.991652 -7.14883 -2.862291 13.77313 -8.402691 -3.215458 0.363579 -34.230949 0.760324 -0.972154 -17.746273 2.617743 0.006663 -0.008393 0.002431 -17.359171 -20.111492 -4.17873 21.772266 -1.629733 3.866389 0.00379 -6.334624 -0.008792 -1.701403 -22.60771 -6.203205 9.8e-05 -0.003087 0.000543 60.118137 -78.451241 134.263458 32.09766 -67.837715 0.179693 26.411266 -0.327837 0.133948 -0.793058 -1.495291 14.206087 22.217402 -20.364067 49.885151 -16.725765 -16.749548 28.474411 -0.000904 -12.703151 -0.019443 16.021774 -18.026567 2.64604 -0.105808 -1.521967 -4.282758 -5.044385 -5.621554 -2.935717 -0.000434 -11.042911 0.004998 -6.128498 -15.922913 -3.83557 0.007543 0.002224 -0.006315 -10.290736 -5.68663 -4.326233 11.033358 -11.316531 -2.377945 -1.391396 -14.247577 -6.303323 -0.633394 -26.939636 -3.822636 -4.541759 -49.521008 -3.764678 -13.725014 -7.37339 -3.694374 18.169847 -14.077409 -3.255243 0.010345 -18.82317 -0.005523 -0.422602 -8.469123 2.544831 0.008984 -0.005694 0.006167 -15.932458 -20.117863 -5.461491 30.420256 -7.207309 1.752678 0.013888 -8.184374 0.00207 -1.845336 -22.893229 -6.187413 -0.007036 0.003631 -0.011046 -176.496185 -2.443757 -5.939394 9.955657 -0.055673 0.170914 -82.357552 -6.226968 -6.914675 -4.510818 1.586311 2.162823 -0.998941 0.007523 0.001675 4.531462 -4.349384 0.667046 5.892726 -0.043852 0.175019 -79.813927 -0.191341 -6.190325 -4.375509 0.555169 1.663951 -0.997811 0.000241 -0.000207 
0.0 0.0 0.0 0.0 -0.0 0.0 -1.408799 99.734337 0.636687 89.536415 -0.108788 88.6082 -1.359908 0.902306 -0.129235 -11.354239 -0.248279 -0.699603 13.239641 0.106995 -2.644465 20.187151 -2.963842 2.824474 -2.628251 -0.670926 1.70012 -30.23567 3.455792 -1.411237 0.002866 0.000864 -9.5e-05 0.012101 0.019407 0.119844 0.04035 0.034342 0.128927 0.039919 0.004087 0.116561 -126.36734 -69.999359 142.68898 38.061466 -53.126453 23.234806 29.819841 0.231636 -0.080518 6.583265 11.153812 14.061464 17.603537 -26.231012 52.285854 -19.486889 -14.404463 29.367683 -0.00067 -8.778517 -0.002037 15.774609 -17.995407 6.146418 -0.605034 -1.79683 -3.898365 -4.811698 -11.070959 -2.937531 0.0048 -21.000715 -0.006475 -5.025625 -25.088982 -4.038154 3.9e-05 -0.009055 -0.016051 -10.632782 -5.6976 -3.556572 10.577043 -17.918484 -3.131423 -0.005717 -13.82651 0.003796 -0.496254 -31.20503 -4.043303 -11.655921 -59.224228 7.724926 -13.986433 -7.17301 -2.864357 13.783469 -8.388504 -3.225884 0.357096 -34.236885 0.736643 -0.965306 -17.723494 2.607716 0.00513 -0.006936 -0.000478 -17.355667 -20.125895 -4.191212 21.763214 -1.629764 3.859271 0.000792 -6.343987 -0.004 -1.706906 -22.599573 -6.201305 -0.004409 0.008215 -0.005878 59.394054 -78.158051 134.676895 31.693167 -67.644157 0.583656 26.150251 -0.3585 0.106873 -0.952967 -1.821653 14.407874 22.174566 -20.323814 49.870403 -16.680752 -16.733194 28.438972 -0.000289 -12.672634 -0.001587 15.964756 -17.971729 2.613115 -0.102539 -1.512739 -4.278323 -5.041802 -5.606006 -2.954483 0.005727 -11.010539 -0.007187 -6.109365 -15.8916 -3.826356 0.003975 -0.00528 -0.006507 -10.271608 -5.674689 -4.337777 11.017617 -11.284657 -2.382645 -1.381186 -14.222982 -6.311766 -0.602758 -26.912025 -3.827149 -4.536089 -49.469536 -3.759561 -13.702242 -7.356721 -3.721884 18.13554 -14.032048 -3.231171 -0.006741 -18.757952 0.005477 -0.443144 -8.441904 2.541381 0.005164 -0.0 0.00417 -15.908243 -20.074442 -5.482236 30.396685 -7.185329 1.74313 -0.004989 -8.150306 0.0116 -1.861002 -22.836349 -6.179263 0.004312 0.011355 0.008521 -176.517273 -2.439553 -5.97645 10.262647 -0.058662 0.185307 -82.611435 -6.305523 -6.918523 -4.510472 1.595308 2.170923 -0.995727 -0.004266 -0.000589 4.536958 -4.380487 0.681609 6.077719 -0.043702 0.175987 -79.893631 -0.115573 -6.224743 -4.358286 0.551691 1.663905 -0.986525 -0.000348 -0.000106 
0.0 0.0 0.0 0.0 -0.0 0.0 -1.394285 99.705048 0.727835 89.53418 -0.04818 88.523323 -1.418596 0.914542 -0.128018 -11.374302 -0.251317 -0.678128 13.290634 0.078723 -2.646841 20.286472 -2.949729 2.821074 -2.640608 -0.668113 1.600951 -29.988916 3.460331 -1.461155 0.000623 0.000204 -0.000128 0.006339 0.01816 0.11642 0.027067 0.030457 0.121096 0.00683 0.00197 0.117092 -126.474014 -69.760635 142.925812 37.543755 -53.23032 22.954876 29.472563 0.207056 -0.057451 6.354723 11.075313 13.731285 17.609037 -26.290903 52.402302 -19.465113 -14.381443 29.395947 -0.003419 -8.772882 0.001924 15.75626 -18.006746 6.174199 -0.61459 -1.800592 -3.891262 -4.805047 -11.048759 -2.941542 -0.000889 -20.989044 -0.011918 -5.014071 -25.051399 -4.023707 0.004826 -0.006054 -0.011772 -10.627804 -5.699831 -3.573127 10.558679 -17.91716 -3.113788 -0.000866 -13.822385 0.000286 -0.492127 -31.167158 -4.019087 -11.656326 -59.1642 7.74232 -13.975779 -7.148962 -2.888503 13.762013 -8.417292 -3.204449 0.364764 -34.254395 0.739765 -0.968376 -17.753527 2.626073 0.001743 -0.020514 -0.007476 -17.332169 -20.111441 -4.214969 21.731638 -1.633892 3.863462 0.000585 -6.336941 -0.00304 -1.696835 -22.612312 -6.196766 0.004434 0.000818 0.007563 58.781197 -78.036774 135.322845 31.318447 -67.585564 1.030743 25.971258 -0.335722 0.123568 -1.140908 -2.193337 14.628453 22.205282 -20.370943 49.97274 -16.701237 -16.754639 28.505068 0.001964 -12.688312 -0.004019 16.019686 -18.016281 2.641761 -0.109395 -1.512915 -4.297986 -5.045794 -5.620367 -2.930152 -0.000207 -11.022017 -0.005274 -6.111497 -15.89511 -3.843324 0.005402 -0.006079 -0.005836 -10.30528 -5.694483 -4.353702 11.038418 -11.304233 -2.366309 -1.400209 -14.237436 -6.326436 -0.629645 -26.941572 -3.840539 -4.547513 -49.61797 -3.841406 -13.72613 -7.37932 -3.719657 18.148008 -14.048123 -3.254958 -0.016374 -18.805824 0.009436 -0.436653 -8.46573 2.537273 -0.006656 -0.001858 -0.004395 -15.941655 -20.120922 -5.491051 30.417248 -7.183834 1.755825 0.005358 -8.155738 -0.007106 -1.874702 -22.826715 -6.171256 0.006779 -0.007805 -0.011656 -176.46608 -2.428034 -5.996374 10.438501 -0.061282 0.20189 -82.751106 -6.381289 -6.952706 -4.527345 1.592049 2.168831 -0.991851 -0.003302 0.000291 4.555357 -4.405456 0.684218 6.249345 -0.044475 0.179544 -80.129822 -0.062762 -6.263459 -4.358831 0.546692 1.663892 -0.997864 -0.000114 2.9e-05 
0.0 0.0 0.0 0.0 -0.0 0.0 -1.375216 99.67585 0.827572 89.537979 -0.000166 88.477654 -1.480944 0.922087 -0.130172 -11.380674 -0.252257 -0.651796 13.313204 0.051877 -2.652158 20.37418 -2.942673 2.808477 -2.64154 -0.65529 1.503557 -29.70476 3.477874 -1.480506 -0.00069 0.000511 -0.00021 0.011811 0.016988 0.113556 0.022212 0.026189 0.115113 0.019226 0.00279 0.11555 -126.475723 -69.554413 143.012497 37.105801 -53.421436 22.651741 29.160749 0.164079 -0.104428 6.110164 10.943711 13.40154 17.609119 -26.289003 52.428364 -19.448854 -14.41104 29.409725 -0.003718 -8.775142 -0.001706 15.754378 -18.021296 6.197102 -0.602468 -1.779889 -3.897036 -4.80538 -11.039782 -2.925138 0.016903 -20.956152 -0.0084 -5.023791 -24.998404 -4.030749 0.007514 0.010163 -0.014517 -10.625521 -5.658791 -3.566337 10.576958 -17.930368 -3.116317 -0.000706 -13.821328 0.004522 -0.48365 -31.179022 -4.042516 -11.652995 -59.103642 7.797634 -13.972307 -7.13439 -2.873566 13.767383 -8.399618 -3.214947 0.345937 -34.204407 0.759859 -0.961024 -17.721361 2.620024 -0.003348 -0.001696 -0.000977 -17.333597 -20.079407 -4.224601 21.75783 -1.640045 3.865928 0.005372 -6.344488 0.01325 -1.696386 -22.564865 -6.194897 -0.002759 -0.000634 -0.000458 58.518433 -77.908936 135.536835 31.077665 -67.464714 1.372591 25.757748 -0.287713 0.14551 -1.363952 -2.585087 14.755387 22.177074 -20.32695 49.880966 -16.686853 -16.745745 28.436535 0.005245 -12.682897 0.010021 15.992785 -18.009071 2.610721 -0.100693 -1.508357 -4.277182 -5.039392 -5.612952 -2.936349 0.001078 -11.014683 -0.012622 -6.116913 -15.893667 -3.837211 -0.002453 0.013082 0.005288 -10.268706 -5.671252 -4.324791 11.010253 -11.287687 -2.391413 -1.384414 -14.225494 -6.299298 -0.621545 -26.908108 -3.823079 -4.524161 -49.506233 -3.78695 -13.696646 -7.356541 -3.712735 18.124899 -14.033406 -3.234567 -0.00766 -18.781502 -0.013714 -0.436106 -8.463884 2.538673 -0.009289 0.009289 0.000669 -15.918584 -20.089561 -5.471173 30.407022 -7.180881 1.731668 0.001908 -8.166473 0.007714 -1.868465 -22.826948 -6.157847 -0.001352 -0.010227 -0.008469 -176.42601 -2.412089 -6.003785 10.604424 -0.065664 0.207014 -82.856415 -6.444979 -6.995646 -4.545188 1.600146 2.170913 -0.995089 -0.001379 -6e-05 4.571189 -4.440258 0.691485 6.402012 -0.041228 0.17889 -80.227226 -0.058624 -6.299468 -4.343697 0.541788 1.661936 -1.000941 0.000871 0.000255 
0.0 0.0 0.0 0.0 -0.0 0.0 -1.351664 99.661484 0.892814 89.544006 0.048877 88.430885 -1.53104 0.92341 -0.116321 -11.410313 -0.256827 -0.646494 13.360295 0.027752 -2.65955 20.492044 -2.929001 2.787446 -2.637228 -0.655112 1.432719 -29.422567 3.487578 -1.50172 0.0 -0.0 0.0 0.012467 0.014483 0.114536 0.033318 0.022318 0.122167 0.042461 0.001411 0.113834 -126.600922 -69.45134 143.228867 36.620766 -53.575462 22.499622 28.878351 0.159742 -0.108215 5.903684 10.780705 13.09083 17.665005 -26.282042 52.368244 -19.460835 -14.376088 29.41309 0.002084 -8.769876 -0.009425 15.783188 -18.015289 6.211158 -0.614086 -1.797019 -3.908736 -4.802283 -11.053225 -2.940569 -0.007587 -21.003807 0.00571 -5.017404 -25.069239 -4.052836 -0.0061 -0.006099 0.003019 -10.636353 -5.68997 -3.575224 10.5768 -17.930489 -3.120777 -0.009806 -13.82756 -0.000846 -0.501226 -31.203972 -4.050332 -11.664824 -59.319763 7.760965 -13.987953 -7.162519 -2.898649 13.775537 -8.397143 -3.201403 0.344523 -34.234249 0.778415 -0.941212 -17.760559 2.609663 -0.012035 0.000833 0.001504 -17.338305 -20.107147 -4.220289 21.745163 -1.63019 3.872132 -0.002869 -6.345912 -0.001165 -1.703059 -22.590513 -6.188487 0.006284 0.006065 -0.00306 58.208157 -77.860435 135.90567 30.674141 -67.335701 1.876541 25.574936 -0.256284 0.167924 -1.538053 -2.915101 14.768255 22.171661 -20.328005 49.905655 -16.667387 -16.748093 28.445496 0.007702 -12.688451 0.005107 16.00296 -18.025095 2.641339 -0.099781 -1.505517 -4.264691 -5.046083 -5.615331 -2.938267 0.001223 -11.015246 -0.007814 -6.104721 -15.902207 -3.840744 0.002057 0.00851 -7e-05 -10.281001 -5.680322 -4.314882 11.0199 -11.283933 -2.381917 -1.394812 -14.223107 -6.317575 -0.637548 -26.924192 -3.825979 -4.484947 -49.620815 -3.871034 -13.696603 -7.360132 -3.715631 18.117828 -14.02009 -3.240816 -0.016398 -18.776072 -0.00543 -0.43162 -8.435856 2.56618 -0.00081 -0.0106 0.004095 -15.934504 -20.082207 -5.458403 30.420826 -7.165033 1.751213 -0.016175 -8.144055 -0.002751 -1.874054 -22.824793 -6.169614 -0.0 0.002712 -0.009689 -176.316681 -2.382097 -6.013876 10.591942 -0.06619 0.206492 -82.924171 -6.488343 -7.013334 -4.565964 1.601929 2.173857 -0.988556 -0.001129 0.000605 4.651091 -4.472146 0.70101 6.433199 -0.042443 0.173181 -80.312012 -0.042639 -6.324558 -4.37777 0.554103 1.666437 -0.998122 0.000545 0.000169 
0.0 0.0 0.0 0.0 -0.0 0.0 -1.324995 99.647079 0.945093 89.554672 0.090469 88.407104 -1.572112 0.923289 -0.123494 -11.429625 -0.26077 -0.641414 13.396748 -0.000319 -2.650599 20.581316 -2.924439 2.767249 -2.639552 -0.645053 1.364996 -29.149273 3.498728 -1.523087 -0.000838 -4.3e-05 -0.00014 0.008183 0.015112 0.114404 0.035872 0.024539 0.120674 0.032042 0.000336 0.113505 -126.382172 -69.421043 143.072205 36.295181 -53.822994 22.216389 28.646357 0.131417 -0.167515 5.65479 10.581706 12.696907 17.606945 -26.274265 52.298897 -19.447639 -14.401287 29.340462 -0.006712 -8.767815 0.005518 15.753137 -17.980448 6.220902 -0.591711 -1.786447 -3.871748 -4.806252 -11.044839 -2.953917 0.006409 -20.960024 0.015294 -5.021445 -24.99004 -3.994982 0.008738 -0.000177 -0.003893 -10.608336 -5.673836 -3.544516 10.564031 -17.908108 -3.124207 -0.001723 -13.813162 0.00223 -0.488901 -31.164289 -4.029629 -11.652468 -59.045734 7.842471 -13.956969 -7.132153 -2.851494 13.764729 -8.391097 -3.212197 0.351321 -34.174522 0.741871 -0.978171 -17.71937 2.611911 0.004522 -0.006968 -0.002982 -17.318756 -20.064054 -4.167924 21.740902 -1.631101 3.84371 -0.00484 -6.335741 -0.007334 -1.700989 -22.586632 -6.18438 0.004764 0.002905 -0.011618 58.65015 -77.961845 135.598907 30.504438 -67.4347 2.227903 25.439926 -0.223754 0.161491 -1.691299 -3.214277 14.677143 22.119417 -20.302898 49.791054 -16.678049 -16.704006 28.405569 0.001439 -12.664342 0.00707 15.970029 -17.985123 2.638142 -0.101719 -1.509161 -4.254394 -5.0244 -5.598422 -2.938824 0.004966 -10.984288 -0.003771 -6.079414 -15.846395 -3.825878 0.000191 0.007803 -0.000254 -10.260707 -5.663723 -4.308391 11.007294 -11.272679 -2.380189 -1.378212 -14.191482 -6.304594 -0.630482 -26.812634 -3.809184 -4.506808 -49.398743 -3.788535 -13.674634 -7.335843 -3.690721 18.104073 -14.014154 -3.236381 0.001381 -18.734507 -0.010509 -0.423064 -8.427723 2.538363 -1e-06 -0.009316 0.007076 -15.874939 -20.041027 -5.458127 30.342911 -7.188972 1.724706 -0.00638 -8.131326 -0.012925 -1.850059 -22.779312 -6.132212 -0.003042 -0.005917 -0.001776 -176.24617 -2.349785 -6.02431 10.624449 -0.066491 0.208169 -82.938522 -6.498989 -7.028012 -4.563857 1.613589 2.176406 -0.9911 0.002304 0.001041 4.696914 -4.510988 0.688009 6.495034 -0.04152 0.173629 -80.472542 -0.018346 -6.367396 -4.394604 0.563933 1.667078 -1.00108 -0.000531 -8.2e-05 
0.0 0.0 0.0 0.0 -0.0 0.0 -1.312624 99.634048 1.005465 89.571983 0.117809 88.3881 -1.609379 0.924222 -0.13353 -11.445018 -0.258799 -0.635088 13.433294 -0.038121 -2.654576 20.66888 -2.920225 2.775382 -2.634124 -0.650589 1.298317 -28.953405 3.523533 -1.538285 -0.001643 -0.000387 -0.000113 0.006568 0.013207 0.120383 0.028292 0.025668 0.123718 0.027841 -0.003556 0.119754 -126.45623 -69.306801 143.181122 35.84787 -54.038517 22.238533 28.479906 0.14866 -0.130038 5.40941 10.378586 12.347495 17.620613 -26.257389 52.332901 -19.451265 -14.388402 29.391809 0.0036 -8.766019 0.000752 15.804247 -18.003353 6.222817 -0.599593 -1.791073 -3.902335 -4.816112 -11.053186 -2.931931 -0.012791 -20.977135 0.000293 -5.021808 -25.036909 -4.044413 0.001854 0.006569 -0.007663 -10.621048 -5.695835 -3.562345 10.568125 -17.904037 -3.119234 0.000121 -13.820333 -0.002394 -0.484755 -31.171825 -4.045486 -11.639185 -59.199905 7.789818 -13.964561 -7.146656 -2.88007 13.747574 -8.394368 -3.213615 0.341591 -34.168575 0.75362 -0.960877 -17.705086 2.602052 0.00251 0.003791 -0.000615 -17.326939 -20.097157 -4.216946 21.735785 -1.633504 3.876714 0.000538 -6.339273 -0.005499 -1.688013 -22.61017 -6.212814 -0.006509 -0.002925 0.002594 58.54509 -78.051498 135.942307 30.309654 -67.529907 2.706974 25.402456 -0.137327 0.159944 -1.816252 -3.500917 14.572113 22.191141 -20.360874 49.947872 -16.705345 -16.73922 28.478933 0.002471 -12.698312 0.013768 16.041265 -18.032909 2.650722 -0.102633 -1.514241 -4.274431 -5.041041 -5.615404 -2.948472 2.8e-05 -11.017773 -0.000757 -6.098236 -15.888666 -3.845594 -0.003854 -0.007663 -0.00026 -10.286091 -5.685457 -4.327265 11.035069 -11.301549 -2.397484 -1.391592 -14.252014 -6.316718 -0.635176 -26.960358 -3.82183 -4.513052 -49.714931 -3.848961 -13.714001 -7.368569 -3.714869 18.149818 -14.051334 -3.266033 -0.002286 -18.78968 0.008876 -0.439682 -8.458926 2.553613 -0.003114 0.018339 0.004391 -15.934804 -20.1106 -5.475821 30.443563 -7.19206 1.744613 -0.00613 -8.153504 -0.004914 -1.875298 -22.852163 -6.175591 0.001534 -0.007466 -0.004399 -176.1604 -2.320119 -6.072324 10.598648 -0.066793 0.218714 -83.026398 -6.461311 -7.059496 -4.539838 1.617099 2.180761 -0.999027 0.00289 0.000435 4.71595 -4.552634 0.677556 6.565864 -0.05149 0.179402 -80.479721 0.028037 -6.409324 -4.386425 0.574543 1.667416 -0.997485 8.8e-05 -3.2e-05 
0.0 0.0 0.0 0.0 -0.0 0.0 -1.29769 99.625252 1.018152 89.593048 0.137712 88.383034 -1.635089 0.928972 -0.127639 -11.464798 -0.262478 -0.654016 13.47232 -0.079853 -2.627898 20.700994 -2.921227 2.787653 -2.622432 -0.63789 1.229805 -28.759525 3.532804 -1.559865 -2e-05 -0.000873 0.0 0.009162 0.013739 0.123916 0.033479 0.02752 0.12872 0.032075 -0.004517 0.124948 -126.52121 -69.130493 143.284424 35.495129 -54.14674 22.311647 28.332735 0.171317 -0.088112 5.145113 10.108604 12.010623 17.653969 -26.290375 52.348164 -19.465351 -14.36983 29.398811 0.00192 -8.770118 -0.010813 15.780533 -17.987413 6.248212 -0.605717 -1.803165 -3.90769 -4.806805 -11.033429 -2.907285 0.00583 -20.963503 -0.0057 -5.022508 -25.017893 -4.036071 -0.00062 -0.001738 0.006796 -10.621726 -5.700812 -3.577606 10.56324 -17.906145 -3.094203 0.000659 -13.819772 0.002807 -0.494456 -31.186565 -4.027463 -11.730531 -59.277496 7.864928 -13.963745 -7.145806 -2.884705 13.752047 -8.399418 -3.208564 0.366048 -34.180126 0.773819 -0.956151 -17.724079 2.61939 0.002828 0.005331 0.003782 -17.318708 -20.086922 -4.21122 21.730419 -1.638567 3.874683 0.003872 -6.329439 -0.004443 -1.699434 -22.54455 -6.196142 -0.0 -0.003234 0.005529 57.950871 -77.802353 136.286942 29.98226 -67.351875 3.110923 25.319227 -0.11607 0.159142 -1.869744 -3.734249 14.295531 22.156954 -20.400133 49.951061 -16.683945 -16.734423 28.476017 0.008477 -12.670951 0.000793 16.006592 -18.062967 2.718595 -0.106017 -1.510176 -4.269107 -5.034026 -5.610989 -2.946975 0.005183 -11.019593 0.009937 -6.081121 -15.887197 -3.855722 -0.001628 0.006188 0.005949 -10.271929 -5.671555 -4.34557 11.012524 -11.297138 -2.365934 -1.386084 -14.23464 -6.313854 -0.645612 -26.939722 -3.810316 -4.559082 -49.774441 -3.840088 -13.688489 -7.346632 -3.716647 18.103128 -14.035437 -3.241346 0.002731 -18.773048 0.004677 -0.426565 -8.425264 2.573296 -0.00504 -0.010082 -0.008332 -15.895797 -20.077705 -5.474338 30.373842 -7.196777 1.734846 0.005785 -8.15994 0.001571 -1.847668 -22.847475 -6.155671 -0.00618 0.006766 -0.001366 -176.146576 -2.293667 -6.121256 10.634985 -0.061964 0.216171 -83.075363 -6.397301 -7.090001 -4.504649 1.611027 2.177471 -0.995022 -0.000192 -0.000434 4.687901 -4.604296 0.661918 6.687835 -0.04503 0.181117 -80.535332 0.094039 -6.452785 -4.356572 0.577944 1.670702 -1.000361 -4e-05 -0.000231 
0.0 0.0 0.0 0.0 -0.0 0.0 -1.275846 99.608215 1.040726 89.614449 0.159413 88.392784 -1.663546 0.938537 -0.13716 -11.458332 -0.260946 -0.641701 13.499521 -0.123188 -2.61974 20.685055 -2.920757 2.782468 -2.61841 -0.638265 1.210325 -28.579008 3.555265 -1.592026 0.003439 -5.8e-05 -0.0 0.005915 0.015233 0.13332 0.02774 0.031555 0.132154 0.029798 -0.005399 0.137324 -126.403229 -69.127434 143.129898 35.262848 -54.343784 22.395397 28.276361 0.192973 -0.137512 4.909633 9.809893 11.792209 17.604568 -26.311625 52.3675 -19.461296 -14.386474 29.387981 -0.005448 -8.771554 0.003105 15.75761 -17.970062 6.249949 -0.607388 -1.794572 -3.914623 -4.799223 -11.032827 -2.915377 0.002687 -20.943653 -0.003547 -5.019573 -25.004574 -4.032154 0.001403 0.000536 -0.003676 -10.616686 -5.670344 -3.570684 10.560122 -17.901808 -3.109223 0.00428 -13.793411 -0.002643 -0.504552 -31.142538 -4.010088 -11.713283 -59.232269 7.835821 -13.963031 -7.137768 -2.900986 13.752897 -8.395765 -3.199083 0.348236 -34.15797 0.769129 -0.980436 -17.687872 2.623899 -0.005935 -0.014765 -0.001683 -17.305696 -20.071201 -4.225559 21.714516 -1.644834 3.876404 0.008871 -6.327753 -0.001993 -1.684729 -22.53232 -6.182647 -0.002465 0.003583 0.010889 58.207172 -77.922951 136.245911 29.834503 -67.36586 3.356919 25.341896 -0.052254 0.142459 -1.934983 -3.953332 14.0706 22.176399 -20.314762 49.813732 -16.685219 -16.726736 28.406059 0.003548 -12.676099 -0.021 16.014536 -18.083443 2.696819 -0.096435 -1.512329 -4.271379 -5.039753 -5.608119 -2.936901 0.00278 -11.005327 9.2e-05 -6.098354 -15.878662 -3.851896 -0.00021 -0.000693 0.001807 -10.276372 -5.6779 -4.330185 11.01612 -11.285377 -2.376522 -1.38634 -14.227688 -6.290989 -0.622282 -26.85784 -3.820433 -4.556374 -49.662514 -3.833987 -13.70448 -7.355659 -3.708033 18.124083 -14.035708 -3.239381 0.001535 -18.741417 0.001507 -0.421832 -8.43319 2.551778 -0.001805 -0.002326 -0.012076 -15.9197 -20.082323 -5.466301 30.400736 -7.187148 1.752879 0.006377 -8.162201 -0.010468 -1.852423 -22.794352 -6.148389 0.001503 0.000879 -0.002423 -176.189957 -2.263951 -6.165897 10.800597 -0.070536 0.223445 -83.200378 -6.352757 -7.134543 -4.494037 1.606677 2.176629 -0.996312 0.00025 0.000517 4.618546 -4.66155 0.608104 6.899177 -0.050274 0.195848 -80.728485 0.153544 -6.531515 -4.333241 0.579962 1.672347 -1.001821 0.000274 -0.0 
0.0 0.0 0.0 0.0 -0.0 0.0 -1.273322 99.590752 1.06077 89.636116 0.162702 88.393478 -1.686625 0.948646 -0.124614 -11.46804 -0.260715 -0.634266 13.539261 -0.166781 -2.61289 20.664965 -2.936052 2.782563 -2.616853 -0.636107 1.212833 -28.449337 3.578606 -1.629119 -0.00141 7.1e-05 -0.000118 0.003727 0.017269 0.146199 0.034959 0.03391 0.146449 0.034565 -0.002269 0.153083 -126.449654 -68.939583 143.180344 34.877541 -54.358871 22.611557 28.318697 0.220366 -0.149742 4.678034 9.562025 11.569518 17.625881 -26.256952 52.3241 -19.45001 -14.380814 29.367481 -0.000362 -8.76572 -0.002458 15.778671 -17.948149 6.240813 -0.601757 -1.800677 -3.889273 -4.808547 -11.039124 -2.923412 0.007026 -20.964415 -0.00724 -5.01263 -25.002998 -4.052525 -0.003382 -0.015279 -0.0011 -10.621499 -5.679088 -3.546579 10.580626 -17.914356 -3.120489 0.00378 -13.813336 -0.010535 -0.496063 -31.146248 -4.025849 -11.681771 -59.319748 7.849364 -13.966284 -7.144864 -2.871215 13.760854 -8.39299 -3.230156 0.358823 -34.158245 0.783888 -0.96345 -17.702553 2.625142 -0.003026 -0.009152 0.002208 -17.313141 -20.078505 -4.201437 21.729614 -1.643996 3.859206 -0.002624 -6.332977 0.001422 -1.673033 -22.588503 -6.198036 -0.001945 0.000393 0.00778 58.004555 -77.875069 136.51683 29.768925 -67.379547 3.48151 25.363247 -0.078878 0.146389 -1.917509 -4.109074 13.867368 22.19916 -20.301176 49.807587 -16.68194 -16.713938 28.381403 -0.001681 -12.68162 -0.00332 16.013786 -18.078173 2.672961 -0.101881 -1.512906 -4.272899 -5.040334 -5.605094 -2.952824 -0.002028 -11.00589 0.01289 -6.115613 -15.876967 -3.840052 0.002607 -0.000243 -0.004649 -10.279671 -5.674868 -4.327392 11.027745 -11.289116 -2.383361 -1.391804 -14.229634 -6.299779 -0.612082 -26.907557 -3.843408 -4.566635 -49.786747 -3.853519 -13.704549 -7.357765 -3.706333 18.140253 -14.031101 -3.26338 0.001032 -18.776505 0.005874 -0.420076 -8.47569 2.562911 -0.003903 0.018981 0.003903 -15.919662 -20.080412 -5.449155 30.408449 -7.189527 1.722632 -0.007895 -8.148874 0.004217 -1.854153 -22.829344 -6.166638 -0.002848 -0.012137 -0.005269 -176.264725 -2.25174 -6.214688 10.973809 -0.065446 0.224181 -83.279259 -6.299689 -7.152198 -4.504376 1.604934 2.177448 -0.995817 -0.002568 -0.000539 4.483563 -4.712574 0.572712 7.178881 -0.049367 0.204541 -80.89698 0.216312 -6.591186 -4.341915 0.579158 1.672254 -0.997784 -0.000555 -7.8e-05 
0.0 0.0 0.0 0.0 -0.0 0.0 -1.256743 99.587616 1.062457 89.651886 0.160605 88.3974 -1.70739 0.956614 -0.132146 -11.474792 -0.255271 -0.598339 13.583366 -0.196993 -2.603175 20.635925 -2.961907 2.761459 -2.618488 -0.623775 1.220313 -28.352957 3.610483 -1.660128 9e-06 0.001064 -0.000218 -0.000757 0.017898 0.143247 0.030403 0.033017 0.143486 0.030092 -0.004351 0.150206 -126.437759 -68.858879 143.199448 34.755413 -54.430031 22.584091 28.404007 0.203535 -0.153619 4.522373 9.394927 11.44122 17.632273 -26.288324 52.341969 -19.4645 -14.426986 29.394211 0.001546 -8.788128 -0.005943 15.85702 -18.036533 6.251829 -0.61373 -1.798335 -3.895223 -4.80146 -11.040739 -2.915858 0.004462 -20.950672 -0.015735 -5.03185 -25.01569 -4.025861 0.002641 1e-05 0.005918 -10.63774 -5.682969 -3.577964 10.572132 -17.916059 -3.091426 -0.001685 -13.81249 0.014241 -0.51189 -31.149441 -4.009863 -11.807494 -59.378948 7.92205 -13.998706 -7.162531 -2.842475 13.801991 -8.374466 -3.241631 0.343701 -34.198921 0.756778 -0.98643 -17.710648 2.627199 0.004378 0.002208 0.001474 -17.349184 -20.078379 -4.189803 21.761869 -1.636216 3.856247 -0.008086 -6.340248 0.003716 -1.709159 -22.584572 -6.187943 -0.000775 -0.00579 -0.00633 57.990593 -77.891258 136.650223 29.734495 -67.409821 3.494244 25.401073 -0.070622 0.133865 -1.891841 -4.250324 13.766222 22.162748 -20.312176 49.877602 -16.678364 -16.726727 28.425484 0.008191 -12.684001 0.001129 16.029308 -18.071251 2.696707 -0.104659 -1.513827 -4.271122 -5.031489 -5.605034 -2.957378 0.004464 -11.010185 0.000462 -6.09577 -15.882123 -3.830636 -0.003313 -0.001408 -0.000575 -10.278797 -5.675831 -4.31959 11.024974 -11.28833 -2.385487 -1.375318 -14.223811 -6.315138 -0.613329 -26.890802 -3.831083 -4.523587 -49.73822 -3.844239 -13.704515 -7.35573 -3.713691 18.140354 -14.033424 -3.236351 0.008346 -18.777807 -0.032227 -0.433234 -8.447231 2.563993 0.005447 0.00389 0.003873 -15.914329 -20.076651 -5.464083 30.409679 -7.188056 1.731055 0.00603 -8.162536 0.012079 -1.857798 -22.831188 -6.168794 0.005582 0.005557 -0.006365 -176.273865 -2.224616 -6.249212 10.987233 -0.068302 0.227334 -83.282867 -6.263456 -7.156697 -4.520815 1.593571 2.173054 -0.996233 0.002621 0.000635 4.447444 -4.752868 0.492058 7.250914 -0.054715 0.225176 -80.840462 0.270246 -6.642686 -4.351792 0.568704 1.66697 -0.99694 -0.000221 5.7e-05 
0.0 0.0 0.0 0.0 -0.0 0.0 -1.266147 99.591026 1.035366 89.662125 0.174536 88.407295 -1.704171 0.96283 -0.140029 -11.460692 -0.249668 -0.557392 13.602084 -0.222469 -2.596031 20.602831 -2.979773 2.76355 -2.622427 -0.620076 1.198127 -28.30876 3.649163 -1.692033 0.001334 -0.001315 0.000505 -0.002894 0.012139 0.145423 0.046642 0.030138 0.144268 0.041708 -0.007009 0.148774 -126.500198 -68.782494 143.29892 34.625031 -54.435783 22.619884 28.526474 0.188192 -0.164321 4.39482 9.316875 11.28843 17.611942 -26.257359 52.304115 -19.480707 -14.409399 29.37731 -0.001248 -8.782129 0.00047 15.831477 -18.027321 6.251812 -0.597528 -1.798358 -3.871552 -4.803147 -11.041618 -2.930011 -0.006074 -20.969006 -0.003519 -5.009899 -25.03686 -4.022096 -0.001475 2.1e-05 0.002774 -10.626211 -5.687626 -3.531523 10.582307 -17.911392 -3.133598 0.004527 -13.821164 -0.00844 -0.503683 -31.177137 -4.014292 -11.815016 -59.475861 7.972934 -13.976733 -7.134524 -2.854181 13.783617 -8.412521 -3.206423 0.364623 -34.212505 0.751281 -0.969437 -17.719622 2.617361 -0.003707 -0.001975 0.004332 -17.333788 -20.079664 -4.177692 21.759661 -1.649463 3.858916 -0.002259 -6.334463 -0.012051 -1.679887 -22.583111 -6.211094 -0.003975 0.003631 0.009926 58.014584 -77.978355 136.859039 29.730421 -67.466988 3.546199 25.404749 -0.072444 0.105405 -1.799579 -4.317965 13.684875 22.168612 -20.336613 49.874622 -16.70355 -16.729347 28.438435 -0.004275 -12.67852 0.008235 16.005661 -18.004377 2.679509 -0.109747 -1.515677 -4.263262 -5.026971 -5.607452 -2.949611 0.007126 -11.024249 0.004204 -6.097046 -15.911734 -3.847782 0.003197 0.000296 -0.004935 -10.278185 -5.668951 -4.317175 11.030408 -11.296951 -2.373179 -1.370089 -14.212261 -6.31677 -0.598962 -26.876411 -3.81862 -4.464581 -49.694939 -3.837965 -13.705805 -7.350819 -3.713375 18.140429 -14.050076 -3.23747 0.011981 -18.775719 0.003134 -0.415785 -8.460025 2.554163 -0.007844 -0.001906 -0.004515 -15.906683 -20.073355 -5.455611 30.393864 -7.192204 1.722388 0.010838 -8.155162 0.001228 -1.844333 -22.835423 -6.161171 -0.004037 0.004091 -0.008442 -176.260727 -2.217665 -6.27688 10.956623 -0.069456 0.226458 -83.257141 -6.242381 -7.138017 -4.532063 1.600981 2.173895 -0.999943 -8.1e-05 0.000141 4.438629 -4.777296 0.40946 7.276805 -0.051851 0.234826 -80.837608 0.283547 -6.657013 -4.379208 0.561089 1.663339 -0.990164 -4.6e-05 -1.1e-05 
0.0 0.0 0.0 0.0 -0.0 0.0 -1.234919 99.604889 1.024582 89.671638 0.192789 88.427994 -1.682723 0.961324 -0.140627 -11.460388 -0.248177 -0.53338 13.632948 -0.241965 -2.572813 20.5604 -2.962179 2.7764 -2.632123 -0.629796 1.140078 -28.36352 3.691992 -1.696442 1.2e-05 0.001022 -8.8e-05 -0.007706 0.014114 0.140018 0.048812 0.029223 0.146172 0.040269 -0.0061 0.140255 -126.573341 -68.596527 143.411743 34.481857 -54.36264 22.640022 28.676498 0.135852 -0.175178 4.384336 9.329739 11.228698 17.638975 -26.29147 52.385082 -19.451372 -14.358294 29.352478 -0.006269 -8.755859 -0.002916 15.822495 -17.999195 6.266809 -0.609333 -1.803542 -3.885496 -4.792422 -11.026351 -2.937033 0.005816 -20.970448 -0.005089 -5.007153 -25.041578 -4.007789 0.005631 0.001693 -0.007054 -10.620522 -5.67884 -3.566971 10.558218 -17.900331 -3.096394 0.020107 -13.806376 -0.008827 -0.502282 -31.173082 -4.005526 -11.825625 -59.465199 7.955033 -13.959342 -7.136053 -2.860894 13.745357 -8.39672 -3.231381 0.382244 -34.185032 0.774155 -0.954645 -17.729132 2.613984 -0.010507 -0.005083 0.002229 -17.31785 -20.062302 -4.191753 21.721014 -1.638827 3.854877 6.4e-05 -6.325881 0.003387 -1.678633 -22.528532 -6.166401 -0.005169 -0.002749 0.010997 57.910915 -77.874413 136.973953 29.768698 -67.360558 3.510815 25.386692 -0.075365 0.100513 -1.706732 -4.342242 13.715417 22.200256 -20.355881 49.928726 -16.696779 -16.749815 28.465136 -0.011259 -12.694788 0.008554 15.972351 -17.956747 2.717555 -0.112859 -1.515372 -4.260584 -5.035344 -5.614381 -2.944695 0.002849 -11.028086 -0.008623 -6.124783 -15.907226 -3.837582 0.000557 -0.00585 0.001305 -10.293004 -5.680175 -4.316509 11.039493 -11.311976 -2.368894 -1.381539 -14.251019 -6.329436 -0.636019 -26.956585 -3.809369 -4.494949 -49.979275 -3.875112 -13.718185 -7.36091 -3.707886 18.157181 -14.068298 -3.246553 0.002246 -18.799545 0.011888 -0.432172 -8.4593 2.554049 0.0 -0.009952 -0.003897 -15.933237 -20.10438 -5.467911 30.440022 -7.211 1.74561 -0.00562 -8.157316 0.00847 -1.840191 -22.88483 -6.171809 -0.007119 -0.00159 -0.0053 -176.134048 -2.172595 -6.301332 10.71522 -0.076979 0.235983 -83.032204 -6.234259 -7.063039 -4.536031 1.621401 2.185977 -0.998957 -0.000412 -0.000445 4.590121 -4.802875 0.385705 7.022241 -0.045659 0.234472 -80.619637 0.234571 -6.670727 -4.397873 0.551524 1.660852 -0.996908 4e-06 -2.8e-05 
0.0 0.0 0.0 0.0 -0.0 0.0 -1.236823 99.631546 0.971099 89.667679 0.199094 88.479591 -1.647829 0.968804 -0.129379 -11.467678 -0.257522 -0.545601 13.661425 -0.26021 -2.549447 20.50466 -2.963636 2.804787 -2.638113 -0.603647 1.054181 -28.390564 3.744096 -1.661088 0.003473 0.001051 -7.5e-05 -0.004692 0.007079 0.11842 0.046301 0.022506 0.126524 0.032906 -0.010927 0.113779 -126.60157 -68.472069 143.40416 34.27927 -54.260948 22.620481 28.898825 0.065496 -0.218764 4.355724 9.369135 11.084598 17.604269 -26.282545 52.330116 -19.436569 -14.401411 29.397156 0.002149 -8.768703 -0.002438 15.808377 -18.064819 6.271654 -0.59797 -1.790338 -3.881685 -4.796048 -11.031826 -2.92682 0.011028 -20.950624 0.013248 -5.008738 -24.995169 -4.012865 -0.001651 -0.011842 -0.006127 -10.617406 -5.664476 -3.570513 10.565203 -17.910076 -3.081475 0.009517 -13.798793 0.003847 -0.497586 -31.107124 -4.004838 -11.924639 -59.380325 8.012327 -13.95692 -7.137187 -2.859955 13.767191 -8.385924 -3.223222 0.351998 -34.223751 0.778157 -0.967621 -17.751373 2.61149 0.007711 0.0 -0.002334 -17.317638 -20.053421 -4.19486 21.731844 -1.637916 3.872674 0.00081 -6.325115 -0.002627 -1.707442 -22.548388 -6.157713 -0.000707 0.007138 0.002753 57.964558 -77.859657 136.944916 29.817141 -67.332069 3.535019 25.368538 -0.089091 0.060599 -1.663238 -4.314075 13.794648 22.192745 -20.33984 49.868126 -16.693102 -16.729616 28.431515 -0.000872 -12.689735 0.002296 15.982196 -17.945002 2.721591 -0.099438 -1.514811 -4.270816 -5.040644 -5.613274 -2.945411 -0.00344 -11.016697 -0.00443 -6.119307 -15.891269 -3.824202 0.006502 0.001122 -0.010518 -10.273858 -5.679129 -4.332161 11.018229 -11.309007 -2.371848 -1.384885 -14.249322 -6.315763 -0.618792 -26.953943 -3.827817 -4.486867 -50.05447 -3.865437 -13.703704 -7.36098 -3.703586 18.129572 -14.044609 -3.249311 0.002395 -18.771679 -0.005911 -0.422798 -8.448707 2.549526 -0.004542 -0.002467 0.000529 -15.922438 -20.090267 -5.457255 30.410046 -7.187366 1.741266 -0.006369 -8.153634 -0.010838 -1.857879 -22.829355 -6.1565 0.002001 -0.00811 -0.0 -176.020264 -2.16205 -6.239899 10.418568 -0.074635 0.241156 -82.939896 -6.25587 -7.053097 -4.591931 1.65717 2.1898 -0.992022 -0.002209 0.000305 4.760082 -4.784091 0.396058 6.691338 -0.032446 0.242607 -80.506187 0.107418 -6.664491 -4.459267 0.545629 1.660659 -0.997908 0.000764 0.000143 
0.0 0.0 0.0 0.0 -0.0 0.0 -1.266099 99.643814 0.925979 89.65416 0.194236 88.52269 -1.631025 0.977327 -0.122441 -11.457056 -0.275063 -0.550423 13.692327 -0.254646 -2.540583 20.440622 -2.980073 2.825569 -2.612055 -0.566154 0.972157 -28.462267 3.797769 -1.614653 0.001997 -0.000334 -0.00012 5.5e-05 -0.002646 0.083867 0.044193 0.014719 0.092638 0.029686 -0.022294 0.07774 -126.70401 -68.274033 143.482147 34.086597 -54.075001 22.675127 29.135612 -0.014269 -0.262027 4.38654 9.378669 10.99664 17.6082 -26.233433 52.295589 -19.423029 -14.364967 29.353329 0.008286 -8.767862 -0.006007 15.779428 -18.073315 6.274781 -0.607511 -1.791918 -3.884298 -4.810877 -11.029831 -2.941858 -0.025716 -20.941238 0.002886 -5.043641 -25.01417 -4.033639 0.002008 -0.002264 -0.005229 -10.614097 -5.68444 -3.547821 10.556849 -17.879349 -3.137959 -0.008075 -13.803333 0.014107 -0.509747 -31.121119 -4.038894 -11.801264 -59.415092 7.907095 -13.958652 -7.144896 -2.896997 13.747325 -8.384897 -3.197775 0.321044 -34.182285 0.769341 -0.954539 -17.704908 2.613096 -0.006813 0.002529 0.004545 -17.323799 -20.073353 -4.187615 21.731558 -1.62244 3.858475 -0.00831 -6.325666 -0.004767 -1.706653 -22.520281 -6.186166 -0.003048 0.0 0.010935 57.702206 -77.754234 137.116776 29.83831 -67.183594 3.602952 25.355707 -0.057983 0.057722 -1.638571 -4.286176 13.858953 22.149361 -20.344814 49.896938 -16.685139 -16.725594 28.449617 0.002988 -12.678895 0.010328 15.974795 -17.917238 2.753665 -0.114763 -1.516472 -4.282359 -5.028465 -5.611271 -2.934667 0.001062 -11.01083 -0.012884 -6.102055 -15.877634 -3.824861 0.001317 0.000523 -0.00629 -10.283161 -5.684196 -4.328373 11.025429 -11.295292 -2.389849 -1.385625 -14.234058 -6.306266 -0.630201 -26.931021 -3.816861 -4.452562 -50.007198 -3.872264 -13.706115 -7.365439 -3.709017 18.12661 -14.030199 -3.233897 -0.001474 -18.768009 -0.012658 -0.432797 -8.445493 2.545493 -0.003623 -0.006514 0.014576 -15.918929 -20.092541 -5.460896 30.398045 -7.177779 1.729684 -0.00016 -8.154313 -0.010102 -1.845352 -22.853527 -6.159351 -0.000485 0.00059 0.001383 -176.044159 -2.196598 -6.218344 10.381157 -0.075827 0.238787 -82.895454 -6.207906 -7.06122 -4.615676 1.703104 2.20443 -0.99651 0.000887 0.001301 4.791567 -4.751727 0.417662 6.584665 -0.036548 0.2495 -80.492935 0.003258 -6.635481 -4.529663 0.555924 1.666076 -0.99793 0.000368 -3.5e-05 
